"ISO3","Area","UN Region","EBRD Region","Element","Item","Unit","Group","sector","agrifood","Year","value"
NA,"World",NA,NA,"Emissions per capita","Farm gate","t/cap","Agrifood systems","no","yes",1992,1.22
NA,"World",NA,NA,"Emissions per capita","Farm gate","t/cap","Agrifood systems","no","yes",1993,1.19
NA,"World",NA,NA,"Emissions per capita","Farm gate","t/cap","Agrifood systems","no","yes",1994,1.19
NA,"World",NA,NA,"Emissions per capita","Farm gate","t/cap","Agrifood systems","no","yes",1995,1.18
NA,"World",NA,NA,"Emissions per capita","Farm gate","t/cap","Agrifood systems","no","yes",1996,1.17
NA,"World",NA,NA,"Emissions per capita","Farm gate","t/cap","Agrifood systems","no","yes",1997,1.14
NA,"World",NA,NA,"Emissions per capita","Farm gate","t/cap","Agrifood systems","no","yes",1998,1.13
NA,"World",NA,NA,"Emissions per capita","Farm gate","t/cap","Agrifood systems","no","yes",1999,1.13
NA,"World",NA,NA,"Emissions per capita","Farm gate","t/cap","Agrifood systems","no","yes",2000,1.11
NA,"World",NA,NA,"Emissions per capita","Farm gate","t/cap","Agrifood systems","no","yes",2001,1.1
NA,"World",NA,NA,"Emissions per capita","Farm gate","t/cap","Agrifood systems","no","yes",2002,1.08
NA,"World",NA,NA,"Emissions per capita","Farm gate","t/cap","Agrifood systems","no","yes",2003,1.08
NA,"World",NA,NA,"Emissions per capita","Farm gate","t/cap","Agrifood systems","no","yes",2004,1.09
NA,"World",NA,NA,"Emissions per capita","Farm gate","t/cap","Agrifood systems","no","yes",2005,1.08
NA,"World",NA,NA,"Emissions per capita","Farm gate","t/cap","Agrifood systems","no","yes",2006,1.08
NA,"World",NA,NA,"Emissions per capita","Farm gate","t/cap","Agrifood systems","no","yes",2007,1.08
NA,"World",NA,NA,"Emissions per capita","Farm gate","t/cap","Agrifood systems","no","yes",2008,1.07
NA,"World",NA,NA,"Emissions per capita","Farm gate","t/cap","Agrifood systems","no","yes",2009,1.05
NA,"World",NA,NA,"Emissions per capita","Farm gate","t/cap","Agrifood systems","no","yes",2010,1.05
NA,"World",NA,NA,"Emissions per capita","Farm gate","t/cap","Agrifood systems","no","yes",2011,1.06
NA,"World",NA,NA,"Emissions per capita","Farm gate","t/cap","Agrifood systems","no","yes",2012,1.05
NA,"World",NA,NA,"Emissions per capita","Farm gate","t/cap","Agrifood systems","no","yes",2013,1.04
NA,"World",NA,NA,"Emissions per capita","Farm gate","t/cap","Agrifood systems","no","yes",2014,1.03
NA,"World",NA,NA,"Emissions per capita","Farm gate","t/cap","Agrifood systems","no","yes",2015,1.02
NA,"World",NA,NA,"Emissions per capita","Farm gate","t/cap","Agrifood systems","no","yes",2016,1.01
NA,"World",NA,NA,"Emissions per capita","Farm gate","t/cap","Agrifood systems","no","yes",2017,1.02
NA,"World",NA,NA,"Emissions per capita","Farm gate","t/cap","Agrifood systems","no","yes",2018,1
NA,"World",NA,NA,"Emissions per capita","Farm gate","t/cap","Agrifood systems","no","yes",2019,0.99
NA,"World",NA,NA,"Emissions per capita","Farm gate","t/cap","Agrifood systems","no","yes",2020,0.99
NA,"World",NA,NA,"Emissions per capita","Farm gate","t/cap","Agrifood systems","no","yes",2021,0.99
NA,"World",NA,NA,"Emissions per capita","Farm gate","t/cap","Agrifood systems","no","yes",2022,0.98
NA,"World",NA,NA,"Emissions per value of agricultural production","Farm gate","kg/Int$","Agrifood systems","no","yes",1992,3.2
NA,"World",NA,NA,"Emissions per value of agricultural production","Farm gate","kg/Int$","Agrifood systems","no","yes",1993,3.12
NA,"World",NA,NA,"Emissions per value of agricultural production","Farm gate","kg/Int$","Agrifood systems","no","yes",1994,2.97
NA,"World",NA,NA,"Emissions per value of agricultural production","Farm gate","kg/Int$","Agrifood systems","no","yes",1995,2.95
NA,"World",NA,NA,"Emissions per value of agricultural production","Farm gate","kg/Int$","Agrifood systems","no","yes",1996,2.85
NA,"World",NA,NA,"Emissions per value of agricultural production","Farm gate","kg/Int$","Agrifood systems","no","yes",1997,2.76
NA,"World",NA,NA,"Emissions per value of agricultural production","Farm gate","kg/Int$","Agrifood systems","no","yes",1998,2.73
NA,"World",NA,NA,"Emissions per value of agricultural production","Farm gate","kg/Int$","Agrifood systems","no","yes",1999,2.66
NA,"World",NA,NA,"Emissions per value of agricultural production","Farm gate","kg/Int$","Agrifood systems","no","yes",2000,2.61
NA,"World",NA,NA,"Emissions per value of agricultural production","Farm gate","kg/Int$","Agrifood systems","no","yes",2001,2.57
NA,"World",NA,NA,"Emissions per value of agricultural production","Farm gate","kg/Int$","Agrifood systems","no","yes",2002,2.54
NA,"World",NA,NA,"Emissions per value of agricultural production","Farm gate","kg/Int$","Agrifood systems","no","yes",2003,2.49
NA,"World",NA,NA,"Emissions per value of agricultural production","Farm gate","kg/Int$","Agrifood systems","no","yes",2004,2.43
NA,"World",NA,NA,"Emissions per value of agricultural production","Farm gate","kg/Int$","Agrifood systems","no","yes",2005,2.41
NA,"World",NA,NA,"Emissions per value of agricultural production","Farm gate","kg/Int$","Agrifood systems","no","yes",2006,2.39
NA,"World",NA,NA,"Emissions per value of agricultural production","Farm gate","kg/Int$","Agrifood systems","no","yes",2007,2.34
NA,"World",NA,NA,"Emissions per value of agricultural production","Farm gate","kg/Int$","Agrifood systems","no","yes",2008,2.26
NA,"World",NA,NA,"Emissions per value of agricultural production","Farm gate","kg/Int$","Agrifood systems","no","yes",2009,2.24
NA,"World",NA,NA,"Emissions per value of agricultural production","Farm gate","kg/Int$","Agrifood systems","no","yes",2010,2.2
NA,"World",NA,NA,"Emissions per value of agricultural production","Farm gate","kg/Int$","Agrifood systems","no","yes",2011,2.17
NA,"World",NA,NA,"Emissions per value of agricultural production","Farm gate","kg/Int$","Agrifood systems","no","yes",2012,2.16
NA,"World",NA,NA,"Emissions per value of agricultural production","Farm gate","kg/Int$","Agrifood systems","no","yes",2013,2.07
NA,"World",NA,NA,"Emissions per value of agricultural production","Farm gate","kg/Int$","Agrifood systems","no","yes",2014,2.05
NA,"World",NA,NA,"Emissions per value of agricultural production","Farm gate","kg/Int$","Agrifood systems","no","yes",2015,2.02
NA,"World",NA,NA,"Emissions per value of agricultural production","Farm gate","kg/Int$","Agrifood systems","no","yes",2016,2
NA,"World",NA,NA,"Emissions per value of agricultural production","Farm gate","kg/Int$","Agrifood systems","no","yes",2017,1.98
NA,"World",NA,NA,"Emissions per value of agricultural production","Farm gate","kg/Int$","Agrifood systems","no","yes",2018,1.96
NA,"World",NA,NA,"Emissions per value of agricultural production","Farm gate","kg/Int$","Agrifood systems","no","yes",2019,1.93
NA,"World",NA,NA,"Emissions per value of agricultural production","Farm gate","kg/Int$","Agrifood systems","no","yes",2020,1.92
NA,"World",NA,NA,"Emissions per value of agricultural production","Farm gate","kg/Int$","Agrifood systems","no","yes",2021,1.89
NA,"World",NA,NA,"Emissions per value of agricultural production","Farm gate","kg/Int$","Agrifood systems","no","yes",2022,1.88
NA,"World",NA,NA,"Emissions per area of agricultural land","Farm gate","t/ha","Agrifood systems","no","yes",1992,1.39
NA,"World",NA,NA,"Emissions per area of agricultural land","Farm gate","t/ha","Agrifood systems","no","yes",1993,1.38
NA,"World",NA,NA,"Emissions per area of agricultural land","Farm gate","t/ha","Agrifood systems","no","yes",1994,1.39
NA,"World",NA,NA,"Emissions per area of agricultural land","Farm gate","t/ha","Agrifood systems","no","yes",1995,1.41
NA,"World",NA,NA,"Emissions per area of agricultural land","Farm gate","t/ha","Agrifood systems","no","yes",1996,1.41
NA,"World",NA,NA,"Emissions per area of agricultural land","Farm gate","t/ha","Agrifood systems","no","yes",1997,1.39
NA,"World",NA,NA,"Emissions per area of agricultural land","Farm gate","t/ha","Agrifood systems","no","yes",1998,1.4
NA,"World",NA,NA,"Emissions per area of agricultural land","Farm gate","t/ha","Agrifood systems","no","yes",1999,1.4
NA,"World",NA,NA,"Emissions per area of agricultural land","Farm gate","t/ha","Agrifood systems","no","yes",2000,1.4
NA,"World",NA,NA,"Emissions per area of agricultural land","Farm gate","t/ha","Agrifood systems","no","yes",2001,1.4
NA,"World",NA,NA,"Emissions per area of agricultural land","Farm gate","t/ha","Agrifood systems","no","yes",2002,1.41
NA,"World",NA,NA,"Emissions per area of agricultural land","Farm gate","t/ha","Agrifood systems","no","yes",2003,1.42
NA,"World",NA,NA,"Emissions per area of agricultural land","Farm gate","t/ha","Agrifood systems","no","yes",2004,1.46
NA,"World",NA,NA,"Emissions per area of agricultural land","Farm gate","t/ha","Agrifood systems","no","yes",2005,1.47
NA,"World",NA,NA,"Emissions per area of agricultural land","Farm gate","t/ha","Agrifood systems","no","yes",2006,1.49
NA,"World",NA,NA,"Emissions per area of agricultural land","Farm gate","t/ha","Agrifood systems","no","yes",2007,1.51
NA,"World",NA,NA,"Emissions per area of agricultural land","Farm gate","t/ha","Agrifood systems","no","yes",2008,1.52
NA,"World",NA,NA,"Emissions per area of agricultural land","Farm gate","t/ha","Agrifood systems","no","yes",2009,1.51
NA,"World",NA,NA,"Emissions per area of agricultural land","Farm gate","t/ha","Agrifood systems","no","yes",2010,1.53
NA,"World",NA,NA,"Emissions per area of agricultural land","Farm gate","t/ha","Agrifood systems","no","yes",2011,1.56
NA,"World",NA,NA,"Emissions per area of agricultural land","Farm gate","t/ha","Agrifood systems","no","yes",2012,1.57
NA,"World",NA,NA,"Emissions per area of agricultural land","Farm gate","t/ha","Agrifood systems","no","yes",2013,1.57
NA,"World",NA,NA,"Emissions per area of agricultural land","Farm gate","t/ha","Agrifood systems","no","yes",2014,1.58
NA,"World",NA,NA,"Emissions per area of agricultural land","Farm gate","t/ha","Agrifood systems","no","yes",2015,1.58
NA,"World",NA,NA,"Emissions per area of agricultural land","Farm gate","t/ha","Agrifood systems","no","yes",2016,1.6
NA,"World",NA,NA,"Emissions per area of agricultural land","Farm gate","t/ha","Agrifood systems","no","yes",2017,1.61
NA,"World",NA,NA,"Emissions per area of agricultural land","Farm gate","t/ha","Agrifood systems","no","yes",2018,1.61
NA,"World",NA,NA,"Emissions per area of agricultural land","Farm gate","t/ha","Agrifood systems","no","yes",2019,1.61
NA,"World",NA,NA,"Emissions per area of agricultural land","Farm gate","t/ha","Agrifood systems","no","yes",2020,1.63
NA,"World",NA,NA,"Emissions per area of agricultural land","Farm gate","t/ha","Agrifood systems","no","yes",2021,1.64
NA,"World",NA,NA,"Emissions per area of agricultural land","Farm gate","t/ha","Agrifood systems","no","yes",2022,1.64
NA,"World",NA,NA,"Emissions per capita","Land Use change","t/cap","Agrifood systems","no","yes",1992,0.85
NA,"World",NA,NA,"Emissions per capita","Land Use change","t/cap","Agrifood systems","no","yes",1993,0.84
NA,"World",NA,NA,"Emissions per capita","Land Use change","t/cap","Agrifood systems","no","yes",1994,0.83
NA,"World",NA,NA,"Emissions per capita","Land Use change","t/cap","Agrifood systems","no","yes",1995,0.81
NA,"World",NA,NA,"Emissions per capita","Land Use change","t/cap","Agrifood systems","no","yes",1996,0.77
NA,"World",NA,NA,"Emissions per capita","Land Use change","t/cap","Agrifood systems","no","yes",1997,0.92
NA,"World",NA,NA,"Emissions per capita","Land Use change","t/cap","Agrifood systems","no","yes",1998,0.79
NA,"World",NA,NA,"Emissions per capita","Land Use change","t/cap","Agrifood systems","no","yes",1999,0.75
NA,"World",NA,NA,"Emissions per capita","Land Use change","t/cap","Agrifood systems","no","yes",2000,0.72
NA,"World",NA,NA,"Emissions per capita","Land Use change","t/cap","Agrifood systems","no","yes",2001,0.61
NA,"World",NA,NA,"Emissions per capita","Land Use change","t/cap","Agrifood systems","no","yes",2002,0.69
NA,"World",NA,NA,"Emissions per capita","Land Use change","t/cap","Agrifood systems","no","yes",2003,0.63
NA,"World",NA,NA,"Emissions per capita","Land Use change","t/cap","Agrifood systems","no","yes",2004,0.68
NA,"World",NA,NA,"Emissions per capita","Land Use change","t/cap","Agrifood systems","no","yes",2005,0.63
NA,"World",NA,NA,"Emissions per capita","Land Use change","t/cap","Agrifood systems","no","yes",2006,0.67
NA,"World",NA,NA,"Emissions per capita","Land Use change","t/cap","Agrifood systems","no","yes",2007,0.58
NA,"World",NA,NA,"Emissions per capita","Land Use change","t/cap","Agrifood systems","no","yes",2008,0.57
NA,"World",NA,NA,"Emissions per capita","Land Use change","t/cap","Agrifood systems","no","yes",2009,0.62
NA,"World",NA,NA,"Emissions per capita","Land Use change","t/cap","Agrifood systems","no","yes",2010,0.56
NA,"World",NA,NA,"Emissions per capita","Land Use change","t/cap","Agrifood systems","no","yes",2011,0.52
NA,"World",NA,NA,"Emissions per capita","Land Use change","t/cap","Agrifood systems","no","yes",2012,0.51
NA,"World",NA,NA,"Emissions per capita","Land Use change","t/cap","Agrifood systems","no","yes",2013,0.5
NA,"World",NA,NA,"Emissions per capita","Land Use change","t/cap","Agrifood systems","no","yes",2014,0.54
NA,"World",NA,NA,"Emissions per capita","Land Use change","t/cap","Agrifood systems","no","yes",2015,0.54
NA,"World",NA,NA,"Emissions per capita","Land Use change","t/cap","Agrifood systems","no","yes",2016,0.42
NA,"World",NA,NA,"Emissions per capita","Land Use change","t/cap","Agrifood systems","no","yes",2017,0.41
NA,"World",NA,NA,"Emissions per capita","Land Use change","t/cap","Agrifood systems","no","yes",2018,0.43
NA,"World",NA,NA,"Emissions per capita","Land Use change","t/cap","Agrifood systems","no","yes",2019,0.46
NA,"World",NA,NA,"Emissions per capita","Land Use change","t/cap","Agrifood systems","no","yes",2020,0.4
NA,"World",NA,NA,"Emissions per capita","Land Use change","t/cap","Agrifood systems","no","yes",2021,0.39
NA,"World",NA,NA,"Emissions per capita","Land Use change","t/cap","Agrifood systems","no","yes",2022,0.38
NA,"World",NA,NA,"Emissions per capita","Pre- and Post- Production","t/cap","Agrifood systems","no","yes",1992,0.53
NA,"World",NA,NA,"Emissions per capita","Pre- and Post- Production","t/cap","Agrifood systems","no","yes",1993,0.53
NA,"World",NA,NA,"Emissions per capita","Pre- and Post- Production","t/cap","Agrifood systems","no","yes",1994,0.53
NA,"World",NA,NA,"Emissions per capita","Pre- and Post- Production","t/cap","Agrifood systems","no","yes",1995,0.55
NA,"World",NA,NA,"Emissions per capita","Pre- and Post- Production","t/cap","Agrifood systems","no","yes",1996,0.56
NA,"World",NA,NA,"Emissions per capita","Pre- and Post- Production","t/cap","Agrifood systems","no","yes",1997,0.56
NA,"World",NA,NA,"Emissions per capita","Pre- and Post- Production","t/cap","Agrifood systems","no","yes",1998,0.56
NA,"World",NA,NA,"Emissions per capita","Pre- and Post- Production","t/cap","Agrifood systems","no","yes",1999,0.56
NA,"World",NA,NA,"Emissions per capita","Pre- and Post- Production","t/cap","Agrifood systems","no","yes",2000,0.57
NA,"World",NA,NA,"Emissions per capita","Pre- and Post- Production","t/cap","Agrifood systems","no","yes",2001,0.58
NA,"World",NA,NA,"Emissions per capita","Pre- and Post- Production","t/cap","Agrifood systems","no","yes",2002,0.58
NA,"World",NA,NA,"Emissions per capita","Pre- and Post- Production","t/cap","Agrifood systems","no","yes",2003,0.59
NA,"World",NA,NA,"Emissions per capita","Pre- and Post- Production","t/cap","Agrifood systems","no","yes",2004,0.61
NA,"World",NA,NA,"Emissions per capita","Pre- and Post- Production","t/cap","Agrifood systems","no","yes",2005,0.61
NA,"World",NA,NA,"Emissions per capita","Pre- and Post- Production","t/cap","Agrifood systems","no","yes",2006,0.62
NA,"World",NA,NA,"Emissions per capita","Pre- and Post- Production","t/cap","Agrifood systems","no","yes",2007,0.64
NA,"World",NA,NA,"Emissions per capita","Pre- and Post- Production","t/cap","Agrifood systems","no","yes",2008,0.64
NA,"World",NA,NA,"Emissions per capita","Pre- and Post- Production","t/cap","Agrifood systems","no","yes",2009,0.63
NA,"World",NA,NA,"Emissions per capita","Pre- and Post- Production","t/cap","Agrifood systems","no","yes",2010,0.65
NA,"World",NA,NA,"Emissions per capita","Pre- and Post- Production","t/cap","Agrifood systems","no","yes",2011,0.66
NA,"World",NA,NA,"Emissions per capita","Pre- and Post- Production","t/cap","Agrifood systems","no","yes",2012,0.66
NA,"World",NA,NA,"Emissions per capita","Pre- and Post- Production","t/cap","Agrifood systems","no","yes",2013,0.68
NA,"World",NA,NA,"Emissions per capita","Pre- and Post- Production","t/cap","Agrifood systems","no","yes",2014,0.67
NA,"World",NA,NA,"Emissions per capita","Pre- and Post- Production","t/cap","Agrifood systems","no","yes",2015,0.67
NA,"World",NA,NA,"Emissions per capita","Pre- and Post- Production","t/cap","Agrifood systems","no","yes",2016,0.67
NA,"World",NA,NA,"Emissions per capita","Pre- and Post- Production","t/cap","Agrifood systems","no","yes",2017,0.67
NA,"World",NA,NA,"Emissions per capita","Pre- and Post- Production","t/cap","Agrifood systems","no","yes",2018,0.67
NA,"World",NA,NA,"Emissions per capita","Pre- and Post- Production","t/cap","Agrifood systems","no","yes",2019,0.66
NA,"World",NA,NA,"Emissions per capita","Pre- and Post- Production","t/cap","Agrifood systems","no","yes",2020,0.65
NA,"World",NA,NA,"Emissions per capita","Pre- and Post- Production","t/cap","Agrifood systems","no","yes",2021,0.67
NA,"World",NA,NA,"Emissions per capita","Pre- and Post- Production","t/cap","Agrifood systems","no","yes",2022,0.67
NA,"World",NA,NA,"Emissions per capita","Agrifood systems","t/cap","FAO aggregates","no","no",1992,2.6
NA,"World",NA,NA,"Emissions per capita","Agrifood systems","t/cap","FAO aggregates","no","no",1993,2.56
NA,"World",NA,NA,"Emissions per capita","Agrifood systems","t/cap","FAO aggregates","no","no",1994,2.54
NA,"World",NA,NA,"Emissions per capita","Agrifood systems","t/cap","FAO aggregates","no","no",1995,2.55
NA,"World",NA,NA,"Emissions per capita","Agrifood systems","t/cap","FAO aggregates","no","no",1996,2.5
NA,"World",NA,NA,"Emissions per capita","Agrifood systems","t/cap","FAO aggregates","no","no",1997,2.63
NA,"World",NA,NA,"Emissions per capita","Agrifood systems","t/cap","FAO aggregates","no","no",1998,2.49
NA,"World",NA,NA,"Emissions per capita","Agrifood systems","t/cap","FAO aggregates","no","no",1999,2.44
NA,"World",NA,NA,"Emissions per capita","Agrifood systems","t/cap","FAO aggregates","no","no",2000,2.4
NA,"World",NA,NA,"Emissions per capita","Agrifood systems","t/cap","FAO aggregates","no","no",2001,2.29
NA,"World",NA,NA,"Emissions per capita","Agrifood systems","t/cap","FAO aggregates","no","no",2002,2.35
NA,"World",NA,NA,"Emissions per capita","Agrifood systems","t/cap","FAO aggregates","no","no",2003,2.3
NA,"World",NA,NA,"Emissions per capita","Agrifood systems","t/cap","FAO aggregates","no","no",2004,2.37
NA,"World",NA,NA,"Emissions per capita","Agrifood systems","t/cap","FAO aggregates","no","no",2005,2.32
NA,"World",NA,NA,"Emissions per capita","Agrifood systems","t/cap","FAO aggregates","no","no",2006,2.38
NA,"World",NA,NA,"Emissions per capita","Agrifood systems","t/cap","FAO aggregates","no","no",2007,2.3
NA,"World",NA,NA,"Emissions per capita","Agrifood systems","t/cap","FAO aggregates","no","no",2008,2.27
NA,"World",NA,NA,"Emissions per capita","Agrifood systems","t/cap","FAO aggregates","no","no",2009,2.3
NA,"World",NA,NA,"Emissions per capita","Agrifood systems","t/cap","FAO aggregates","no","no",2010,2.26
NA,"World",NA,NA,"Emissions per capita","Agrifood systems","t/cap","FAO aggregates","no","no",2011,2.24
NA,"World",NA,NA,"Emissions per capita","Agrifood systems","t/cap","FAO aggregates","no","no",2012,2.23
NA,"World",NA,NA,"Emissions per capita","Agrifood systems","t/cap","FAO aggregates","no","no",2013,2.22
NA,"World",NA,NA,"Emissions per capita","Agrifood systems","t/cap","FAO aggregates","no","no",2014,2.25
NA,"World",NA,NA,"Emissions per capita","Agrifood systems","t/cap","FAO aggregates","no","no",2015,2.23
NA,"World",NA,NA,"Emissions per capita","Agrifood systems","t/cap","FAO aggregates","no","no",2016,2.11
NA,"World",NA,NA,"Emissions per capita","Agrifood systems","t/cap","FAO aggregates","no","no",2017,2.1
NA,"World",NA,NA,"Emissions per capita","Agrifood systems","t/cap","FAO aggregates","no","no",2018,2.1
NA,"World",NA,NA,"Emissions per capita","Agrifood systems","t/cap","FAO aggregates","no","no",2019,2.11
NA,"World",NA,NA,"Emissions per capita","Agrifood systems","t/cap","FAO aggregates","no","no",2020,2.05
NA,"World",NA,NA,"Emissions per capita","Agrifood systems","t/cap","FAO aggregates","no","no",2021,2.06
NA,"World",NA,NA,"Emissions per capita","Agrifood systems","t/cap","FAO aggregates","no","no",2022,2.04
NA,"World",NA,NA,"Emissions per capita","Emissions on agricultural land","t/cap","FAO aggregates","no","no",1992,2.07
NA,"World",NA,NA,"Emissions per capita","Emissions on agricultural land","t/cap","FAO aggregates","no","no",1993,2.03
NA,"World",NA,NA,"Emissions per capita","Emissions on agricultural land","t/cap","FAO aggregates","no","no",1994,2.01
NA,"World",NA,NA,"Emissions per capita","Emissions on agricultural land","t/cap","FAO aggregates","no","no",1995,2
NA,"World",NA,NA,"Emissions per capita","Emissions on agricultural land","t/cap","FAO aggregates","no","no",1996,1.94
NA,"World",NA,NA,"Emissions per capita","Emissions on agricultural land","t/cap","FAO aggregates","no","no",1997,2.07
NA,"World",NA,NA,"Emissions per capita","Emissions on agricultural land","t/cap","FAO aggregates","no","no",1998,1.93
NA,"World",NA,NA,"Emissions per capita","Emissions on agricultural land","t/cap","FAO aggregates","no","no",1999,1.88
NA,"World",NA,NA,"Emissions per capita","Emissions on agricultural land","t/cap","FAO aggregates","no","no",2000,1.83
NA,"World",NA,NA,"Emissions per capita","Emissions on agricultural land","t/cap","FAO aggregates","no","no",2001,1.71
NA,"World",NA,NA,"Emissions per capita","Emissions on agricultural land","t/cap","FAO aggregates","no","no",2002,1.77
NA,"World",NA,NA,"Emissions per capita","Emissions on agricultural land","t/cap","FAO aggregates","no","no",2003,1.7
NA,"World",NA,NA,"Emissions per capita","Emissions on agricultural land","t/cap","FAO aggregates","no","no",2004,1.77
NA,"World",NA,NA,"Emissions per capita","Emissions on agricultural land","t/cap","FAO aggregates","no","no",2005,1.71
NA,"World",NA,NA,"Emissions per capita","Emissions on agricultural land","t/cap","FAO aggregates","no","no",2006,1.76
NA,"World",NA,NA,"Emissions per capita","Emissions on agricultural land","t/cap","FAO aggregates","no","no",2007,1.66
NA,"World",NA,NA,"Emissions per capita","Emissions on agricultural land","t/cap","FAO aggregates","no","no",2008,1.63
NA,"World",NA,NA,"Emissions per capita","Emissions on agricultural land","t/cap","FAO aggregates","no","no",2009,1.67
NA,"World",NA,NA,"Emissions per capita","Emissions on agricultural land","t/cap","FAO aggregates","no","no",2010,1.61
NA,"World",NA,NA,"Emissions per capita","Emissions on agricultural land","t/cap","FAO aggregates","no","no",2011,1.58
NA,"World",NA,NA,"Emissions per capita","Emissions on agricultural land","t/cap","FAO aggregates","no","no",2012,1.57
NA,"World",NA,NA,"Emissions per capita","Emissions on agricultural land","t/cap","FAO aggregates","no","no",2013,1.54
NA,"World",NA,NA,"Emissions per capita","Emissions on agricultural land","t/cap","FAO aggregates","no","no",2014,1.58
NA,"World",NA,NA,"Emissions per capita","Emissions on agricultural land","t/cap","FAO aggregates","no","no",2015,1.56
NA,"World",NA,NA,"Emissions per capita","Emissions on agricultural land","t/cap","FAO aggregates","no","no",2016,1.44
NA,"World",NA,NA,"Emissions per capita","Emissions on agricultural land","t/cap","FAO aggregates","no","no",2017,1.43
NA,"World",NA,NA,"Emissions per capita","Emissions on agricultural land","t/cap","FAO aggregates","no","no",2018,1.43
NA,"World",NA,NA,"Emissions per capita","Emissions on agricultural land","t/cap","FAO aggregates","no","no",2019,1.45
NA,"World",NA,NA,"Emissions per capita","Emissions on agricultural land","t/cap","FAO aggregates","no","no",2020,1.4
NA,"World",NA,NA,"Emissions per capita","Emissions on agricultural land","t/cap","FAO aggregates","no","no",2021,1.38
NA,"World",NA,NA,"Emissions per capita","Emissions on agricultural land","t/cap","FAO aggregates","no","no",2022,1.37
NA,"World",NA,NA,"Emissions per value of agricultural production","Emissions on agricultural land","kg/Int$","FAO aggregates","no","no",1992,5.43
NA,"World",NA,NA,"Emissions per value of agricultural production","Emissions on agricultural land","kg/Int$","FAO aggregates","no","no",1993,5.32
NA,"World",NA,NA,"Emissions per value of agricultural production","Emissions on agricultural land","kg/Int$","FAO aggregates","no","no",1994,5.04
NA,"World",NA,NA,"Emissions per value of agricultural production","Emissions on agricultural land","kg/Int$","FAO aggregates","no","no",1995,4.99
NA,"World",NA,NA,"Emissions per value of agricultural production","Emissions on agricultural land","kg/Int$","FAO aggregates","no","no",1996,4.71
NA,"World",NA,NA,"Emissions per value of agricultural production","Emissions on agricultural land","kg/Int$","FAO aggregates","no","no",1997,4.99
NA,"World",NA,NA,"Emissions per value of agricultural production","Emissions on agricultural land","kg/Int$","FAO aggregates","no","no",1998,4.62
NA,"World",NA,NA,"Emissions per value of agricultural production","Emissions on agricultural land","kg/Int$","FAO aggregates","no","no",1999,4.42
NA,"World",NA,NA,"Emissions per value of agricultural production","Emissions on agricultural land","kg/Int$","FAO aggregates","no","no",2000,4.28
NA,"World",NA,NA,"Emissions per value of agricultural production","Emissions on agricultural land","kg/Int$","FAO aggregates","no","no",2001,4.01
NA,"World",NA,NA,"Emissions per value of agricultural production","Emissions on agricultural land","kg/Int$","FAO aggregates","no","no",2002,4.15
NA,"World",NA,NA,"Emissions per value of agricultural production","Emissions on agricultural land","kg/Int$","FAO aggregates","no","no",2003,3.94
NA,"World",NA,NA,"Emissions per value of agricultural production","Emissions on agricultural land","kg/Int$","FAO aggregates","no","no",2004,3.95
NA,"World",NA,NA,"Emissions per value of agricultural production","Emissions on agricultural land","kg/Int$","FAO aggregates","no","no",2005,3.8
NA,"World",NA,NA,"Emissions per value of agricultural production","Emissions on agricultural land","kg/Int$","FAO aggregates","no","no",2006,3.88
NA,"World",NA,NA,"Emissions per value of agricultural production","Emissions on agricultural land","kg/Int$","FAO aggregates","no","no",2007,3.61
NA,"World",NA,NA,"Emissions per value of agricultural production","Emissions on agricultural land","kg/Int$","FAO aggregates","no","no",2008,3.47
NA,"World",NA,NA,"Emissions per value of agricultural production","Emissions on agricultural land","kg/Int$","FAO aggregates","no","no",2009,3.56
NA,"World",NA,NA,"Emissions per value of agricultural production","Emissions on agricultural land","kg/Int$","FAO aggregates","no","no",2010,3.39
NA,"World",NA,NA,"Emissions per value of agricultural production","Emissions on agricultural land","kg/Int$","FAO aggregates","no","no",2011,3.24
NA,"World",NA,NA,"Emissions per value of agricultural production","Emissions on agricultural land","kg/Int$","FAO aggregates","no","no",2012,3.22
NA,"World",NA,NA,"Emissions per value of agricultural production","Emissions on agricultural land","kg/Int$","FAO aggregates","no","no",2013,3.08
NA,"World",NA,NA,"Emissions per value of agricultural production","Emissions on agricultural land","kg/Int$","FAO aggregates","no","no",2014,3.13
NA,"World",NA,NA,"Emissions per value of agricultural production","Emissions on agricultural land","kg/Int$","FAO aggregates","no","no",2015,3.09
NA,"World",NA,NA,"Emissions per value of agricultural production","Emissions on agricultural land","kg/Int$","FAO aggregates","no","no",2016,2.84
NA,"World",NA,NA,"Emissions per value of agricultural production","Emissions on agricultural land","kg/Int$","FAO aggregates","no","no",2017,2.78
NA,"World",NA,NA,"Emissions per value of agricultural production","Emissions on agricultural land","kg/Int$","FAO aggregates","no","no",2018,2.79
NA,"World",NA,NA,"Emissions per value of agricultural production","Emissions on agricultural land","kg/Int$","FAO aggregates","no","no",2019,2.82
NA,"World",NA,NA,"Emissions per value of agricultural production","Emissions on agricultural land","kg/Int$","FAO aggregates","no","no",2020,2.7
NA,"World",NA,NA,"Emissions per value of agricultural production","Emissions on agricultural land","kg/Int$","FAO aggregates","no","no",2021,2.63
NA,"World",NA,NA,"Emissions per value of agricultural production","Emissions on agricultural land","kg/Int$","FAO aggregates","no","no",2022,2.62
NA,"World",NA,NA,"Emissions per area of agricultural land","Emissions on agricultural land","t/ha","FAO aggregates","no","no",1992,2.36
NA,"World",NA,NA,"Emissions per area of agricultural land","Emissions on agricultural land","t/ha","FAO aggregates","no","no",1993,2.35
NA,"World",NA,NA,"Emissions per area of agricultural land","Emissions on agricultural land","t/ha","FAO aggregates","no","no",1994,2.36
NA,"World",NA,NA,"Emissions per area of agricultural land","Emissions on agricultural land","t/ha","FAO aggregates","no","no",1995,2.38
NA,"World",NA,NA,"Emissions per area of agricultural land","Emissions on agricultural land","t/ha","FAO aggregates","no","no",1996,2.34
NA,"World",NA,NA,"Emissions per area of agricultural land","Emissions on agricultural land","t/ha","FAO aggregates","no","no",1997,2.52
NA,"World",NA,NA,"Emissions per area of agricultural land","Emissions on agricultural land","t/ha","FAO aggregates","no","no",1998,2.37
NA,"World",NA,NA,"Emissions per area of agricultural land","Emissions on agricultural land","t/ha","FAO aggregates","no","no",1999,2.34
NA,"World",NA,NA,"Emissions per area of agricultural land","Emissions on agricultural land","t/ha","FAO aggregates","no","no",2000,2.31
NA,"World",NA,NA,"Emissions per area of agricultural land","Emissions on agricultural land","t/ha","FAO aggregates","no","no",2001,2.19
NA,"World",NA,NA,"Emissions per area of agricultural land","Emissions on agricultural land","t/ha","FAO aggregates","no","no",2002,2.3
NA,"World",NA,NA,"Emissions per area of agricultural land","Emissions on agricultural land","t/ha","FAO aggregates","no","no",2003,2.25
NA,"World",NA,NA,"Emissions per area of agricultural land","Emissions on agricultural land","t/ha","FAO aggregates","no","no",2004,2.38
NA,"World",NA,NA,"Emissions per area of agricultural land","Emissions on agricultural land","t/ha","FAO aggregates","no","no",2005,2.33
NA,"World",NA,NA,"Emissions per area of agricultural land","Emissions on agricultural land","t/ha","FAO aggregates","no","no",2006,2.42
NA,"World",NA,NA,"Emissions per area of agricultural land","Emissions on agricultural land","t/ha","FAO aggregates","no","no",2007,2.32
NA,"World",NA,NA,"Emissions per area of agricultural land","Emissions on agricultural land","t/ha","FAO aggregates","no","no",2008,2.32
NA,"World",NA,NA,"Emissions per area of agricultural land","Emissions on agricultural land","t/ha","FAO aggregates","no","no",2009,2.41
NA,"World",NA,NA,"Emissions per area of agricultural land","Emissions on agricultural land","t/ha","FAO aggregates","no","no",2010,2.35
NA,"World",NA,NA,"Emissions per area of agricultural land","Emissions on agricultural land","t/ha","FAO aggregates","no","no",2011,2.32
NA,"World",NA,NA,"Emissions per area of agricultural land","Emissions on agricultural land","t/ha","FAO aggregates","no","no",2012,2.33
NA,"World",NA,NA,"Emissions per area of agricultural land","Emissions on agricultural land","t/ha","FAO aggregates","no","no",2013,2.33
NA,"World",NA,NA,"Emissions per area of agricultural land","Emissions on agricultural land","t/ha","FAO aggregates","no","no",2014,2.41
NA,"World",NA,NA,"Emissions per area of agricultural land","Emissions on agricultural land","t/ha","FAO aggregates","no","no",2015,2.43
NA,"World",NA,NA,"Emissions per area of agricultural land","Emissions on agricultural land","t/ha","FAO aggregates","no","no",2016,2.26
NA,"World",NA,NA,"Emissions per area of agricultural land","Emissions on agricultural land","t/ha","FAO aggregates","no","no",2017,2.26
NA,"World",NA,NA,"Emissions per area of agricultural land","Emissions on agricultural land","t/ha","FAO aggregates","no","no",2018,2.3
NA,"World",NA,NA,"Emissions per area of agricultural land","Emissions on agricultural land","t/ha","FAO aggregates","no","no",2019,2.35
NA,"World",NA,NA,"Emissions per area of agricultural land","Emissions on agricultural land","t/ha","FAO aggregates","no","no",2020,2.29
NA,"World",NA,NA,"Emissions per area of agricultural land","Emissions on agricultural land","t/ha","FAO aggregates","no","no",2021,2.28
NA,"World",NA,NA,"Emissions per area of agricultural land","Emissions on agricultural land","t/ha","FAO aggregates","no","no",2022,2.28
NA,"World",NA,NA,"Emissions per capita","Crops","t/cap","FAO aggregates","no","no",1992,0.1
NA,"World",NA,NA,"Emissions per capita","Crops","t/cap","FAO aggregates","no","no",1993,0.1
NA,"World",NA,NA,"Emissions per capita","Crops","t/cap","FAO aggregates","no","no",1994,0.1
NA,"World",NA,NA,"Emissions per capita","Crops","t/cap","FAO aggregates","no","no",1995,0.1
NA,"World",NA,NA,"Emissions per capita","Crops","t/cap","FAO aggregates","no","no",1996,0.11
NA,"World",NA,NA,"Emissions per capita","Crops","t/cap","FAO aggregates","no","no",1997,0.1
NA,"World",NA,NA,"Emissions per capita","Crops","t/cap","FAO aggregates","no","no",1998,0.1
NA,"World",NA,NA,"Emissions per capita","Crops","t/cap","FAO aggregates","no","no",1999,0.11
NA,"World",NA,NA,"Emissions per capita","Crops","t/cap","FAO aggregates","no","no",2000,0.1
NA,"World",NA,NA,"Emissions per capita","Crops","t/cap","FAO aggregates","no","no",2001,0.1
NA,"World",NA,NA,"Emissions per capita","Crops","t/cap","FAO aggregates","no","no",2002,0.1
NA,"World",NA,NA,"Emissions per capita","Crops","t/cap","FAO aggregates","no","no",2003,0.1
NA,"World",NA,NA,"Emissions per capita","Crops","t/cap","FAO aggregates","no","no",2004,0.1
NA,"World",NA,NA,"Emissions per capita","Crops","t/cap","FAO aggregates","no","no",2005,0.1
NA,"World",NA,NA,"Emissions per capita","Crops","t/cap","FAO aggregates","no","no",2006,0.1
NA,"World",NA,NA,"Emissions per capita","Crops","t/cap","FAO aggregates","no","no",2007,0.11
NA,"World",NA,NA,"Emissions per capita","Crops","t/cap","FAO aggregates","no","no",2008,0.11
NA,"World",NA,NA,"Emissions per capita","Crops","t/cap","FAO aggregates","no","no",2009,0.11
NA,"World",NA,NA,"Emissions per capita","Crops","t/cap","FAO aggregates","no","no",2010,0.11
NA,"World",NA,NA,"Emissions per capita","Crops","t/cap","FAO aggregates","no","no",2011,0.11
NA,"World",NA,NA,"Emissions per capita","Crops","t/cap","FAO aggregates","no","no",2012,0.11
NA,"World",NA,NA,"Emissions per capita","Crops","t/cap","FAO aggregates","no","no",2013,0.11
NA,"World",NA,NA,"Emissions per capita","Crops","t/cap","FAO aggregates","no","no",2014,0.11
NA,"World",NA,NA,"Emissions per capita","Crops","t/cap","FAO aggregates","no","no",2015,0.11
NA,"World",NA,NA,"Emissions per capita","Crops","t/cap","FAO aggregates","no","no",2016,0.11
NA,"World",NA,NA,"Emissions per capita","Crops","t/cap","FAO aggregates","no","no",2017,0.11
NA,"World",NA,NA,"Emissions per capita","Crops","t/cap","FAO aggregates","no","no",2018,0.11
NA,"World",NA,NA,"Emissions per capita","Crops","t/cap","FAO aggregates","no","no",2019,0.11
NA,"World",NA,NA,"Emissions per capita","Crops","t/cap","FAO aggregates","no","no",2020,0.11
NA,"World",NA,NA,"Emissions per capita","Crops","t/cap","FAO aggregates","no","no",2021,0.11
NA,"World",NA,NA,"Emissions per capita","Crops","t/cap","FAO aggregates","no","no",2022,0.1
NA,"World",NA,NA,"Emissions per capita","Livestock","t/cap","FAO aggregates","no","no",1992,0.65
NA,"World",NA,NA,"Emissions per capita","Livestock","t/cap","FAO aggregates","no","no",1993,0.64
NA,"World",NA,NA,"Emissions per capita","Livestock","t/cap","FAO aggregates","no","no",1994,0.64
NA,"World",NA,NA,"Emissions per capita","Livestock","t/cap","FAO aggregates","no","no",1995,0.63
NA,"World",NA,NA,"Emissions per capita","Livestock","t/cap","FAO aggregates","no","no",1996,0.62
NA,"World",NA,NA,"Emissions per capita","Livestock","t/cap","FAO aggregates","no","no",1997,0.6
NA,"World",NA,NA,"Emissions per capita","Livestock","t/cap","FAO aggregates","no","no",1998,0.59
NA,"World",NA,NA,"Emissions per capita","Livestock","t/cap","FAO aggregates","no","no",1999,0.59
NA,"World",NA,NA,"Emissions per capita","Livestock","t/cap","FAO aggregates","no","no",2000,0.58
NA,"World",NA,NA,"Emissions per capita","Livestock","t/cap","FAO aggregates","no","no",2001,0.58
NA,"World",NA,NA,"Emissions per capita","Livestock","t/cap","FAO aggregates","no","no",2002,0.58
NA,"World",NA,NA,"Emissions per capita","Livestock","t/cap","FAO aggregates","no","no",2003,0.57
NA,"World",NA,NA,"Emissions per capita","Livestock","t/cap","FAO aggregates","no","no",2004,0.57
NA,"World",NA,NA,"Emissions per capita","Livestock","t/cap","FAO aggregates","no","no",2005,0.57
NA,"World",NA,NA,"Emissions per capita","Livestock","t/cap","FAO aggregates","no","no",2006,0.57
NA,"World",NA,NA,"Emissions per capita","Livestock","t/cap","FAO aggregates","no","no",2007,0.57
NA,"World",NA,NA,"Emissions per capita","Livestock","t/cap","FAO aggregates","no","no",2008,0.57
NA,"World",NA,NA,"Emissions per capita","Livestock","t/cap","FAO aggregates","no","no",2009,0.56
NA,"World",NA,NA,"Emissions per capita","Livestock","t/cap","FAO aggregates","no","no",2010,0.56
NA,"World",NA,NA,"Emissions per capita","Livestock","t/cap","FAO aggregates","no","no",2011,0.55
NA,"World",NA,NA,"Emissions per capita","Livestock","t/cap","FAO aggregates","no","no",2012,0.55
NA,"World",NA,NA,"Emissions per capita","Livestock","t/cap","FAO aggregates","no","no",2013,0.54
NA,"World",NA,NA,"Emissions per capita","Livestock","t/cap","FAO aggregates","no","no",2014,0.54
NA,"World",NA,NA,"Emissions per capita","Livestock","t/cap","FAO aggregates","no","no",2015,0.54
NA,"World",NA,NA,"Emissions per capita","Livestock","t/cap","FAO aggregates","no","no",2016,0.54
NA,"World",NA,NA,"Emissions per capita","Livestock","t/cap","FAO aggregates","no","no",2017,0.54
NA,"World",NA,NA,"Emissions per capita","Livestock","t/cap","FAO aggregates","no","no",2018,0.53
NA,"World",NA,NA,"Emissions per capita","Livestock","t/cap","FAO aggregates","no","no",2019,0.53
NA,"World",NA,NA,"Emissions per capita","Livestock","t/cap","FAO aggregates","no","no",2020,0.53
NA,"World",NA,NA,"Emissions per capita","Livestock","t/cap","FAO aggregates","no","no",2021,0.53
NA,"World",NA,NA,"Emissions per capita","Livestock","t/cap","FAO aggregates","no","no",2022,0.53
NA,"World",NA,NA,"Emissions per capita","AFOLU","t/cap","IPCC aggregates","no","no",1992,1.3
NA,"World",NA,NA,"Emissions per capita","AFOLU","t/cap","IPCC aggregates","no","no",1993,1.28
NA,"World",NA,NA,"Emissions per capita","AFOLU","t/cap","IPCC aggregates","no","no",1994,1.27
NA,"World",NA,NA,"Emissions per capita","AFOLU","t/cap","IPCC aggregates","no","no",1995,1.26
NA,"World",NA,NA,"Emissions per capita","AFOLU","t/cap","IPCC aggregates","no","no",1996,1.21
NA,"World",NA,NA,"Emissions per capita","AFOLU","t/cap","IPCC aggregates","no","no",1997,1.35
NA,"World",NA,NA,"Emissions per capita","AFOLU","t/cap","IPCC aggregates","no","no",1998,1.23
NA,"World",NA,NA,"Emissions per capita","AFOLU","t/cap","IPCC aggregates","no","no",1999,1.19
NA,"World",NA,NA,"Emissions per capita","AFOLU","t/cap","IPCC aggregates","no","no",2000,1.15
NA,"World",NA,NA,"Emissions per capita","AFOLU","t/cap","IPCC aggregates","no","no",2001,1.08
NA,"World",NA,NA,"Emissions per capita","AFOLU","t/cap","IPCC aggregates","no","no",2002,1.16
NA,"World",NA,NA,"Emissions per capita","AFOLU","t/cap","IPCC aggregates","no","no",2003,1.1
NA,"World",NA,NA,"Emissions per capita","AFOLU","t/cap","IPCC aggregates","no","no",2004,1.16
NA,"World",NA,NA,"Emissions per capita","AFOLU","t/cap","IPCC aggregates","no","no",2005,1.11
NA,"World",NA,NA,"Emissions per capita","AFOLU","t/cap","IPCC aggregates","no","no",2006,1.16
NA,"World",NA,NA,"Emissions per capita","AFOLU","t/cap","IPCC aggregates","no","no",2007,1.07
NA,"World",NA,NA,"Emissions per capita","AFOLU","t/cap","IPCC aggregates","no","no",2008,1.05
NA,"World",NA,NA,"Emissions per capita","AFOLU","t/cap","IPCC aggregates","no","no",2009,1.1
NA,"World",NA,NA,"Emissions per capita","AFOLU","t/cap","IPCC aggregates","no","no",2010,1.05
NA,"World",NA,NA,"Emissions per capita","AFOLU","t/cap","IPCC aggregates","no","no",2011,0.9
NA,"World",NA,NA,"Emissions per capita","AFOLU","t/cap","IPCC aggregates","no","no",2012,0.9
NA,"World",NA,NA,"Emissions per capita","AFOLU","t/cap","IPCC aggregates","no","no",2013,0.87
NA,"World",NA,NA,"Emissions per capita","AFOLU","t/cap","IPCC aggregates","no","no",2014,0.91
NA,"World",NA,NA,"Emissions per capita","AFOLU","t/cap","IPCC aggregates","no","no",2015,0.91
NA,"World",NA,NA,"Emissions per capita","AFOLU","t/cap","IPCC aggregates","no","no",2016,0.97
NA,"World",NA,NA,"Emissions per capita","AFOLU","t/cap","IPCC aggregates","no","no",2017,0.96
NA,"World",NA,NA,"Emissions per capita","AFOLU","t/cap","IPCC aggregates","no","no",2018,0.97
NA,"World",NA,NA,"Emissions per capita","AFOLU","t/cap","IPCC aggregates","no","no",2019,1
NA,"World",NA,NA,"Emissions per capita","AFOLU","t/cap","IPCC aggregates","no","no",2020,0.95
NA,"World",NA,NA,"Emissions per capita","AFOLU","t/cap","IPCC aggregates","no","no",2021,0.94
NA,"World",NA,NA,"Emissions per capita","AFOLU","t/cap","IPCC aggregates","no","no",2022,0.93
NA,"World",NA,NA,"Emissions per capita","Agriculture","t/cap","IPCC aggregates","yes","no",1992,0.93
NA,"World",NA,NA,"Emissions per capita","Agriculture","t/cap","IPCC aggregates","yes","no",1993,0.91
NA,"World",NA,NA,"Emissions per capita","Agriculture","t/cap","IPCC aggregates","yes","no",1994,0.91
NA,"World",NA,NA,"Emissions per capita","Agriculture","t/cap","IPCC aggregates","yes","no",1995,0.9
NA,"World",NA,NA,"Emissions per capita","Agriculture","t/cap","IPCC aggregates","yes","no",1996,0.9
NA,"World",NA,NA,"Emissions per capita","Agriculture","t/cap","IPCC aggregates","yes","no",1997,0.87
NA,"World",NA,NA,"Emissions per capita","Agriculture","t/cap","IPCC aggregates","yes","no",1998,0.87
NA,"World",NA,NA,"Emissions per capita","Agriculture","t/cap","IPCC aggregates","yes","no",1999,0.87
NA,"World",NA,NA,"Emissions per capita","Agriculture","t/cap","IPCC aggregates","yes","no",2000,0.85
NA,"World",NA,NA,"Emissions per capita","Agriculture","t/cap","IPCC aggregates","yes","no",2001,0.84
NA,"World",NA,NA,"Emissions per capita","Agriculture","t/cap","IPCC aggregates","yes","no",2002,0.84
NA,"World",NA,NA,"Emissions per capita","Agriculture","t/cap","IPCC aggregates","yes","no",2003,0.83
NA,"World",NA,NA,"Emissions per capita","Agriculture","t/cap","IPCC aggregates","yes","no",2004,0.84
NA,"World",NA,NA,"Emissions per capita","Agriculture","t/cap","IPCC aggregates","yes","no",2005,0.83
NA,"World",NA,NA,"Emissions per capita","Agriculture","t/cap","IPCC aggregates","yes","no",2006,0.83
NA,"World",NA,NA,"Emissions per capita","Agriculture","t/cap","IPCC aggregates","yes","no",2007,0.83
NA,"World",NA,NA,"Emissions per capita","Agriculture","t/cap","IPCC aggregates","yes","no",2008,0.82
NA,"World",NA,NA,"Emissions per capita","Agriculture","t/cap","IPCC aggregates","yes","no",2009,0.81
NA,"World",NA,NA,"Emissions per capita","Agriculture","t/cap","IPCC aggregates","yes","no",2010,0.81
NA,"World",NA,NA,"Emissions per capita","Agriculture","t/cap","IPCC aggregates","yes","no",2011,0.82
NA,"World",NA,NA,"Emissions per capita","Agriculture","t/cap","IPCC aggregates","yes","no",2012,0.81
NA,"World",NA,NA,"Emissions per capita","Agriculture","t/cap","IPCC aggregates","yes","no",2013,0.79
NA,"World",NA,NA,"Emissions per capita","Agriculture","t/cap","IPCC aggregates","yes","no",2014,0.79
NA,"World",NA,NA,"Emissions per capita","Agriculture","t/cap","IPCC aggregates","yes","no",2015,0.79
NA,"World",NA,NA,"Emissions per capita","Agriculture","t/cap","IPCC aggregates","yes","no",2016,0.78
NA,"World",NA,NA,"Emissions per capita","Agriculture","t/cap","IPCC aggregates","yes","no",2017,0.78
NA,"World",NA,NA,"Emissions per capita","Agriculture","t/cap","IPCC aggregates","yes","no",2018,0.77
NA,"World",NA,NA,"Emissions per capita","Agriculture","t/cap","IPCC aggregates","yes","no",2019,0.76
NA,"World",NA,NA,"Emissions per capita","Agriculture","t/cap","IPCC aggregates","yes","no",2020,0.77
NA,"World",NA,NA,"Emissions per capita","Agriculture","t/cap","IPCC aggregates","yes","no",2021,0.77
NA,"World",NA,NA,"Emissions per capita","Agriculture","t/cap","IPCC aggregates","yes","no",2022,0.76
NA,"World",NA,NA,"Emissions per value of agricultural production","Agriculture","kg/Int$","IPCC aggregates","yes","no",1992,2.45
NA,"World",NA,NA,"Emissions per value of agricultural production","Agriculture","kg/Int$","IPCC aggregates","yes","no",1993,2.4
NA,"World",NA,NA,"Emissions per value of agricultural production","Agriculture","kg/Int$","IPCC aggregates","yes","no",1994,2.28
NA,"World",NA,NA,"Emissions per value of agricultural production","Agriculture","kg/Int$","IPCC aggregates","yes","no",1995,2.26
NA,"World",NA,NA,"Emissions per value of agricultural production","Agriculture","kg/Int$","IPCC aggregates","yes","no",1996,2.18
NA,"World",NA,NA,"Emissions per value of agricultural production","Agriculture","kg/Int$","IPCC aggregates","yes","no",1997,2.1
NA,"World",NA,NA,"Emissions per value of agricultural production","Agriculture","kg/Int$","IPCC aggregates","yes","no",1998,2.08
NA,"World",NA,NA,"Emissions per value of agricultural production","Agriculture","kg/Int$","IPCC aggregates","yes","no",1999,2.04
NA,"World",NA,NA,"Emissions per value of agricultural production","Agriculture","kg/Int$","IPCC aggregates","yes","no",2000,2
NA,"World",NA,NA,"Emissions per value of agricultural production","Agriculture","kg/Int$","IPCC aggregates","yes","no",2001,1.97
NA,"World",NA,NA,"Emissions per value of agricultural production","Agriculture","kg/Int$","IPCC aggregates","yes","no",2002,1.97
NA,"World",NA,NA,"Emissions per value of agricultural production","Agriculture","kg/Int$","IPCC aggregates","yes","no",2003,1.92
NA,"World",NA,NA,"Emissions per value of agricultural production","Agriculture","kg/Int$","IPCC aggregates","yes","no",2004,1.87
NA,"World",NA,NA,"Emissions per value of agricultural production","Agriculture","kg/Int$","IPCC aggregates","yes","no",2005,1.85
NA,"World",NA,NA,"Emissions per value of agricultural production","Agriculture","kg/Int$","IPCC aggregates","yes","no",2006,1.84
NA,"World",NA,NA,"Emissions per value of agricultural production","Agriculture","kg/Int$","IPCC aggregates","yes","no",2007,1.81
NA,"World",NA,NA,"Emissions per value of agricultural production","Agriculture","kg/Int$","IPCC aggregates","yes","no",2008,1.75
NA,"World",NA,NA,"Emissions per value of agricultural production","Agriculture","kg/Int$","IPCC aggregates","yes","no",2009,1.73
NA,"World",NA,NA,"Emissions per value of agricultural production","Agriculture","kg/Int$","IPCC aggregates","yes","no",2010,1.7
NA,"World",NA,NA,"Emissions per value of agricultural production","Agriculture","kg/Int$","IPCC aggregates","yes","no",2011,1.68
NA,"World",NA,NA,"Emissions per value of agricultural production","Agriculture","kg/Int$","IPCC aggregates","yes","no",2012,1.67
NA,"World",NA,NA,"Emissions per value of agricultural production","Agriculture","kg/Int$","IPCC aggregates","yes","no",2013,1.59
NA,"World",NA,NA,"Emissions per value of agricultural production","Agriculture","kg/Int$","IPCC aggregates","yes","no",2014,1.57
NA,"World",NA,NA,"Emissions per value of agricultural production","Agriculture","kg/Int$","IPCC aggregates","yes","no",2015,1.55
NA,"World",NA,NA,"Emissions per value of agricultural production","Agriculture","kg/Int$","IPCC aggregates","yes","no",2016,1.54
NA,"World",NA,NA,"Emissions per value of agricultural production","Agriculture","kg/Int$","IPCC aggregates","yes","no",2017,1.52
NA,"World",NA,NA,"Emissions per value of agricultural production","Agriculture","kg/Int$","IPCC aggregates","yes","no",2018,1.5
NA,"World",NA,NA,"Emissions per value of agricultural production","Agriculture","kg/Int$","IPCC aggregates","yes","no",2019,1.48
NA,"World",NA,NA,"Emissions per value of agricultural production","Agriculture","kg/Int$","IPCC aggregates","yes","no",2020,1.49
NA,"World",NA,NA,"Emissions per value of agricultural production","Agriculture","kg/Int$","IPCC aggregates","yes","no",2021,1.46
NA,"World",NA,NA,"Emissions per value of agricultural production","Agriculture","kg/Int$","IPCC aggregates","yes","no",2022,1.46
NA,"World",NA,NA,"Emissions per area of agricultural land","Agriculture","t/ha","IPCC aggregates","yes","no",1992,1.06
NA,"World",NA,NA,"Emissions per area of agricultural land","Agriculture","t/ha","IPCC aggregates","yes","no",1993,1.06
NA,"World",NA,NA,"Emissions per area of agricultural land","Agriculture","t/ha","IPCC aggregates","yes","no",1994,1.06
NA,"World",NA,NA,"Emissions per area of agricultural land","Agriculture","t/ha","IPCC aggregates","yes","no",1995,1.08
NA,"World",NA,NA,"Emissions per area of agricultural land","Agriculture","t/ha","IPCC aggregates","yes","no",1996,1.08
NA,"World",NA,NA,"Emissions per area of agricultural land","Agriculture","t/ha","IPCC aggregates","yes","no",1997,1.06
NA,"World",NA,NA,"Emissions per area of agricultural land","Agriculture","t/ha","IPCC aggregates","yes","no",1998,1.07
NA,"World",NA,NA,"Emissions per area of agricultural land","Agriculture","t/ha","IPCC aggregates","yes","no",1999,1.08
NA,"World",NA,NA,"Emissions per area of agricultural land","Agriculture","t/ha","IPCC aggregates","yes","no",2000,1.08
NA,"World",NA,NA,"Emissions per area of agricultural land","Agriculture","t/ha","IPCC aggregates","yes","no",2001,1.08
NA,"World",NA,NA,"Emissions per area of agricultural land","Agriculture","t/ha","IPCC aggregates","yes","no",2002,1.09
NA,"World",NA,NA,"Emissions per area of agricultural land","Agriculture","t/ha","IPCC aggregates","yes","no",2003,1.1
NA,"World",NA,NA,"Emissions per area of agricultural land","Agriculture","t/ha","IPCC aggregates","yes","no",2004,1.13
NA,"World",NA,NA,"Emissions per area of agricultural land","Agriculture","t/ha","IPCC aggregates","yes","no",2005,1.13
NA,"World",NA,NA,"Emissions per area of agricultural land","Agriculture","t/ha","IPCC aggregates","yes","no",2006,1.15
NA,"World",NA,NA,"Emissions per area of agricultural land","Agriculture","t/ha","IPCC aggregates","yes","no",2007,1.17
NA,"World",NA,NA,"Emissions per area of agricultural land","Agriculture","t/ha","IPCC aggregates","yes","no",2008,1.17
NA,"World",NA,NA,"Emissions per area of agricultural land","Agriculture","t/ha","IPCC aggregates","yes","no",2009,1.17
NA,"World",NA,NA,"Emissions per area of agricultural land","Agriculture","t/ha","IPCC aggregates","yes","no",2010,1.18
NA,"World",NA,NA,"Emissions per area of agricultural land","Agriculture","t/ha","IPCC aggregates","yes","no",2011,1.2
NA,"World",NA,NA,"Emissions per area of agricultural land","Agriculture","t/ha","IPCC aggregates","yes","no",2012,1.21
NA,"World",NA,NA,"Emissions per area of agricultural land","Agriculture","t/ha","IPCC aggregates","yes","no",2013,1.2
NA,"World",NA,NA,"Emissions per area of agricultural land","Agriculture","t/ha","IPCC aggregates","yes","no",2014,1.21
NA,"World",NA,NA,"Emissions per area of agricultural land","Agriculture","t/ha","IPCC aggregates","yes","no",2015,1.22
NA,"World",NA,NA,"Emissions per area of agricultural land","Agriculture","t/ha","IPCC aggregates","yes","no",2016,1.23
NA,"World",NA,NA,"Emissions per area of agricultural land","Agriculture","t/ha","IPCC aggregates","yes","no",2017,1.24
NA,"World",NA,NA,"Emissions per area of agricultural land","Agriculture","t/ha","IPCC aggregates","yes","no",2018,1.24
NA,"World",NA,NA,"Emissions per area of agricultural land","Agriculture","t/ha","IPCC aggregates","yes","no",2019,1.24
NA,"World",NA,NA,"Emissions per area of agricultural land","Agriculture","t/ha","IPCC aggregates","yes","no",2020,1.26
NA,"World",NA,NA,"Emissions per area of agricultural land","Agriculture","t/ha","IPCC aggregates","yes","no",2021,1.27
NA,"World",NA,NA,"Emissions per area of agricultural land","Agriculture","t/ha","IPCC aggregates","yes","no",2022,1.27
NA,"World",NA,NA,"Emissions per capita","LULUCF","t/cap","IPCC aggregates","yes","no",1992,0.37
NA,"World",NA,NA,"Emissions per capita","LULUCF","t/cap","IPCC aggregates","yes","no",1993,0.36
NA,"World",NA,NA,"Emissions per capita","LULUCF","t/cap","IPCC aggregates","yes","no",1994,0.36
NA,"World",NA,NA,"Emissions per capita","LULUCF","t/cap","IPCC aggregates","yes","no",1995,0.36
NA,"World",NA,NA,"Emissions per capita","LULUCF","t/cap","IPCC aggregates","yes","no",1996,0.32
NA,"World",NA,NA,"Emissions per capita","LULUCF","t/cap","IPCC aggregates","yes","no",1997,0.48
NA,"World",NA,NA,"Emissions per capita","LULUCF","t/cap","IPCC aggregates","yes","no",1998,0.36
NA,"World",NA,NA,"Emissions per capita","LULUCF","t/cap","IPCC aggregates","yes","no",1999,0.32
NA,"World",NA,NA,"Emissions per capita","LULUCF","t/cap","IPCC aggregates","yes","no",2000,0.29
NA,"World",NA,NA,"Emissions per capita","LULUCF","t/cap","IPCC aggregates","yes","no",2001,0.24
NA,"World",NA,NA,"Emissions per capita","LULUCF","t/cap","IPCC aggregates","yes","no",2002,0.32
NA,"World",NA,NA,"Emissions per capita","LULUCF","t/cap","IPCC aggregates","yes","no",2003,0.27
NA,"World",NA,NA,"Emissions per capita","LULUCF","t/cap","IPCC aggregates","yes","no",2004,0.32
NA,"World",NA,NA,"Emissions per capita","LULUCF","t/cap","IPCC aggregates","yes","no",2005,0.27
NA,"World",NA,NA,"Emissions per capita","LULUCF","t/cap","IPCC aggregates","yes","no",2006,0.33
NA,"World",NA,NA,"Emissions per capita","LULUCF","t/cap","IPCC aggregates","yes","no",2007,0.24
NA,"World",NA,NA,"Emissions per capita","LULUCF","t/cap","IPCC aggregates","yes","no",2008,0.23
NA,"World",NA,NA,"Emissions per capita","LULUCF","t/cap","IPCC aggregates","yes","no",2009,0.29
NA,"World",NA,NA,"Emissions per capita","LULUCF","t/cap","IPCC aggregates","yes","no",2010,0.24
NA,"World",NA,NA,"Emissions per capita","LULUCF","t/cap","IPCC aggregates","yes","no",2011,0.08
NA,"World",NA,NA,"Emissions per capita","LULUCF","t/cap","IPCC aggregates","yes","no",2012,0.08
NA,"World",NA,NA,"Emissions per capita","LULUCF","t/cap","IPCC aggregates","yes","no",2013,0.08
NA,"World",NA,NA,"Emissions per capita","LULUCF","t/cap","IPCC aggregates","yes","no",2014,0.12
NA,"World",NA,NA,"Emissions per capita","LULUCF","t/cap","IPCC aggregates","yes","no",2015,0.13
NA,"World",NA,NA,"Emissions per capita","LULUCF","t/cap","IPCC aggregates","yes","no",2016,0.19
NA,"World",NA,NA,"Emissions per capita","LULUCF","t/cap","IPCC aggregates","yes","no",2017,0.18
NA,"World",NA,NA,"Emissions per capita","LULUCF","t/cap","IPCC aggregates","yes","no",2018,0.2
NA,"World",NA,NA,"Emissions per capita","LULUCF","t/cap","IPCC aggregates","yes","no",2019,0.23
NA,"World",NA,NA,"Emissions per capita","LULUCF","t/cap","IPCC aggregates","yes","no",2020,0.18
NA,"World",NA,NA,"Emissions per capita","LULUCF","t/cap","IPCC aggregates","yes","no",2021,0.17
NA,"World",NA,NA,"Emissions per capita","LULUCF","t/cap","IPCC aggregates","yes","no",2022,0.16
NA,"World",NA,NA,"Emissions per capita","Energy","t/cap","Not agri-food","yes","no",1992,4.38
NA,"World",NA,NA,"Emissions per capita","Energy","t/cap","Not agri-food","yes","no",1993,4.34
NA,"World",NA,NA,"Emissions per capita","Energy","t/cap","Not agri-food","yes","no",1994,4.29
NA,"World",NA,NA,"Emissions per capita","Energy","t/cap","Not agri-food","yes","no",1995,4.31
NA,"World",NA,NA,"Emissions per capita","Energy","t/cap","Not agri-food","yes","no",1996,4.36
NA,"World",NA,NA,"Emissions per capita","Energy","t/cap","Not agri-food","yes","no",1997,4.33
NA,"World",NA,NA,"Emissions per capita","Energy","t/cap","Not agri-food","yes","no",1998,4.23
NA,"World",NA,NA,"Emissions per capita","Energy","t/cap","Not agri-food","yes","no",1999,4.26
NA,"World",NA,NA,"Emissions per capita","Energy","t/cap","Not agri-food","yes","no",2000,4.33
NA,"World",NA,NA,"Emissions per capita","Energy","t/cap","Not agri-food","yes","no",2001,4.28
NA,"World",NA,NA,"Emissions per capita","Energy","t/cap","Not agri-food","yes","no",2002,4.3
NA,"World",NA,NA,"Emissions per capita","Energy","t/cap","Not agri-food","yes","no",2003,4.47
NA,"World",NA,NA,"Emissions per capita","Energy","t/cap","Not agri-food","yes","no",2004,4.57
NA,"World",NA,NA,"Emissions per capita","Energy","t/cap","Not agri-food","yes","no",2005,4.66
NA,"World",NA,NA,"Emissions per capita","Energy","t/cap","Not agri-food","yes","no",2006,4.75
NA,"World",NA,NA,"Emissions per capita","Energy","t/cap","Not agri-food","yes","no",2007,4.79
NA,"World",NA,NA,"Emissions per capita","Energy","t/cap","Not agri-food","yes","no",2008,4.86
NA,"World",NA,NA,"Emissions per capita","Energy","t/cap","Not agri-food","yes","no",2009,4.73
NA,"World",NA,NA,"Emissions per capita","Energy","t/cap","Not agri-food","yes","no",2010,4.9
NA,"World",NA,NA,"Emissions per capita","Energy","t/cap","Not agri-food","yes","no",2011,5.01
NA,"World",NA,NA,"Emissions per capita","Energy","t/cap","Not agri-food","yes","no",2012,5.02
NA,"World",NA,NA,"Emissions per capita","Energy","t/cap","Not agri-food","yes","no",2013,4.97
NA,"World",NA,NA,"Emissions per capita","Energy","t/cap","Not agri-food","yes","no",2014,4.95
NA,"World",NA,NA,"Emissions per capita","Energy","t/cap","Not agri-food","yes","no",2015,4.9
NA,"World",NA,NA,"Emissions per capita","Energy","t/cap","Not agri-food","yes","no",2016,4.83
NA,"World",NA,NA,"Emissions per capita","Energy","t/cap","Not agri-food","yes","no",2017,4.86
NA,"World",NA,NA,"Emissions per capita","Energy","t/cap","Not agri-food","yes","no",2018,4.92
NA,"World",NA,NA,"Emissions per capita","Energy","t/cap","Not agri-food","yes","no",2019,4.92
NA,"World",NA,NA,"Emissions per capita","Energy","t/cap","Not agri-food","yes","no",2020,4.63
NA,"World",NA,NA,"Emissions per capita","Energy","t/cap","Not agri-food","yes","no",2021,4.82
NA,"World",NA,NA,"Emissions per capita","Energy","t/cap","Not agri-food","yes","no",2022,4.87
NA,"World",NA,NA,"Emissions per capita","IPPU","t/cap","Not agri-food","yes","no",1992,0.3
NA,"World",NA,NA,"Emissions per capita","IPPU","t/cap","Not agri-food","yes","no",1993,0.3
NA,"World",NA,NA,"Emissions per capita","IPPU","t/cap","Not agri-food","yes","no",1994,0.31
NA,"World",NA,NA,"Emissions per capita","IPPU","t/cap","Not agri-food","yes","no",1995,0.32
NA,"World",NA,NA,"Emissions per capita","IPPU","t/cap","Not agri-food","yes","no",1996,0.32
NA,"World",NA,NA,"Emissions per capita","IPPU","t/cap","Not agri-food","yes","no",1997,0.33
NA,"World",NA,NA,"Emissions per capita","IPPU","t/cap","Not agri-food","yes","no",1998,0.33
NA,"World",NA,NA,"Emissions per capita","IPPU","t/cap","Not agri-food","yes","no",1999,0.33
NA,"World",NA,NA,"Emissions per capita","IPPU","t/cap","Not agri-food","yes","no",2000,0.34
NA,"World",NA,NA,"Emissions per capita","IPPU","t/cap","Not agri-food","yes","no",2001,0.34
NA,"World",NA,NA,"Emissions per capita","IPPU","t/cap","Not agri-food","yes","no",2002,0.36
NA,"World",NA,NA,"Emissions per capita","IPPU","t/cap","Not agri-food","yes","no",2003,0.38
NA,"World",NA,NA,"Emissions per capita","IPPU","t/cap","Not agri-food","yes","no",2004,0.4
NA,"World",NA,NA,"Emissions per capita","IPPU","t/cap","Not agri-food","yes","no",2005,0.42
NA,"World",NA,NA,"Emissions per capita","IPPU","t/cap","Not agri-food","yes","no",2006,0.44
NA,"World",NA,NA,"Emissions per capita","IPPU","t/cap","Not agri-food","yes","no",2007,0.46
NA,"World",NA,NA,"Emissions per capita","IPPU","t/cap","Not agri-food","yes","no",2008,0.45
NA,"World",NA,NA,"Emissions per capita","IPPU","t/cap","Not agri-food","yes","no",2009,0.44
NA,"World",NA,NA,"Emissions per capita","IPPU","t/cap","Not agri-food","yes","no",2010,0.47
NA,"World",NA,NA,"Emissions per capita","IPPU","t/cap","Not agri-food","yes","no",2011,0.49
NA,"World",NA,NA,"Emissions per capita","IPPU","t/cap","Not agri-food","yes","no",2012,0.5
NA,"World",NA,NA,"Emissions per capita","IPPU","t/cap","Not agri-food","yes","no",2013,0.52
NA,"World",NA,NA,"Emissions per capita","IPPU","t/cap","Not agri-food","yes","no",2014,0.53
NA,"World",NA,NA,"Emissions per capita","IPPU","t/cap","Not agri-food","yes","no",2015,0.51
NA,"World",NA,NA,"Emissions per capita","IPPU","t/cap","Not agri-food","yes","no",2016,0.52
NA,"World",NA,NA,"Emissions per capita","IPPU","t/cap","Not agri-food","yes","no",2017,0.53
NA,"World",NA,NA,"Emissions per capita","IPPU","t/cap","Not agri-food","yes","no",2018,0.54
NA,"World",NA,NA,"Emissions per capita","IPPU","t/cap","Not agri-food","yes","no",2019,0.55
NA,"World",NA,NA,"Emissions per capita","IPPU","t/cap","Not agri-food","yes","no",2020,0.56
NA,"World",NA,NA,"Emissions per capita","IPPU","t/cap","Not agri-food","yes","no",2021,0.58
NA,"World",NA,NA,"Emissions per capita","IPPU","t/cap","Not agri-food","yes","no",2022,0.56
NA,"World",NA,NA,"Emissions per capita","Waste","t/cap","Not agri-food","yes","no",1992,0.31
NA,"World",NA,NA,"Emissions per capita","Waste","t/cap","Not agri-food","yes","no",1993,0.31
NA,"World",NA,NA,"Emissions per capita","Waste","t/cap","Not agri-food","yes","no",1994,0.31
NA,"World",NA,NA,"Emissions per capita","Waste","t/cap","Not agri-food","yes","no",1995,0.3
NA,"World",NA,NA,"Emissions per capita","Waste","t/cap","Not agri-food","yes","no",1996,0.3
NA,"World",NA,NA,"Emissions per capita","Waste","t/cap","Not agri-food","yes","no",1997,0.3
NA,"World",NA,NA,"Emissions per capita","Waste","t/cap","Not agri-food","yes","no",1998,0.3
NA,"World",NA,NA,"Emissions per capita","Waste","t/cap","Not agri-food","yes","no",1999,0.3
NA,"World",NA,NA,"Emissions per capita","Waste","t/cap","Not agri-food","yes","no",2000,0.3
NA,"World",NA,NA,"Emissions per capita","Waste","t/cap","Not agri-food","yes","no",2001,0.3
NA,"World",NA,NA,"Emissions per capita","Waste","t/cap","Not agri-food","yes","no",2002,0.3
NA,"World",NA,NA,"Emissions per capita","Waste","t/cap","Not agri-food","yes","no",2003,0.3
NA,"World",NA,NA,"Emissions per capita","Waste","t/cap","Not agri-food","yes","no",2004,0.3
NA,"World",NA,NA,"Emissions per capita","Waste","t/cap","Not agri-food","yes","no",2005,0.3
NA,"World",NA,NA,"Emissions per capita","Waste","t/cap","Not agri-food","yes","no",2006,0.3
NA,"World",NA,NA,"Emissions per capita","Waste","t/cap","Not agri-food","yes","no",2007,0.3
NA,"World",NA,NA,"Emissions per capita","Waste","t/cap","Not agri-food","yes","no",2008,0.3
NA,"World",NA,NA,"Emissions per capita","Waste","t/cap","Not agri-food","yes","no",2009,0.3
NA,"World",NA,NA,"Emissions per capita","Waste","t/cap","Not agri-food","yes","no",2010,0.3
NA,"World",NA,NA,"Emissions per capita","Waste","t/cap","Not agri-food","yes","no",2011,0.3
NA,"World",NA,NA,"Emissions per capita","Waste","t/cap","Not agri-food","yes","no",2012,0.3
NA,"World",NA,NA,"Emissions per capita","Waste","t/cap","Not agri-food","yes","no",2013,0.3
NA,"World",NA,NA,"Emissions per capita","Waste","t/cap","Not agri-food","yes","no",2014,0.31
NA,"World",NA,NA,"Emissions per capita","Waste","t/cap","Not agri-food","yes","no",2015,0.31
NA,"World",NA,NA,"Emissions per capita","Waste","t/cap","Not agri-food","yes","no",2016,0.31
NA,"World",NA,NA,"Emissions per capita","Waste","t/cap","Not agri-food","yes","no",2017,0.31
NA,"World",NA,NA,"Emissions per capita","Waste","t/cap","Not agri-food","yes","no",2018,0.32
NA,"World",NA,NA,"Emissions per capita","Waste","t/cap","Not agri-food","yes","no",2019,0.32
NA,"World",NA,NA,"Emissions per capita","Waste","t/cap","Not agri-food","yes","no",2020,0.32
NA,"World",NA,NA,"Emissions per capita","Waste","t/cap","Not agri-food","yes","no",2021,0.32
NA,"World",NA,NA,"Emissions per capita","Waste","t/cap","Not agri-food","yes","no",2022,0.32
NA,"World",NA,NA,"Emissions per capita","International bunkers","t/cap","Not agri-food","yes","no",1992,0.13
NA,"World",NA,NA,"Emissions per capita","International bunkers","t/cap","Not agri-food","yes","no",1993,0.12
NA,"World",NA,NA,"Emissions per capita","International bunkers","t/cap","Not agri-food","yes","no",1994,0.13
NA,"World",NA,NA,"Emissions per capita","International bunkers","t/cap","Not agri-food","yes","no",1995,0.13
NA,"World",NA,NA,"Emissions per capita","International bunkers","t/cap","Not agri-food","yes","no",1996,0.13
NA,"World",NA,NA,"Emissions per capita","International bunkers","t/cap","Not agri-food","yes","no",1997,0.13
NA,"World",NA,NA,"Emissions per capita","International bunkers","t/cap","Not agri-food","yes","no",1998,0.14
NA,"World",NA,NA,"Emissions per capita","International bunkers","t/cap","Not agri-food","yes","no",1999,0.14
NA,"World",NA,NA,"Emissions per capita","International bunkers","t/cap","Not agri-food","yes","no",2000,0.14
NA,"World",NA,NA,"Emissions per capita","International bunkers","t/cap","Not agri-food","yes","no",2001,0.14
NA,"World",NA,NA,"Emissions per capita","International bunkers","t/cap","Not agri-food","yes","no",2002,0.14
NA,"World",NA,NA,"Emissions per capita","International bunkers","t/cap","Not agri-food","yes","no",2003,0.14
NA,"World",NA,NA,"Emissions per capita","International bunkers","t/cap","Not agri-food","yes","no",2004,0.15
NA,"World",NA,NA,"Emissions per capita","International bunkers","t/cap","Not agri-food","yes","no",2005,0.16
NA,"World",NA,NA,"Emissions per capita","International bunkers","t/cap","Not agri-food","yes","no",2006,0.16
NA,"World",NA,NA,"Emissions per capita","International bunkers","t/cap","Not agri-food","yes","no",2007,0.17
NA,"World",NA,NA,"Emissions per capita","International bunkers","t/cap","Not agri-food","yes","no",2008,0.17
NA,"World",NA,NA,"Emissions per capita","International bunkers","t/cap","Not agri-food","yes","no",2009,0.16
NA,"World",NA,NA,"Emissions per capita","International bunkers","t/cap","Not agri-food","yes","no",2010,0.17
NA,"World",NA,NA,"Emissions per capita","International bunkers","t/cap","Not agri-food","yes","no",2011,0.17
NA,"World",NA,NA,"Emissions per capita","International bunkers","t/cap","Not agri-food","yes","no",2012,0.16
NA,"World",NA,NA,"Emissions per capita","International bunkers","t/cap","Not agri-food","yes","no",2013,0.16
NA,"World",NA,NA,"Emissions per capita","International bunkers","t/cap","Not agri-food","yes","no",2014,0.16
NA,"World",NA,NA,"Emissions per capita","International bunkers","t/cap","Not agri-food","yes","no",2015,0.17
NA,"World",NA,NA,"Emissions per capita","International bunkers","t/cap","Not agri-food","yes","no",2016,0.17
NA,"World",NA,NA,"Emissions per capita","International bunkers","t/cap","Not agri-food","yes","no",2017,0.18
NA,"World",NA,NA,"Emissions per capita","International bunkers","t/cap","Not agri-food","yes","no",2018,0.18
NA,"World",NA,NA,"Emissions per capita","International bunkers","t/cap","Not agri-food","yes","no",2019,0.18
NA,"World",NA,NA,"Emissions per capita","International bunkers","t/cap","Not agri-food","yes","no",2020,0.12
NA,"World",NA,NA,"Emissions per capita","International bunkers","t/cap","Not agri-food","yes","no",2021,0.13
NA,"World",NA,NA,"Emissions per capita","International bunkers","t/cap","Not agri-food","yes","no",2022,0.15
NA,"World",NA,NA,"Emissions per capita","Other","t/cap","Not agri-food","yes","no",1992,0.04
NA,"World",NA,NA,"Emissions per capita","Other","t/cap","Not agri-food","yes","no",1993,0.04
NA,"World",NA,NA,"Emissions per capita","Other","t/cap","Not agri-food","yes","no",1994,0.04
NA,"World",NA,NA,"Emissions per capita","Other","t/cap","Not agri-food","yes","no",1995,0.04
NA,"World",NA,NA,"Emissions per capita","Other","t/cap","Not agri-food","yes","no",1996,0.04
NA,"World",NA,NA,"Emissions per capita","Other","t/cap","Not agri-food","yes","no",1997,0.03
NA,"World",NA,NA,"Emissions per capita","Other","t/cap","Not agri-food","yes","no",1998,0.04
NA,"World",NA,NA,"Emissions per capita","Other","t/cap","Not agri-food","yes","no",1999,0.03
NA,"World",NA,NA,"Emissions per capita","Other","t/cap","Not agri-food","yes","no",2000,0.03
NA,"World",NA,NA,"Emissions per capita","Other","t/cap","Not agri-food","yes","no",2001,0.03
NA,"World",NA,NA,"Emissions per capita","Other","t/cap","Not agri-food","yes","no",2002,0.03
NA,"World",NA,NA,"Emissions per capita","Other","t/cap","Not agri-food","yes","no",2003,0.03
NA,"World",NA,NA,"Emissions per capita","Other","t/cap","Not agri-food","yes","no",2004,0.03
NA,"World",NA,NA,"Emissions per capita","Other","t/cap","Not agri-food","yes","no",2005,0.03
NA,"World",NA,NA,"Emissions per capita","Other","t/cap","Not agri-food","yes","no",2006,0.03
NA,"World",NA,NA,"Emissions per capita","Other","t/cap","Not agri-food","yes","no",2007,0.03
NA,"World",NA,NA,"Emissions per capita","Other","t/cap","Not agri-food","yes","no",2008,0.03
NA,"World",NA,NA,"Emissions per capita","Other","t/cap","Not agri-food","yes","no",2009,0.03
NA,"World",NA,NA,"Emissions per capita","Other","t/cap","Not agri-food","yes","no",2010,0.03
NA,"World",NA,NA,"Emissions per capita","Other","t/cap","Not agri-food","yes","no",2011,0.03
NA,"World",NA,NA,"Emissions per capita","Other","t/cap","Not agri-food","yes","no",2012,0.03
NA,"World",NA,NA,"Emissions per capita","Other","t/cap","Not agri-food","yes","no",2013,0.03
NA,"World",NA,NA,"Emissions per capita","Other","t/cap","Not agri-food","yes","no",2014,0.03
NA,"World",NA,NA,"Emissions per capita","Other","t/cap","Not agri-food","yes","no",2015,0.03
NA,"World",NA,NA,"Emissions per capita","Other","t/cap","Not agri-food","yes","no",2016,0.03
NA,"World",NA,NA,"Emissions per capita","Other","t/cap","Not agri-food","yes","no",2017,0.03
NA,"World",NA,NA,"Emissions per capita","Other","t/cap","Not agri-food","yes","no",2018,0.03
NA,"World",NA,NA,"Emissions per capita","Other","t/cap","Not agri-food","yes","no",2019,0.03
NA,"World",NA,NA,"Emissions per capita","Other","t/cap","Not agri-food","yes","no",2020,0.03
NA,"World",NA,NA,"Emissions per capita","Other","t/cap","Not agri-food","yes","no",2021,0.03
NA,"World",NA,NA,"Emissions per capita","Other","t/cap","Not agri-food","yes","no",2022,0.03
NA,"World",NA,NA,"Emissions per capita","All sectors with LULUCF","t/cap","Not agri-food","no","no",1992,6.45
NA,"World",NA,NA,"Emissions per capita","All sectors with LULUCF","t/cap","Not agri-food","no","no",1993,6.38
NA,"World",NA,NA,"Emissions per capita","All sectors with LULUCF","t/cap","Not agri-food","no","no",1994,6.33
NA,"World",NA,NA,"Emissions per capita","All sectors with LULUCF","t/cap","Not agri-food","no","no",1995,6.36
NA,"World",NA,NA,"Emissions per capita","All sectors with LULUCF","t/cap","Not agri-food","no","no",1996,6.37
NA,"World",NA,NA,"Emissions per capita","All sectors with LULUCF","t/cap","Not agri-food","no","no",1997,6.48
NA,"World",NA,NA,"Emissions per capita","All sectors with LULUCF","t/cap","Not agri-food","no","no",1998,6.26
NA,"World",NA,NA,"Emissions per capita","All sectors with LULUCF","t/cap","Not agri-food","no","no",1999,6.25
NA,"World",NA,NA,"Emissions per capita","All sectors with LULUCF","t/cap","Not agri-food","no","no",2000,6.29
NA,"World",NA,NA,"Emissions per capita","All sectors with LULUCF","t/cap","Not agri-food","no","no",2001,6.17
NA,"World",NA,NA,"Emissions per capita","All sectors with LULUCF","t/cap","Not agri-food","no","no",2002,6.28
NA,"World",NA,NA,"Emissions per capita","All sectors with LULUCF","t/cap","Not agri-food","no","no",2003,6.42
NA,"World",NA,NA,"Emissions per capita","All sectors with LULUCF","t/cap","Not agri-food","no","no",2004,6.61
NA,"World",NA,NA,"Emissions per capita","All sectors with LULUCF","t/cap","Not agri-food","no","no",2005,6.67
NA,"World",NA,NA,"Emissions per capita","All sectors with LULUCF","t/cap","Not agri-food","no","no",2006,6.84
NA,"World",NA,NA,"Emissions per capita","All sectors with LULUCF","t/cap","Not agri-food","no","no",2007,6.83
NA,"World",NA,NA,"Emissions per capita","All sectors with LULUCF","t/cap","Not agri-food","no","no",2008,6.86
NA,"World",NA,NA,"Emissions per capita","All sectors with LULUCF","t/cap","Not agri-food","no","no",2009,6.75
NA,"World",NA,NA,"Emissions per capita","All sectors with LULUCF","t/cap","Not agri-food","no","no",2010,6.91
NA,"World",NA,NA,"Emissions per capita","All sectors with LULUCF","t/cap","Not agri-food","no","no",2011,6.9
NA,"World",NA,NA,"Emissions per capita","All sectors with LULUCF","t/cap","Not agri-food","no","no",2012,6.91
NA,"World",NA,NA,"Emissions per capita","All sectors with LULUCF","t/cap","Not agri-food","no","no",2013,6.84
NA,"World",NA,NA,"Emissions per capita","All sectors with LULUCF","t/cap","Not agri-food","no","no",2014,6.89
NA,"World",NA,NA,"Emissions per capita","All sectors with LULUCF","t/cap","Not agri-food","no","no",2015,6.82
NA,"World",NA,NA,"Emissions per capita","All sectors with LULUCF","t/cap","Not agri-food","no","no",2016,6.83
NA,"World",NA,NA,"Emissions per capita","All sectors with LULUCF","t/cap","Not agri-food","no","no",2017,6.87
NA,"World",NA,NA,"Emissions per capita","All sectors with LULUCF","t/cap","Not agri-food","no","no",2018,6.95
NA,"World",NA,NA,"Emissions per capita","All sectors with LULUCF","t/cap","Not agri-food","no","no",2019,6.98
NA,"World",NA,NA,"Emissions per capita","All sectors with LULUCF","t/cap","Not agri-food","no","no",2020,6.61
NA,"World",NA,NA,"Emissions per capita","All sectors with LULUCF","t/cap","Not agri-food","no","no",2021,6.81
NA,"World",NA,NA,"Emissions per capita","All sectors with LULUCF","t/cap","Not agri-food","no","no",2022,6.86
NA,"World",NA,NA,"Emissions per capita","All sectors without LULUCF","t/cap","Not agri-food","no","no",1992,6.08
NA,"World",NA,NA,"Emissions per capita","All sectors without LULUCF","t/cap","Not agri-food","no","no",1993,6.02
NA,"World",NA,NA,"Emissions per capita","All sectors without LULUCF","t/cap","Not agri-food","no","no",1994,5.97
NA,"World",NA,NA,"Emissions per capita","All sectors without LULUCF","t/cap","Not agri-food","no","no",1995,6
NA,"World",NA,NA,"Emissions per capita","All sectors without LULUCF","t/cap","Not agri-food","no","no",1996,6.05
NA,"World",NA,NA,"Emissions per capita","All sectors without LULUCF","t/cap","Not agri-food","no","no",1997,6
NA,"World",NA,NA,"Emissions per capita","All sectors without LULUCF","t/cap","Not agri-food","no","no",1998,5.9
NA,"World",NA,NA,"Emissions per capita","All sectors without LULUCF","t/cap","Not agri-food","no","no",1999,5.93
NA,"World",NA,NA,"Emissions per capita","All sectors without LULUCF","t/cap","Not agri-food","no","no",2000,6
NA,"World",NA,NA,"Emissions per capita","All sectors without LULUCF","t/cap","Not agri-food","no","no",2001,5.93
NA,"World",NA,NA,"Emissions per capita","All sectors without LULUCF","t/cap","Not agri-food","no","no",2002,5.97
NA,"World",NA,NA,"Emissions per capita","All sectors without LULUCF","t/cap","Not agri-food","no","no",2003,6.15
NA,"World",NA,NA,"Emissions per capita","All sectors without LULUCF","t/cap","Not agri-food","no","no",2004,6.29
NA,"World",NA,NA,"Emissions per capita","All sectors without LULUCF","t/cap","Not agri-food","no","no",2005,6.39
NA,"World",NA,NA,"Emissions per capita","All sectors without LULUCF","t/cap","Not agri-food","no","no",2006,6.51
NA,"World",NA,NA,"Emissions per capita","All sectors without LULUCF","t/cap","Not agri-food","no","no",2007,6.59
NA,"World",NA,NA,"Emissions per capita","All sectors without LULUCF","t/cap","Not agri-food","no","no",2008,6.63
NA,"World",NA,NA,"Emissions per capita","All sectors without LULUCF","t/cap","Not agri-food","no","no",2009,6.47
NA,"World",NA,NA,"Emissions per capita","All sectors without LULUCF","t/cap","Not agri-food","no","no",2010,6.68
NA,"World",NA,NA,"Emissions per capita","All sectors without LULUCF","t/cap","Not agri-food","no","no",2011,6.82
NA,"World",NA,NA,"Emissions per capita","All sectors without LULUCF","t/cap","Not agri-food","no","no",2012,6.82
NA,"World",NA,NA,"Emissions per capita","All sectors without LULUCF","t/cap","Not agri-food","no","no",2013,6.77
NA,"World",NA,NA,"Emissions per capita","All sectors without LULUCF","t/cap","Not agri-food","no","no",2014,6.77
NA,"World",NA,NA,"Emissions per capita","All sectors without LULUCF","t/cap","Not agri-food","no","no",2015,6.7
NA,"World",NA,NA,"Emissions per capita","All sectors without LULUCF","t/cap","Not agri-food","no","no",2016,6.64
NA,"World",NA,NA,"Emissions per capita","All sectors without LULUCF","t/cap","Not agri-food","no","no",2017,6.69
NA,"World",NA,NA,"Emissions per capita","All sectors without LULUCF","t/cap","Not agri-food","no","no",2018,6.75
NA,"World",NA,NA,"Emissions per capita","All sectors without LULUCF","t/cap","Not agri-food","no","no",2019,6.75
NA,"World",NA,NA,"Emissions per capita","All sectors without LULUCF","t/cap","Not agri-food","no","no",2020,6.43
NA,"World",NA,NA,"Emissions per capita","All sectors without LULUCF","t/cap","Not agri-food","no","no",2021,6.64
NA,"World",NA,NA,"Emissions per capita","All sectors without LULUCF","t/cap","Not agri-food","no","no",2022,6.7
"ATA","Antarctica",NA,NA,NA,NA,NA,NA,NA,NA,NA,NA
