"ISO3","Area","Item","Group","sector","agrifood","Year","Total","CO2","N2O","CH4","F-gases"
"PRI","Puerto Rico","Agrifood systems","FAO aggregates","no","no",1992,4125583.4999999995,1872243.1999999997,273946.39999999997,1717517.2,261876.70000000004
"PRI","Puerto Rico","Agrifood systems","FAO aggregates","no","no",1993,4146652.6000000006,2012981.6000000006,273952.80000000005,1720954,138764.19999999998
"PRI","Puerto Rico","Agrifood systems","FAO aggregates","no","no",1994,4110345.1999999997,1964863.6999999997,274118.10000000003,1724312.4000000001,147051
"PRI","Puerto Rico","Agrifood systems","FAO aggregates","no","no",1995,4314488.2,2248593.3,249482.9,1633507.7000000002,182904.30000000002
"PRI","Puerto Rico","Agrifood systems","FAO aggregates","no","no",1996,4318986.3,2226498.0999999996,245464.2,1637271,209753
"PRI","Puerto Rico","Agrifood systems","FAO aggregates","no","no",1997,4431835,2269452.5,249392,1668533.7,244456.8
"PRI","Puerto Rico","Agrifood systems","FAO aggregates","no","no",1998,4252869.6,2181398.3999999994,242362.9,1671551.9,157556.4
"PRI","Puerto Rico","Agrifood systems","FAO aggregates","no","no",1999,4342877.9,2204308.7,242745.3,1666319.6,229504.3
"PRI","Puerto Rico","Agrifood systems","FAO aggregates","no","no",2000,4431725.8,2182812.4,241251.5,1681980.1,325681.8
"PRI","Puerto Rico","Agrifood systems","FAO aggregates","no","no",2001,4492731.8,2187607.3,240087.1,1688889.2000000002,376148.19999999995
"PRI","Puerto Rico","Agrifood systems","FAO aggregates","no","no",2002,4872204.800000001,2495620.500000001,253682.6,1696535,426366.69999999995
"PRI","Puerto Rico","Agrifood systems","FAO aggregates","no","no",2003,4869078.8,2437967.8,241169.3,1712169,477772.7
"PRI","Puerto Rico","Agrifood systems","FAO aggregates","no","no",2004,4705559.199999999,2284171.3999999994,224294.90000000002,1663409.7999999998,533683.1
"PRI","Puerto Rico","Agrifood systems","FAO aggregates","no","no",2005,4794023.3,2314793.9999999995,226479.3,1648488.3,604261.7000000001
"PRI","Puerto Rico","Agrifood systems","FAO aggregates","no","no",2006,4606928.399999999,2152945.9999999995,216874.69999999998,1620034.7999999998,617072.9
"PRI","Puerto Rico","Agrifood systems","FAO aggregates","no","no",2007,4781182.399999999,2358982.2999999993,208715.9,1597383.5,616100.7
"PRI","Puerto Rico","Agrifood systems","FAO aggregates","no","no",2008,4629802,2233867.3,201517.40000000002,1573001.6,621415.7000000001
"PRI","Puerto Rico","Agrifood systems","FAO aggregates","no","no",2009,4547628.800000001,2181864.8000000007,193270.6,1548475.9,624017.5
"PRI","Puerto Rico","Agrifood systems","FAO aggregates","no","no",2010,4848548.7,2529266.1,191352.5,1523499.1,604431
"PRI","Puerto Rico","Agrifood systems","FAO aggregates","no","no",2011,4723976,2439743.8000000003,184040.9,1500001,600190.2999999999
"PRI","Puerto Rico","Agrifood systems","FAO aggregates","no","no",2012,4625854.9,2375633.1,176050.6,1462604.1,611567.1
"PRI","Puerto Rico","Agrifood systems","FAO aggregates","no","no",2013,4537472.399999999,2276731.6999999993,174513.4,1464328.8,621898.5
"PRI","Puerto Rico","Agrifood systems","FAO aggregates","no","no",2014,4576419.3,2294810.4,172186.9,1450903.1,658518.9
"PRI","Puerto Rico","Agrifood systems","FAO aggregates","no","no",2015,4605360.800000001,2299459.9000000004,168875,1442637.4000000001,694388.5
"PRI","Puerto Rico","Agrifood systems","FAO aggregates","no","no",2016,4673897,2316298.1,164942.4,1434379.4000000001,758277.1
"PRI","Puerto Rico","Agrifood systems","FAO aggregates","no","no",2017,4132264.3,1715836.7000000002,160698.4,1425205.9,830523.2999999999
"PRI","Puerto Rico","Agrifood systems","FAO aggregates","no","no",2018,4437171.4,1981261.7000000002,157547.30000000002,1416207,882155.4
"PRI","Puerto Rico","Agrifood systems","FAO aggregates","no","no",2019,4517264.100000001,1970989.000000001,160189.9,1423588.2999999998,962496.9
"PRI","Puerto Rico","Agrifood systems","FAO aggregates","no","no",2020,4654676.8,1998980.4,160010.7,1421361.5,1074324.2
"PRI","Puerto Rico","Agrifood systems","FAO aggregates","no","no",2021,4724972.899999999,1987525.5999999992,157733.6,1418040.8,1161672.9000000001
"PRI","Puerto Rico","Agrifood systems","FAO aggregates","no","no",2022,4725872.3,1987525.5999999996,157574.6,1419099.2000000002,1161672.9000000001
"PRI","Puerto Rico","Agrifood systems","FAO aggregates","no","no",2030,NA,NA,NA,NA,NA
"PRI","Puerto Rico","Agrifood systems","FAO aggregates","no","no",2050,NA,NA,NA,NA,NA
"PRI","Puerto Rico","Farm gate","Agrifood systems","no","yes",1992,1192502.7,160743.79999999993,267994.5,763764.4,NA
"PRI","Puerto Rico","Farm gate","Agrifood systems","no","yes",1993,1195007.3,163610.20000000007,268153.5,763243.6,NA
"PRI","Puerto Rico","Farm gate","Agrifood systems","no","yes",1994,1186893.7000000002,155232.90000000014,268392,763268.8,NA
"PRI","Puerto Rico","Farm gate","Agrifood systems","no","yes",1995,1048958.9000000001,138032.70000000007,243535,667391.2000000001,NA
"PRI","Puerto Rico","Farm gate","Agrifood systems","no","yes",1996,1033943.5000000001,125507.50000000012,239348,669088,NA
"PRI","Puerto Rico","Farm gate","Agrifood systems","no","yes",1997,1062009.1,121192.40000000002,243031.5,697785.2000000001,NA
"PRI","Puerto Rico","Farm gate","Agrifood systems","no","yes",1998,1053390.3,118544.40000000002,236671.5,698174.4,NA
"PRI","Puerto Rico","Farm gate","Agrifood systems","no","yes",1999,1042561.5,117189,236194.5,689178,NA
"PRI","Puerto Rico","Farm gate","Agrifood systems","no","yes",2000,1056726.7,117285.19999999995,235717.5,703724,NA
"PRI","Puerto Rico","Farm gate","Agrifood systems","no","yes",2001,1055053.4,112163.69999999984,234604.5,708285.2000000001,NA
"PRI","Puerto Rico","Farm gate","Agrifood systems","no","yes",2002,1073322.4,113183.59999999998,247298,712840.7999999999,NA
"PRI","Puerto Rico","Farm gate","Agrifood systems","no","yes",2003,1059754.2000000002,98016.10000000021,234922.5,726815.6,NA
"PRI","Puerto Rico","Farm gate","Agrifood systems","no","yes",2004,984599.2999999999,91032.3999999999,218492.5,675074.4,NA
"PRI","Puerto Rico","Farm gate","Agrifood systems","no","yes",2005,968512.6,89531.09999999998,220771.5,658210,NA
"PRI","Puerto Rico","Farm gate","Agrifood systems","no","yes",2006,924413.3,84442.70000000007,211841,628129.6,NA
"PRI","Puerto Rico","Farm gate","Agrifood systems","no","yes",2007,892252.1000000001,85521.50000000012,203255,603475.6,NA
"PRI","Puerto Rico","Farm gate","Agrifood systems","no","yes",2008,855908.3,81966.40000000002,196391.5,577550.4,NA
"PRI","Puerto Rico","Farm gate","Agrifood systems","no","yes",2009,820763,81092.90000000002,188176.5,551493.6,NA
"PRI","Puerto Rico","Farm gate","Agrifood systems","no","yes",2010,790760.7000000001,80336.70000000007,185606,524818,NA
"PRI","Puerto Rico","Farm gate","Agrifood systems","no","yes",2011,756948.5,78528,178424.5,499996,NA
"PRI","Puerto Rico","Farm gate","Agrifood systems","no","yes",2012,710570.2999999999,77910.99999999988,170474.5,462184.8,NA
"PRI","Puerto Rico","Farm gate","Agrifood systems","no","yes",2013,709020.9,76148.70000000007,169335,463537.2,NA
"PRI","Puerto Rico","Farm gate","Agrifood systems","no","yes",2014,699084.3999999999,78666.79999999981,167162,453255.60000000003,NA
"PRI","Puerto Rico","Farm gate","Agrifood systems","no","yes",2015,687504.2,79008.8999999999,163796.5,444698.8,NA
"PRI","Puerto Rico","Farm gate","Agrifood systems","no","yes",2016,674573.4,78715.20000000007,159901,435957.2,NA
"PRI","Puerto Rico","Farm gate","Agrifood systems","no","yes",2017,657096,73272,156880,426944,NA
"PRI","Puerto Rico","Farm gate","Agrifood systems","no","yes",2018,644815.2,73970.09999999998,153037.5,417807.6,NA
"PRI","Puerto Rico","Farm gate","Agrifood systems","no","yes",2019,655976,75394.5,155793.5,424788,NA
"PRI","Puerto Rico","Farm gate","Agrifood systems","no","yes",2020,655387.6,77284.59999999998,155555,422548,NA
"PRI","Puerto Rico","Farm gate","Agrifood systems","no","yes",2021,649647.6,76519.99999999988,153276,419851.60000000003,NA
"PRI","Puerto Rico","Farm gate","Agrifood systems","no","yes",2022,650547,76520,153117,420910,NA
"PRI","Puerto Rico","Farm gate","Agrifood systems","no","yes",2030,NA,NA,NA,NA,NA
"PRI","Puerto Rico","Farm gate","Agrifood systems","no","yes",2050,NA,NA,NA,NA,NA
"PRI","Puerto Rico","Land Use change","Agrifood systems","no","yes",1992,249,0,53,196,NA
"PRI","Puerto Rico","Land Use change","Agrifood systems","no","yes",1993,249,0,53,196,NA
"PRI","Puerto Rico","Land Use change","Agrifood systems","no","yes",1994,249,0,53,196,NA
"PRI","Puerto Rico","Land Use change","Agrifood systems","no","yes",1995,249,0,53,196,NA
"PRI","Puerto Rico","Land Use change","Agrifood systems","no","yes",1996,404.3,5.684341886080802e-14,79.5,324.79999999999995,NA
"PRI","Puerto Rico","Land Use change","Agrifood systems","no","yes",1997,1259,0,265,994,NA
"PRI","Puerto Rico","Land Use change","Agrifood systems","no","yes",1998,1302.3,0,291.5,1010.8,NA
"PRI","Puerto Rico","Land Use change","Agrifood systems","no","yes",1999,3532.1,0,768.5,2763.6,NA
"PRI","Puerto Rico","Land Use change","Agrifood systems","no","yes",2000,263,0,53,210,NA
"PRI","Puerto Rico","Land Use change","Agrifood systems","no","yes",2001,0,0,0,0,NA
"PRI","Puerto Rico","Land Use change","Agrifood systems","no","yes",2002,0,0,0,0,NA
"PRI","Puerto Rico","Land Use change","Agrifood systems","no","yes",2003,0,0,0,0,NA
"PRI","Puerto Rico","Land Use change","Agrifood systems","no","yes",2004,0,0,0,0,NA
"PRI","Puerto Rico","Land Use change","Agrifood systems","no","yes",2005,0,0,0,0,NA
"PRI","Puerto Rico","Land Use change","Agrifood systems","no","yes",2006,0,0,0,0,NA
"PRI","Puerto Rico","Land Use change","Agrifood systems","no","yes",2007,0,0,0,0,NA
"PRI","Puerto Rico","Land Use change","Agrifood systems","no","yes",2008,0,0,0,0,NA
"PRI","Puerto Rico","Land Use change","Agrifood systems","no","yes",2009,0,0,0,0,NA
"PRI","Puerto Rico","Land Use change","Agrifood systems","no","yes",2010,0,0,0,0,NA
"PRI","Puerto Rico","Land Use change","Agrifood systems","no","yes",2011,0,0,0,0,NA
"PRI","Puerto Rico","Land Use change","Agrifood systems","no","yes",2012,128.6,0,53,75.6,NA
"PRI","Puerto Rico","Land Use change","Agrifood systems","no","yes",2013,0,0,0,0,NA
"PRI","Puerto Rico","Land Use change","Agrifood systems","no","yes",2014,128.6,0,53,75.6,NA
"PRI","Puerto Rico","Land Use change","Agrifood systems","no","yes",2015,0,0,0,0,NA
"PRI","Puerto Rico","Land Use change","Agrifood systems","no","yes",2016,0,0,0,0,NA
"PRI","Puerto Rico","Land Use change","Agrifood systems","no","yes",2017,0,0,0,0,NA
"PRI","Puerto Rico","Land Use change","Agrifood systems","no","yes",2018,0,0,0,0,NA
"PRI","Puerto Rico","Land Use change","Agrifood systems","no","yes",2019,0,0,0,0,NA
"PRI","Puerto Rico","Land Use change","Agrifood systems","no","yes",2020,0,0,0,0,NA
"PRI","Puerto Rico","Land Use change","Agrifood systems","no","yes",2021,0,0,0,0,NA
"PRI","Puerto Rico","Land Use change","Agrifood systems","no","yes",2022,0,0,0,0,NA
"PRI","Puerto Rico","Land Use change","Agrifood systems","no","yes",2030,NA,NA,NA,NA,NA
"PRI","Puerto Rico","Land Use change","Agrifood systems","no","yes",2050,NA,NA,NA,NA,NA
"PRI","Puerto Rico","Pre- and Post- Production","Agrifood systems","no","yes",1992,2932831.8,1711499.4,5898.9000000000005,953556.7999999999,261876.70000000004
"PRI","Puerto Rico","Pre- and Post- Production","Agrifood systems","no","yes",1993,2951396.3,1849371.4,5746.3,957514.4,138764.19999999998
"PRI","Puerto Rico","Pre- and Post- Production","Agrifood systems","no","yes",1994,2923202.5,1809630.7999999998,5673.0999999999995,960847.6000000001,147051
"PRI","Puerto Rico","Pre- and Post- Production","Agrifood systems","no","yes",1995,3265280.3,2110560.5999999996,5894.9,965920.5,182904.30000000002
"PRI","Puerto Rico","Pre- and Post- Production","Agrifood systems","no","yes",1996,3284638.5,2100990.6,6036.7,967858.2,209753
"PRI","Puerto Rico","Pre- and Post- Production","Agrifood systems","no","yes",1997,3368566.9,2148260.0999999996,6095.5,969754.5,244456.8
"PRI","Puerto Rico","Pre- and Post- Production","Agrifood systems","no","yes",1998,3198177,2062854,5399.9,972366.7000000001,157556.4
"PRI","Puerto Rico","Pre- and Post- Production","Agrifood systems","no","yes",1999,3296784.3,2087119.6999999997,5782.3,974378,229504.3
"PRI","Puerto Rico","Pre- and Post- Production","Agrifood systems","no","yes",2000,3374736.1,2065527.2000000002,5481,978046.1,325681.8
"PRI","Puerto Rico","Pre- and Post- Production","Agrifood systems","no","yes",2001,3437678.4,2075443.5999999999,5482.5999999999995,980604,376148.19999999995
"PRI","Puerto Rico","Pre- and Post- Production","Agrifood systems","no","yes",2002,3798882.4,2382436.9,6384.5999999999995,983694.2000000001,426366.69999999995
"PRI","Puerto Rico","Pre- and Post- Production","Agrifood systems","no","yes",2003,3809324.6,2339951.7,6246.8,985353.3999999999,477772.7
"PRI","Puerto Rico","Pre- and Post- Production","Agrifood systems","no","yes",2004,3720959.9,2193139,5802.4,988335.4,533683.1
"PRI","Puerto Rico","Pre- and Post- Production","Agrifood systems","no","yes",2005,3825510.6999999997,2225262.8999999994,5707.8,990278.2999999999,604261.7000000001
"PRI","Puerto Rico","Pre- and Post- Production","Agrifood systems","no","yes",2006,3682515.1,2068503.3,5033.7,991905.2000000001,617072.9
"PRI","Puerto Rico","Pre- and Post- Production","Agrifood systems","no","yes",2007,3888930.3,2273460.8,5460.9,993907.9,616100.7
"PRI","Puerto Rico","Pre- and Post- Production","Agrifood systems","no","yes",2008,3773893.7,2151900.9000000004,5125.9,995451.2,621415.7000000001
"PRI","Puerto Rico","Pre- and Post- Production","Agrifood systems","no","yes",2009,3726865.8,2100771.8999999994,5094.1,996982.3,624017.5
"PRI","Puerto Rico","Pre- and Post- Production","Agrifood systems","no","yes",2010,4057788,2448929.4,5746.5,998681.1,604431
"PRI","Puerto Rico","Pre- and Post- Production","Agrifood systems","no","yes",2011,3967027.5,2361215.8,5616.4,1000005,600190.2999999999
"PRI","Puerto Rico","Pre- and Post- Production","Agrifood systems","no","yes",2012,3915156,2297722.0999999996,5523.1,1000343.7000000001,611567.1
"PRI","Puerto Rico","Pre- and Post- Production","Agrifood systems","no","yes",2013,3828451.5,2200583,5178.4,1000791.6,621898.5
"PRI","Puerto Rico","Pre- and Post- Production","Agrifood systems","no","yes",2014,3877206.3,2216143.5999999996,4971.9,997571.9,658518.9
"PRI","Puerto Rico","Pre- and Post- Production","Agrifood systems","no","yes",2015,3917856.6,2220451,5078.5,997938.6,694388.5
"PRI","Puerto Rico","Pre- and Post- Production","Agrifood systems","no","yes",2016,3999323.6,2237582.9000000004,5041.4000000000005,998422.2,758277.1
"PRI","Puerto Rico","Pre- and Post- Production","Agrifood systems","no","yes",2017,3475168.3,1642564.7,3818.4,998261.9,830523.2999999999
"PRI","Puerto Rico","Pre- and Post- Production","Agrifood systems","no","yes",2018,3792356.2,1907291.6,4509.8,998399.4,882155.4
"PRI","Puerto Rico","Pre- and Post- Production","Agrifood systems","no","yes",2019,3861288.1,1895594.5,4396.4,998800.3,962496.9
"PRI","Puerto Rico","Pre- and Post- Production","Agrifood systems","no","yes",2020,3999289.2,1921695.8000000003,4455.7,998813.5,1074324.2
"PRI","Puerto Rico","Pre- and Post- Production","Agrifood systems","no","yes",2021,4075325.3,1911005.5999999996,4457.6,998189.2000000001,1161672.9000000001
"PRI","Puerto Rico","Pre- and Post- Production","Agrifood systems","no","yes",2022,4075325.3,1911005.5999999996,4457.6,998189.2000000001,1161672.9000000001
"PRI","Puerto Rico","Pre- and Post- Production","Agrifood systems","no","yes",2030,NA,NA,NA,NA,NA
"PRI","Puerto Rico","Pre- and Post- Production","Agrifood systems","no","yes",2050,NA,NA,NA,NA,NA
"PRI","Puerto Rico","Emissions on agricultural land","FAO aggregates","no","no",1992,1192751.7,160743.79999999993,268047.5,763960.4,NA
"PRI","Puerto Rico","Emissions on agricultural land","FAO aggregates","no","no",1993,1195256.3,163610.19999999995,268206.5,763439.6000000001,NA
"PRI","Puerto Rico","Emissions on agricultural land","FAO aggregates","no","no",1994,1187142.7000000002,155232.90000000026,268445,763464.7999999999,NA
"PRI","Puerto Rico","Emissions on agricultural land","FAO aggregates","no","no",1995,1049207.9000000001,138032.70000000007,243588,667587.2000000001,NA
"PRI","Puerto Rico","Emissions on agricultural land","FAO aggregates","no","no",1996,1034347.8,125507.50000000012,239427.5,669412.7999999999,NA
"PRI","Puerto Rico","Emissions on agricultural land","FAO aggregates","no","no",1997,1063268.1,121192.40000000014,243296.5,698779.2,NA
"PRI","Puerto Rico","Emissions on agricultural land","FAO aggregates","no","no",1998,1054692.6,118544.40000000014,236963,699185.2,NA
"PRI","Puerto Rico","Emissions on agricultural land","FAO aggregates","no","no",1999,1046093.6,117189,236963,691941.6,NA
"PRI","Puerto Rico","Emissions on agricultural land","FAO aggregates","no","no",2000,1056989.7000000002,117285.20000000019,235770.5,703934,NA
"PRI","Puerto Rico","Emissions on agricultural land","FAO aggregates","no","no",2001,1055053.4,112163.69999999984,234604.5,708285.2000000001,NA
"PRI","Puerto Rico","Emissions on agricultural land","FAO aggregates","no","no",2002,1073322.4,113183.59999999998,247298,712840.7999999999,NA
"PRI","Puerto Rico","Emissions on agricultural land","FAO aggregates","no","no",2003,1059754.2000000002,98016.10000000021,234922.5,726815.6,NA
"PRI","Puerto Rico","Emissions on agricultural land","FAO aggregates","no","no",2004,984599.2999999999,91032.3999999999,218492.5,675074.4,NA
"PRI","Puerto Rico","Emissions on agricultural land","FAO aggregates","no","no",2005,968512.6,89531.09999999998,220771.5,658210,NA
"PRI","Puerto Rico","Emissions on agricultural land","FAO aggregates","no","no",2006,924413.3,84442.70000000007,211841,628129.6,NA
"PRI","Puerto Rico","Emissions on agricultural land","FAO aggregates","no","no",2007,892252.1000000001,85521.50000000012,203255,603475.6,NA
"PRI","Puerto Rico","Emissions on agricultural land","FAO aggregates","no","no",2008,855908.3,81966.40000000002,196391.5,577550.4,NA
"PRI","Puerto Rico","Emissions on agricultural land","FAO aggregates","no","no",2009,820763,81092.90000000002,188176.5,551493.6,NA
"PRI","Puerto Rico","Emissions on agricultural land","FAO aggregates","no","no",2010,790760.7000000001,80336.70000000007,185606,524818,NA
"PRI","Puerto Rico","Emissions on agricultural land","FAO aggregates","no","no",2011,756948.5,78528,178424.5,499996,NA
"PRI","Puerto Rico","Emissions on agricultural land","FAO aggregates","no","no",2012,710698.9,77911,170527.5,462260.4,NA
"PRI","Puerto Rico","Emissions on agricultural land","FAO aggregates","no","no",2013,709020.9,76148.70000000007,169335,463537.2,NA
"PRI","Puerto Rico","Emissions on agricultural land","FAO aggregates","no","no",2014,699213,78666.80000000005,167215,453331.2,NA
"PRI","Puerto Rico","Emissions on agricultural land","FAO aggregates","no","no",2015,687504.2,79008.8999999999,163796.5,444698.8,NA
"PRI","Puerto Rico","Emissions on agricultural land","FAO aggregates","no","no",2016,674573.4,78715.20000000007,159901,435957.2,NA
"PRI","Puerto Rico","Emissions on agricultural land","FAO aggregates","no","no",2017,657096,73272,156880,426944,NA
"PRI","Puerto Rico","Emissions on agricultural land","FAO aggregates","no","no",2018,644815.2,73970.09999999998,153037.5,417807.6,NA
"PRI","Puerto Rico","Emissions on agricultural land","FAO aggregates","no","no",2019,655976,75394.5,155793.5,424788,NA
"PRI","Puerto Rico","Emissions on agricultural land","FAO aggregates","no","no",2020,655387.6,77284.59999999998,155555,422548,NA
"PRI","Puerto Rico","Emissions on agricultural land","FAO aggregates","no","no",2021,649647.6,76519.99999999988,153276,419851.60000000003,NA
"PRI","Puerto Rico","Emissions on agricultural land","FAO aggregates","no","no",2022,650547,76520,153117,420910,NA
"PRI","Puerto Rico","Emissions on agricultural land","FAO aggregates","no","no",2030,NA,NA,NA,NA,NA
"PRI","Puerto Rico","Emissions on agricultural land","FAO aggregates","no","no",2050,NA,NA,NA,NA,NA
"PRI","Puerto Rico","Crops","FAO aggregates","no","no",1992,940,0,212,728,NA
"PRI","Puerto Rico","Crops","FAO aggregates","no","no",1993,996,0,212,784,NA
"PRI","Puerto Rico","Crops","FAO aggregates","no","no",1994,823.9,0,185.5,638.4,NA
"PRI","Puerto Rico","Crops","FAO aggregates","no","no",1995,884,0,212,672,NA
"PRI","Puerto Rico","Crops","FAO aggregates","no","no",1996,781.9000000000001,0,185.5,596.4000000000001,NA
"PRI","Puerto Rico","Crops","FAO aggregates","no","no",1997,723.0999999999999,-1.1368683772161603e-13,185.5,537.6,NA
"PRI","Puerto Rico","Crops","FAO aggregates","no","no",1998,502.09999999999997,0,132.5,369.59999999999997,NA
"PRI","Puerto Rico","Crops","FAO aggregates","no","no",1999,358,0,106,252,NA
"PRI","Puerto Rico","Crops","FAO aggregates","no","no",2000,295.09999999999997,-5.684341886080802e-14,79.5,215.60000000000002,NA
"PRI","Puerto Rico","Crops","FAO aggregates","no","no",2001,68.5,0,26.5,42,NA
"PRI","Puerto Rico","Crops","FAO aggregates","no","no",2002,12958.9,0,12852.5,106.39999999999999,NA
"PRI","Puerto Rico","Crops","FAO aggregates","no","no",2003,7399.0999999999995,-9.094947017729282e-13,7393.5,5.6,NA
"PRI","Puerto Rico","Crops","FAO aggregates","no","no",2004,9148.099999999999,-1.8189894035458565e-12,9142.5,5.6,NA
"PRI","Puerto Rico","Crops","FAO aggregates","no","no",2005,6813.3,0,6810.5,2.8,NA
"PRI","Puerto Rico","Crops","FAO aggregates","no","no",2006,8379.6,0,8374,5.6,NA
"PRI","Puerto Rico","Crops","FAO aggregates","no","no",2007,6736.6,0,6731,5.6,NA
"PRI","Puerto Rico","Crops","FAO aggregates","no","no",2008,6733.799999999999,-9.094947017729282e-13,6731,2.8,NA
"PRI","Puerto Rico","Crops","FAO aggregates","no","no",2009,5594.299999999999,-9.094947017729282e-13,5591.5,2.8,NA
"PRI","Puerto Rico","Crops","FAO aggregates","no","no",2010,10123,0,10123,0,NA
"PRI","Puerto Rico","Crops","FAO aggregates","no","no",2011,9725.5,0,9725.5,0,NA
"PRI","Puerto Rico","Crops","FAO aggregates","no","no",2012,9990.5,0,9990.5,0,NA
"PRI","Puerto Rico","Crops","FAO aggregates","no","no",2013,10653,0,10653,0,NA
"PRI","Puerto Rico","Crops","FAO aggregates","no","no",2014,11858.599999999999,-1.8189894035458565e-12,11713,145.6,NA
"PRI","Puerto Rico","Crops","FAO aggregates","no","no",2015,11577.1,0,10997.5,579.6,NA
"PRI","Puerto Rico","Crops","FAO aggregates","no","no",2016,10287.1,0,10043.5,243.60000000000002,NA
"PRI","Puerto Rico","Crops","FAO aggregates","no","no",2017,10524.5,0,10202.5,322,NA
"PRI","Puerto Rico","Crops","FAO aggregates","no","no",2018,10556.800000000001,1.8189894035458565e-12,10176,380.8,NA
"PRI","Puerto Rico","Crops","FAO aggregates","no","no",2019,10889.900000000001,1.8189894035458565e-12,10573.5,316.40000000000003,NA
"PRI","Puerto Rico","Crops","FAO aggregates","no","no",2020,10567.8,0,10229,338.8,NA
"PRI","Puerto Rico","Crops","FAO aggregates","no","no",2021,9168.900000000001,1.8189894035458565e-12,8824.5,344.4,NA
"PRI","Puerto Rico","Crops","FAO aggregates","no","no",2022,9157.7,0,8824.5,333.2,NA
"PRI","Puerto Rico","Crops","FAO aggregates","no","no",2030,13308.6,0,13303,5.6,NA
"PRI","Puerto Rico","Crops","FAO aggregates","no","no",2050,16756.399999999998,-3.637978807091713e-12,16748,8.4,NA
"PRI","Puerto Rico","Livestock","FAO aggregates","no","no",1992,1024971.9,0,262005.49999999997,762966.4,NA
"PRI","Puerto Rico","Livestock","FAO aggregates","no","no",1993,1024554.1000000001,1.1641532182693481e-10,262164.5,762389.6,NA
"PRI","Puerto Rico","Livestock","FAO aggregates","no","no",1994,1025254.8999999999,0,262694.5,762560.3999999999,NA
"PRI","Puerto Rico","Livestock","FAO aggregates","no","no",1995,905366.8,0,238712,666654.8,NA
"PRI","Puerto Rico","Livestock","FAO aggregates","no","no",1996,903423.6,0,235002,668421.6,NA
"PRI","Puerto Rico","Livestock","FAO aggregates","no","no",1997,936083.5,0,238897.5,697186,NA
"PRI","Puerto Rico","Livestock","FAO aggregates","no","no",1998,930389.5,0,232643.5,697746,NA
"PRI","Puerto Rico","Livestock","FAO aggregates","no","no",1999,921065.7999999999,0,232193,688872.7999999999,NA
"PRI","Puerto Rico","Livestock","FAO aggregates","no","no",2000,935123.6,0,231716,703407.6,NA
"PRI","Puerto Rico","Livestock","FAO aggregates","no","no",2001,939106.9,0,230894.5,708212.4,NA
"PRI","Puerto Rico","Livestock","FAO aggregates","no","no",2002,943566,0,230868,712698,NA
"PRI","Puerto Rico","Livestock","FAO aggregates","no","no",2003,951190.9,1.1641532182693481e-10,224428.5,726762.3999999999,NA
"PRI","Puerto Rico","Livestock","FAO aggregates","no","no",2004,881375.4,1.1641532182693481e-10,206329,675046.3999999999,NA
"PRI","Puerto Rico","Livestock","FAO aggregates","no","no",2005,869095.2999999999,0,210966.5,658128.7999999999,NA
"PRI","Puerto Rico","Livestock","FAO aggregates","no","no",2006,828791.7,-1.1641532182693481e-10,200684.5,628107.2000000001,NA
"PRI","Puerto Rico","Livestock","FAO aggregates","no","no",2007,797186.2999999999,0,193741.5,603444.7999999999,NA
"PRI","Puerto Rico","Livestock","FAO aggregates","no","no",2008,764506.4,1.1641532182693481e-10,186984,577522.3999999999,NA
"PRI","Puerto Rico","Livestock","FAO aggregates","no","no",2009,731406.2000000001,1.1641532182693481e-10,179935,551471.2,NA
"PRI","Puerto Rico","Livestock","FAO aggregates","no","no",2010,697676,0,172886,524790,NA
"PRI","Puerto Rico","Livestock","FAO aggregates","no","no",2011,666141.1000000001,0,166181.5,499959.60000000003,NA
"PRI","Puerto Rico","Livestock","FAO aggregates","no","no",2012,620068.8,0,157940,462128.8,NA
"PRI","Puerto Rico","Livestock","FAO aggregates","no","no",2013,619301.9,0,156005.5,463296.4,NA
"PRI","Puerto Rico","Livestock","FAO aggregates","no","no",2014,605869.8,0,152799,453070.80000000005,NA
"PRI","Puerto Rico","Livestock","FAO aggregates","no","no",2015,594135.3,0,150122.5,444012.80000000005,NA
"PRI","Puerto Rico","Livestock","FAO aggregates","no","no",2016,582983.7999999999,-1.1641532182693481e-10,147287,435696.8,NA
"PRI","Puerto Rico","Livestock","FAO aggregates","no","no",2017,570688.5,0,144080.5,426608,NA
"PRI","Puerto Rico","Livestock","FAO aggregates","no","no",2018,557687,0,140291,417396,NA
"PRI","Puerto Rico","Livestock","FAO aggregates","no","no",2019,567114,0,142676,424438,NA
"PRI","Puerto Rico","Livestock","FAO aggregates","no","no",2020,564894.9,0,142702.5,422192.4,NA
"PRI","Puerto Rico","Livestock","FAO aggregates","no","no",2021,561224.7,0,141801.5,419423.2,NA
"PRI","Puerto Rico","Livestock","FAO aggregates","no","no",2022,562255.5,0,141695.5,420560,NA
"PRI","Puerto Rico","Livestock","FAO aggregates","no","no",2030,1113889.2000000002,2.3283064365386963e-10,280794,833095.2,NA
"PRI","Puerto Rico","Livestock","FAO aggregates","no","no",2050,1290721.2999999998,-2.3283064365386963e-10,329156.5,961564.8,NA
"PRI","Puerto Rico","Agriculture","IPCC aggregates","yes","no",1992,1031637.4,0,267915,763722.4,NA
"PRI","Puerto Rico","Agriculture","IPCC aggregates","yes","no",1993,1031275.6,0,268074,763201.6,NA
"PRI","Puerto Rico","Agriculture","IPCC aggregates","yes","no",1994,1031542.0999999999,-1.1641532182693481e-10,268312.5,763229.6,NA
"PRI","Puerto Rico","Agriculture","IPCC aggregates","yes","no",1995,910810.2999999999,0,243455.5,667354.7999999999,NA
"PRI","Puerto Rico","Agriculture","IPCC aggregates","yes","no",1996,908320.1,0,239268.5,669051.6,NA
"PRI","Puerto Rico","Agriculture","IPCC aggregates","yes","no",1997,940700.7999999999,0,242952,697748.7999999999,NA
"PRI","Puerto Rico","Agriculture","IPCC aggregates","yes","no",1998,934732.8,0,236592,698140.8,NA
"PRI","Puerto Rico","Agriculture","IPCC aggregates","yes","no",1999,925259.4,0,236115,689144.4,NA
"PRI","Puerto Rico","Agriculture","IPCC aggregates","yes","no",2000,939354.9,1.1641532182693481e-10,235664.5,703690.3999999999,NA
"PRI","Puerto Rico","Agriculture","IPCC aggregates","yes","no",2001,942779.4,0,234525,708254.4,NA
"PRI","Puerto Rico","Agriculture","IPCC aggregates","yes","no",2002,960022.9,0,247218.5,712804.4,NA
"PRI","Puerto Rico","Agriculture","IPCC aggregates","yes","no",2003,961627.7999999999,-1.1641532182693481e-10,234843,726784.8,NA
"PRI","Puerto Rico","Agriculture","IPCC aggregates","yes","no",2004,893491.5,0,218439.5,675052,NA
"PRI","Puerto Rico","Agriculture","IPCC aggregates","yes","no",2005,878903.2999999999,-1.1641532182693481e-10,220718.5,658184.8,NA
"PRI","Puerto Rico","Agriculture","IPCC aggregates","yes","no",2006,839898,0,211788,628110,NA
"PRI","Puerto Rico","Agriculture","IPCC aggregates","yes","no",2007,806658,0,203202,603456,NA
"PRI","Puerto Rico","Agriculture","IPCC aggregates","yes","no",2008,773869.2999999999,-1.1641532182693481e-10,196338.5,577530.8,NA
"PRI","Puerto Rico","Agriculture","IPCC aggregates","yes","no",2009,739597.5,0,188123.5,551474,NA
"PRI","Puerto Rico","Agriculture","IPCC aggregates","yes","no",2010,710351.4,0,185553,524798.4,NA
"PRI","Puerto Rico","Agriculture","IPCC aggregates","yes","no",2011,678347.9,0,178371.5,499976.4,NA
"PRI","Puerto Rico","Agriculture","IPCC aggregates","yes","no",2012,632586.7,0,170421.5,462165.2,NA
"PRI","Puerto Rico","Agriculture","IPCC aggregates","yes","no",2013,632799.6000000001,0,169282,463517.60000000003,NA
"PRI","Puerto Rico","Agriculture","IPCC aggregates","yes","no",2014,620347.8,0,167109,453238.80000000005,NA
"PRI","Puerto Rico","Agriculture","IPCC aggregates","yes","no",2015,608422.7,0,163743.5,444679.19999999995,NA
"PRI","Puerto Rico","Agriculture","IPCC aggregates","yes","no",2016,595788.4,0,159848,435940.4,NA
"PRI","Puerto Rico","Agriculture","IPCC aggregates","yes","no",2017,583783.5,0,156853.5,426930,NA
"PRI","Puerto Rico","Agriculture","IPCC aggregates","yes","no",2018,570804.6000000001,0,153011,417793.60000000003,NA
"PRI","Puerto Rico","Agriculture","IPCC aggregates","yes","no",2019,580538.2,0,155767,424771.2,NA
"PRI","Puerto Rico","Agriculture","IPCC aggregates","yes","no",2020,578059.7000000001,1.1641532182693481e-10,155528.5,422531.2,NA
"PRI","Puerto Rico","Agriculture","IPCC aggregates","yes","no",2021,573084.2999999999,-1.1641532182693481e-10,153249.5,419834.8,NA
"PRI","Puerto Rico","Agriculture","IPCC aggregates","yes","no",2022,573983.7,0,153090.5,420893.19999999995,NA
"PRI","Puerto Rico","Agriculture","IPCC aggregates","yes","no",2030,NA,NA,NA,NA,NA
"PRI","Puerto Rico","Agriculture","IPCC aggregates","yes","no",2050,NA,NA,NA,NA,NA
"PRI","Puerto Rico","Agricultural Soils","IPCC aggregates","no","no",1992,245549,0,245549,NA,NA
"PRI","Puerto Rico","Agricultural Soils","IPCC aggregates","no","no",1993,245787.5,0,245787.5,NA,NA
"PRI","Puerto Rico","Agricultural Soils","IPCC aggregates","no","no",1994,245867,0,245867,NA,NA
"PRI","Puerto Rico","Agricultural Soils","IPCC aggregates","no","no",1995,220506.5,0,220506.5,NA,NA
"PRI","Puerto Rico","Agricultural Soils","IPCC aggregates","no","no",1996,218068.5,0,218068.5,NA,NA
"PRI","Puerto Rico","Agricultural Soils","IPCC aggregates","no","no",1997,222653,0,222653,NA,NA
"PRI","Puerto Rico","Agricultural Soils","IPCC aggregates","no","no",1998,220188.5,0,220188.5,NA,NA
"PRI","Puerto Rico","Agricultural Soils","IPCC aggregates","no","no",1999,218333.5,0,218333.5,NA,NA
"PRI","Puerto Rico","Agricultural Soils","IPCC aggregates","no","no",2000,218890,0,218890,NA,NA
"PRI","Puerto Rico","Agricultural Soils","IPCC aggregates","no","no",2001,219181.5,0,219181.5,NA,NA
"PRI","Puerto Rico","Agricultural Soils","IPCC aggregates","no","no",2002,232617,0,232617,NA,NA
"PRI","Puerto Rico","Agricultural Soils","IPCC aggregates","no","no",2003,224163.5,0,224163.5,NA,NA
"PRI","Puerto Rico","Agricultural Soils","IPCC aggregates","no","no",2004,208475.5,0,208475.5,NA,NA
"PRI","Puerto Rico","Agricultural Soils","IPCC aggregates","no","no",2005,209588.5,0,209588.5,NA,NA
"PRI","Puerto Rico","Agricultural Soils","IPCC aggregates","no","no",2006,201029,0,201029,NA,NA
"PRI","Puerto Rico","Agricultural Soils","IPCC aggregates","no","no",2007,192655,0,192655,NA,NA
"PRI","Puerto Rico","Agricultural Soils","IPCC aggregates","no","no",2008,185977,0,185977,NA,NA
"PRI","Puerto Rico","Agricultural Soils","IPCC aggregates","no","no",2009,177947.5,0,177947.5,NA,NA
"PRI","Puerto Rico","Agricultural Soils","IPCC aggregates","no","no",2010,175589,0,175589,NA,NA
"PRI","Puerto Rico","Agricultural Soils","IPCC aggregates","no","no",2011,168513.5,0,168513.5,NA,NA
"PRI","Puerto Rico","Agricultural Soils","IPCC aggregates","no","no",2012,160404.5,0,160404.5,NA,NA
"PRI","Puerto Rico","Agricultural Soils","IPCC aggregates","no","no",2013,159583,0,159583,NA,NA
"PRI","Puerto Rico","Agricultural Soils","IPCC aggregates","no","no",2014,157728,0,157728,NA,NA
"PRI","Puerto Rico","Agricultural Soils","IPCC aggregates","no","no",2015,154415.5,0,154415.5,NA,NA
"PRI","Puerto Rico","Agricultural Soils","IPCC aggregates","no","no",2016,150732,0,150732,NA,NA
"PRI","Puerto Rico","Agricultural Soils","IPCC aggregates","no","no",2017,147923,0,147923,NA,NA
"PRI","Puerto Rico","Agricultural Soils","IPCC aggregates","no","no",2018,144133.5,0,144133.5,NA,NA
"PRI","Puerto Rico","Agricultural Soils","IPCC aggregates","no","no",2019,146916,0,146916,NA,NA
"PRI","Puerto Rico","Agricultural Soils","IPCC aggregates","no","no",2020,146571.5,0,146571.5,NA,NA
"PRI","Puerto Rico","Agricultural Soils","IPCC aggregates","no","no",2021,144292.5,0,144292.5,NA,NA
"PRI","Puerto Rico","Agricultural Soils","IPCC aggregates","no","no",2022,144266,0,144266,NA,NA
"PRI","Puerto Rico","Agricultural Soils","IPCC aggregates","no","no",2030,NA,NA,NA,NA,NA
"PRI","Puerto Rico","Agricultural Soils","IPCC aggregates","no","no",2050,NA,NA,NA,NA,NA
"PRI","Puerto Rico","LULUCF","IPCC aggregates","yes","no",1992,-1113225.9,-1113474.9,53,196,NA
"PRI","Puerto Rico","LULUCF","IPCC aggregates","yes","no",1993,-1113225.9,-1113474.9,53,196,NA
"PRI","Puerto Rico","LULUCF","IPCC aggregates","yes","no",1994,-1119380,-1119629,53,196,NA
"PRI","Puerto Rico","LULUCF","IPCC aggregates","yes","no",1995,-1139816.2,-1140065.2,53,196,NA
"PRI","Puerto Rico","LULUCF","IPCC aggregates","yes","no",1996,-1150766.1,-1151170.4000000001,79.5,324.79999999999995,NA
"PRI","Puerto Rico","LULUCF","IPCC aggregates","yes","no",1997,-1154892.1,-1156151.1,265,994,NA
"PRI","Puerto Rico","LULUCF","IPCC aggregates","yes","no",1998,-1156288,-1157590.3,291.5,1010.8,NA
"PRI","Puerto Rico","LULUCF","IPCC aggregates","yes","no",1999,-1154058.2,-1157590.3,768.5,2763.6,NA
"PRI","Puerto Rico","LULUCF","IPCC aggregates","yes","no",2000,-1157327.2999999998,-1157590.2999999998,53,210,NA
"PRI","Puerto Rico","LULUCF","IPCC aggregates","yes","no",2001,-2179031.7,-2179031.7,0,0,NA
"PRI","Puerto Rico","LULUCF","IPCC aggregates","yes","no",2002,-2181170.6,-2181170.6,0,0,NA
"PRI","Puerto Rico","LULUCF","IPCC aggregates","yes","no",2003,-2192709.6999999997,-2192709.6999999997,0,0,NA
"PRI","Puerto Rico","LULUCF","IPCC aggregates","yes","no",2004,-2193735.7,-2193735.7,0,0,NA
"PRI","Puerto Rico","LULUCF","IPCC aggregates","yes","no",2005,-2195614.2,-2195614.2,0,0,NA
"PRI","Puerto Rico","LULUCF","IPCC aggregates","yes","no",2006,-2198519,-2198519,0,0,NA
"PRI","Puerto Rico","LULUCF","IPCC aggregates","yes","no",2007,-2199545.0999999996,-2199545.0999999996,0,0,NA
"PRI","Puerto Rico","LULUCF","IPCC aggregates","yes","no",2008,-2201596.5999999996,-2201596.5999999996,0,0,NA
"PRI","Puerto Rico","LULUCF","IPCC aggregates","yes","no",2009,-2202622.6,-2202622.6,0,0,NA
"PRI","Puerto Rico","LULUCF","IPCC aggregates","yes","no",2010,-2204673.8,-2204673.8,0,0,NA
"PRI","Puerto Rico","LULUCF","IPCC aggregates","yes","no",2011,-534268.8,-534268.8,0,0,NA
"PRI","Puerto Rico","LULUCF","IPCC aggregates","yes","no",2012,-534140.2000000001,-534268.8,53,75.6,NA
"PRI","Puerto Rico","LULUCF","IPCC aggregates","yes","no",2013,-535294.3,-535294.3,0,0,NA
"PRI","Puerto Rico","LULUCF","IPCC aggregates","yes","no",2014,-532089.1,-532217.7,53,75.6,NA
"PRI","Puerto Rico","LULUCF","IPCC aggregates","yes","no",2015,-532217.7000000001,-532217.7000000001,0,0,NA
"PRI","Puerto Rico","LULUCF","IPCC aggregates","yes","no",2016,-2630835,-2630835,0,0,NA
"PRI","Puerto Rico","LULUCF","IPCC aggregates","yes","no",2017,-2630835,-2630835,0,0,NA
"PRI","Puerto Rico","LULUCF","IPCC aggregates","yes","no",2018,-2630835,-2630835,0,0,NA
"PRI","Puerto Rico","LULUCF","IPCC aggregates","yes","no",2019,-2632701.5,-2632701.5,0,0,NA
"PRI","Puerto Rico","LULUCF","IPCC aggregates","yes","no",2020,-2629963.5,-2629963.5,0,0,NA
"PRI","Puerto Rico","LULUCF","IPCC aggregates","yes","no",2021,-2630989,-2630989,0,0,NA
"PRI","Puerto Rico","LULUCF","IPCC aggregates","yes","no",2022,-2630989,-2630989,0,0,NA
"PRI","Puerto Rico","LULUCF","IPCC aggregates","yes","no",2030,NA,NA,NA,NA,NA
"PRI","Puerto Rico","LULUCF","IPCC aggregates","yes","no",2050,NA,NA,NA,NA,NA
"PRI","Puerto Rico","AFOLU","IPCC aggregates","no","no",1992,-81588.5,-1113474.9,267968,763918.4,NA
"PRI","Puerto Rico","AFOLU","IPCC aggregates","no","no",1993,-81950.3,-1113474.9,268127,763397.6,NA
"PRI","Puerto Rico","AFOLU","IPCC aggregates","no","no",1994,-87837.90000000001,-1119629,268365.5,763425.6,NA
"PRI","Puerto Rico","AFOLU","IPCC aggregates","no","no",1995,-229005.9,-1140065.2,243508.5,667550.7999999999,NA
"PRI","Puerto Rico","AFOLU","IPCC aggregates","no","no",1996,-242446,-1151170.4,239348,669376.4,NA
"PRI","Puerto Rico","AFOLU","IPCC aggregates","no","no",1997,-214191.30000000002,-1156151.1,243217,698742.8,NA
"PRI","Puerto Rico","AFOLU","IPCC aggregates","no","no",1998,-221555.2,-1157590.3,236883.5,699151.6,NA
"PRI","Puerto Rico","AFOLU","IPCC aggregates","no","no",1999,-228798.8,-1157590.3,236883.5,691908,NA
"PRI","Puerto Rico","AFOLU","IPCC aggregates","no","no",2000,-217972.4,-1157590.3,235717.5,703900.4,NA
"PRI","Puerto Rico","AFOLU","IPCC aggregates","no","no",2001,-1236252.3,-2179031.7,234525,708254.4,NA
"PRI","Puerto Rico","AFOLU","IPCC aggregates","no","no",2002,-1221147.7,-2181170.6,247218.5,712804.4,NA
"PRI","Puerto Rico","AFOLU","IPCC aggregates","no","no",2003,-1231081.9,-2192709.7,234843,726784.8,NA
"PRI","Puerto Rico","AFOLU","IPCC aggregates","no","no",2004,-1300244.2000000002,-2193735.7,218439.5,675052,NA
"PRI","Puerto Rico","AFOLU","IPCC aggregates","no","no",2005,-1316710.9000000001,-2195614.2,220718.5,658184.8,NA
"PRI","Puerto Rico","AFOLU","IPCC aggregates","no","no",2006,-1358621,-2198519,211788,628110,NA
"PRI","Puerto Rico","AFOLU","IPCC aggregates","no","no",2007,-1392887.0999999999,-2199545.0999999996,203202,603456,NA
"PRI","Puerto Rico","AFOLU","IPCC aggregates","no","no",2008,-1427727.3,-2201596.6,196338.5,577530.8,NA
"PRI","Puerto Rico","AFOLU","IPCC aggregates","no","no",2009,-1463025.1,-2202622.6,188123.5,551474,NA
"PRI","Puerto Rico","AFOLU","IPCC aggregates","no","no",2010,-1494322.4,-2204673.8,185553,524798.4,NA
"PRI","Puerto Rico","AFOLU","IPCC aggregates","no","no",2011,144079.1,-534268.8,178371.5,499976.4,NA
"PRI","Puerto Rico","AFOLU","IPCC aggregates","no","no",2012,98446.5,-534268.8,170474.5,462240.8,NA
"PRI","Puerto Rico","AFOLU","IPCC aggregates","no","no",2013,97505.3,-535294.3,169282,463517.60000000003,NA
"PRI","Puerto Rico","AFOLU","IPCC aggregates","no","no",2014,88258.70000000001,-532217.7,167162,453314.39999999997,NA
"PRI","Puerto Rico","AFOLU","IPCC aggregates","no","no",2015,76205,-532217.7,163743.5,444679.19999999995,NA
"PRI","Puerto Rico","AFOLU","IPCC aggregates","no","no",2016,-2035046.5999999999,-2630835,159848,435940.4,NA
"PRI","Puerto Rico","AFOLU","IPCC aggregates","no","no",2017,-2047051.5,-2630835,156853.5,426930,NA
"PRI","Puerto Rico","AFOLU","IPCC aggregates","no","no",2018,-2060030.4000000001,-2630835,153011,417793.60000000003,NA
"PRI","Puerto Rico","AFOLU","IPCC aggregates","no","no",2019,-2052163.3000000003,-2632701.5,155767,424771.2,NA
"PRI","Puerto Rico","AFOLU","IPCC aggregates","no","no",2020,-2051903.8,-2629963.5,155528.5,422531.2,NA
"PRI","Puerto Rico","AFOLU","IPCC aggregates","no","no",2021,-2057904.7,-2630989,153249.5,419834.8,NA
"PRI","Puerto Rico","AFOLU","IPCC aggregates","no","no",2022,-2057005.2999999998,-2630989,153090.5,420893.19999999995,NA
"PRI","Puerto Rico","AFOLU","IPCC aggregates","no","no",2030,NA,NA,NA,NA,NA
"PRI","Puerto Rico","AFOLU","IPCC aggregates","no","no",2050,NA,NA,NA,NA,NA
NA,"World","Energy","Not agri-food","yes","no",1992,24036911691.100002,21274155240.800003,167556499.5,2595199950.8,NA
NA,"World","Energy","Not agri-food","yes","no",1993,24215296715,21437124639,168737297,2609434779,NA
NA,"World","Energy","Not agri-food","yes","no",1994,24267147226.7,21464704397.3,173768216,2628674613.4,NA
NA,"World","Energy","Not agri-food","yes","no",1995,24739991875.300003,21853662785.9,181760427.9,2704568661.5,NA
NA,"World","Energy","Not agri-food","yes","no",1996,25377012962.5,22418270162.9,186357528.3,2772385271.3,NA
NA,"World","Energy","Not agri-food","yes","no",1997,25539444230,22544094159.7,195852708.9,2799497361.3999996,NA
NA,"World","Energy","Not agri-food","yes","no",1998,25338218644.1,22429696558.899998,202748814.7,2705773270.5,NA
NA,"World","Energy","Not agri-food","yes","no",1999,25826482359.1,22918582889.6,211092556.4,2696806913.1,NA
NA,"World","Energy","Not agri-food","yes","no",2000,26586965049.199997,23583634834.6,194088003.9,2809242210.7000003,NA
NA,"World","Energy","Not agri-food","yes","no",2001,26668316605,23657353942.1,197484018.9,2813478644,NA
NA,"World","Energy","Not agri-food","yes","no",2002,27116971788.600002,24147391338.7,202050002.4,2767530447.5,NA
NA,"World","Energy","Not agri-food","yes","no",2003,28592183540.899998,25426986762.899998,210751998.9,2954444779.1,NA
NA,"World","Energy","Not agri-food","yes","no",2004,29607653429,26340239708.9,222684316.2,3044729403.8999996,NA
NA,"World","Energy","Not agri-food","yes","no",2005,30534854940.2,27164186204.4,228134585.9,3142534149.9,NA
NA,"World","Energy","Not agri-food","yes","no",2006,31506582884,28041150907.9,236711114.8,3228720861.3,NA
NA,"World","Energy","Not agri-food","yes","no",2007,32238807485.100002,28749688304.300003,245858489.70000002,3243260691.1,NA
NA,"World","Energy","Not agri-food","yes","no",2008,33106800430.3,29545901098.3,249576125.3,3311323206.7,NA
NA,"World","Energy","Not agri-food","yes","no",2009,32597692681.8,29091396436.199997,243118815.89999998,3263177429.7000003,NA
NA,"World","Energy","Not agri-food","yes","no",2010,34251535996.699997,30599945385.699997,254654213.6,3396936397.4,NA
NA,"World","Energy","Not agri-food","yes","no",2011,35419025039.399994,31595688700.899994,260161096.7,3563175241.8,NA
NA,"World","Energy","Not agri-food","yes","no",2012,35931085566.1,32055813966.1,262948315.1,3612323284.8999996,NA
NA,"World","Energy","Not agri-food","yes","no",2013,35991280075.6,32139283464.8,266137837.50000003,3585858773.3,NA
NA,"World","Energy","Not agri-food","yes","no",2014,36278332690.9,32404034430.5,268637955.1,3605660305.3,NA
NA,"World","Energy","Not agri-food","yes","no",2015,36338295926.700005,32502919587.500004,266106650.8,3569269688.4,NA
NA,"World","Energy","Not agri-food","yes","no",2016,36292436850.100006,32487473381.800007,266776664.89999998,3538186803.4,NA
NA,"World","Energy","Not agri-food","yes","no",2017,36936474034.4,33054857199.5,272778446,3608838388.9,NA
NA,"World","Energy","Not agri-food","yes","no",2018,37777462661.5,33790274114.6,278242575.59999996,3708945971.2999997,NA
NA,"World","Energy","Not agri-food","yes","no",2019,38159836055.1,34127628290.1,280138278,3752069487,NA
NA,"World","Energy","Not agri-food","yes","no",2020,36315495237.2,32480373654.6,266484819.20000002,3568636763.4,NA
NA,"World","Energy","Not agri-food","yes","no",2021,38092048019.7,34156494913.799995,281338003.6,3654215102.2999997,NA
NA,"World","Energy","Not agri-food","yes","no",2022,38843791437,34774273112.6,285503548.59999996,3784014775.7999997,NA
NA,"World","Energy","Not agri-food","yes","no",2030,NA,NA,NA,NA,NA
NA,"World","Energy","Not agri-food","yes","no",2050,NA,NA,NA,NA,NA
NA,"World","IPPU","Not agri-food","yes","no",1992,1633330095.5,1086798276.5,217594228.70000002,3904494,325033096.29999995
NA,"World","IPPU","Not agri-food","yes","no",1993,1647208740.1000001,1105743069.3000002,210738753,4218424.8,326508493
NA,"World","IPPU","Not agri-food","yes","no",1994,1728449635.5,1157178688,224723505.20000002,4493774.6,342053667.7
NA,"World","IPPU","Not agri-food","yes","no",1995,1835731962.5,1217132116.2,242172280.5,4788575.8,371638990
NA,"World","IPPU","Not agri-food","yes","no",1996,1888171011.9,1238844458.9,250080052.39999998,4771049.699999999,394475450.9
NA,"World","IPPU","Not agri-food","yes","no",1997,1951144671.8999999,1283408351.1,240947672.9,4956336.100000001,421832311.8
NA,"World","IPPU","Not agri-food","yes","no",1998,1965365712.6,1302468779.1,217466702.9,5187512.800000001,440242717.8
NA,"World","IPPU","Not agri-food","yes","no",1999,1998129868.3,1342084456.6,198323455.3,5127439.8,452594516.59999996
NA,"World","IPPU","Not agri-food","yes","no",2000,2091932834,1403670144.3,203912941.3,5414291.5,478935456.9
NA,"World","IPPU","Not agri-food","yes","no",2001,2118828274.4,1434545120.7000003,199270491.79999998,5519567.9,479493094
NA,"World","IPPU","Not agri-food","yes","no",2002,2245637764,1490820074.1999998,193896562.89999998,5815082.1,555106044.8000001
NA,"World","IPPU","Not agri-food","yes","no",2003,2400602795.5,1612080450.3,197416169.3,6191687.7,584914488.2
NA,"World","IPPU","Not agri-food","yes","no",2004,2571642571.2000003,1701527330.1000004,210135945,6648133.7,653331162.4
NA,"World","IPPU","Not agri-food","yes","no",2005,2732112257.3,1802709569.0000002,220367870.4,6946106.899999999,702088711
NA,"World","IPPU","Not agri-food","yes","no",2006,2898529360,1941567023,217947769.3,7682605.5,731331962.1999999
NA,"World","IPPU","Not agri-food","yes","no",2007,3065998056.7000003,2077413676.3000002,233394134.1,8224149.7,746966096.6
NA,"World","IPPU","Not agri-food","yes","no",2008,3031445772.9,2080850987.5,208235395.4,8271861.000000001,734087529
NA,"World","IPPU","Not agri-food","yes","no",2009,3041781870.5,2099251360,178987774.29999998,8250483.700000001,755292252.5
NA,"World","IPPU","Not agri-food","yes","no",2010,3247534138.7999997,2244352879.7,183724316.8,9394244.5,810062697.8
NA,"World","IPPU","Not agri-food","yes","no",2011,3463430211.2,2393187375.1,199495637,13672919.6,857074279.5
NA,"World","IPPU","Not agri-food","yes","no",2012,3583565608.1,2444738092.2,214511725.5,14597569.5,909718220.9
NA,"World","IPPU","Not agri-food","yes","no",2013,3734485320.2999997,2549341134.7,215699226.1,15292181.7,954152777.8000001
NA,"World","IPPU","Not agri-food","yes","no",2014,3918090622.1,2662084137.5,216781684.10000002,16803659.400000002,1022421141.1
NA,"World","IPPU","Not agri-food","yes","no",2015,3801854285,2577510354.2,217081191.9,16765213.4,990497525.5
NA,"World","IPPU","Not agri-food","yes","no",2016,3897441838.8999996,2623871326.3999996,218979551.9,17092722.2,1037498238.4
NA,"World","IPPU","Not agri-food","yes","no",2017,3999966751.4,2664012425.3,220484873.3,17951564,1097517888.8000002
NA,"World","IPPU","Not agri-food","yes","no",2018,4135166248,2738369253.8999996,222725292.7,18630479,1155441222.4
NA,"World","IPPU","Not agri-food","yes","no",2019,4292096596.9,2844156104.6,223537489.5,19609965.7,1204793037.1000001
NA,"World","IPPU","Not agri-food","yes","no",2020,4391048283.7,2875913480.0999994,233228647,19844051.5,1262062105.1000001
NA,"World","IPPU","Not agri-food","yes","no",2021,4563549519.4,2970542519.7999997,244414547.7,20560173.5,1328032278.3999999
NA,"World","IPPU","Not agri-food","yes","no",2022,4500829092,2866617882.8999996,238006749.5,20560850.900000002,1375643608.7
NA,"World","IPPU","Not agri-food","yes","no",2030,NA,NA,NA,NA,NA
NA,"World","IPPU","Not agri-food","yes","no",2050,NA,NA,NA,NA,NA
NA,"World","Waste","Not agri-food","yes","no",1992,1681652211.8,11213688.899999857,71022073.5,1599416449.4,NA
NA,"World","Waste","Not agri-food","yes","no",1993,1701720120.1,10977357.899999857,72850018,1617892744.2,NA
NA,"World","Waste","Not agri-food","yes","no",1994,1728377941.9,11813898.200000286,75084410,1641479633.6999998,NA
NA,"World","Waste","Not agri-food","yes","no",1995,1748716903.8,11929216.799999952,76868203.4,1659919483.6,NA
NA,"World","Waste","Not agri-food","yes","no",1996,1768805854.2,13217407.700000048,78888709.3,1676699737.2,NA
NA,"World","Waste","Not agri-food","yes","no",1997,1790371427.3000002,13954465.600000143,80412705.3,1696004256.4,NA
NA,"World","Waste","Not agri-food","yes","no",1998,1801830206.5,13426909.80000019,82347938.1,1706055358.6,NA
NA,"World","Waste","Not agri-food","yes","no",1999,1822813429.8,13372876.299999952,83899412.4,1725541141.1,NA
NA,"World","Waste","Not agri-food","yes","no",2000,1851130952.5,14654443.099999905,85173924.4,1751302585,NA
NA,"World","Waste","Not agri-food","yes","no",2001,1850444094.4,15074181,86319703.89999999,1749050209.5,NA
NA,"World","Waste","Not agri-food","yes","no",2002,1866637485.8999999,14313446.099999905,87481101.8,1764842938,NA
NA,"World","Waste","Not agri-food","yes","no",2003,1900241184.3999999,15643798.399999857,89314939.10000001,1795282446.9,NA
NA,"World","Waste","Not agri-food","yes","no",2004,1929595784.7,14759248.899999857,90730706.5,1824105829.3000002,NA
NA,"World","Waste","Not agri-food","yes","no",2005,1949918735.3999999,14289686.099999905,92046059.39999999,1843582989.8999999,NA
NA,"World","Waste","Not agri-food","yes","no",2006,1997515998.1,15061842.999999762,94179213.2,1888274941.9,NA
NA,"World","Waste","Not agri-food","yes","no",2007,2030827431.2,15355518.400000095,96472362.6,1918999550.2,NA
NA,"World","Waste","Not agri-food","yes","no",2008,2051623020.1999998,15949000.19999981,98372929.9,1937301090.1,NA
NA,"World","Waste","Not agri-food","yes","no",2009,2063065623.3999999,15393718.200000048,100317072.8,1947354832.3999999,NA
NA,"World","Waste","Not agri-food","yes","no",2010,2095361211.7,16187629.600000143,102245194.2,1976928387.8999999,NA
NA,"World","Waste","Not agri-food","yes","no",2011,2136570911.2,16527903.5,104434198.5,2015608809.2,NA
NA,"World","Waste","Not agri-food","yes","no",2012,2162268005.9,16139684.900000095,106256064.3,2039872256.7,NA
NA,"World","Waste","Not agri-food","yes","no",2013,2203665962.5,18109434.5,108445557.7,2077110970.3,NA
NA,"World","Waste","Not agri-food","yes","no",2014,2239601991.7000003,16541971.30000019,110278949.5,2112781070.9,NA
NA,"World","Waste","Not agri-food","yes","no",2015,2284385935.8,17516761.19999981,112492353.4,2154376821.2000003,NA
NA,"World","Waste","Not agri-food","yes","no",2016,2324249647.2999997,17741180.89999962,114780317.5,2191728148.9,NA
NA,"World","Waste","Not agri-food","yes","no",2017,2370435378.3999996,17593394.39999962,116959244.7,2235882739.3,NA
NA,"World","Waste","Not agri-food","yes","no",2018,2421855262.6,18014517,118369918,2285470827.6,NA
NA,"World","Waste","Not agri-food","yes","no",2019,2460601366.6,17816965.099999428,119625750.3,2323158651.2000003,NA
NA,"World","Waste","Not agri-food","yes","no",2020,2493482160.8,17759054.30000019,120939021,2354784085.5,NA
NA,"World","Waste","Not agri-food","yes","no",2021,2537814983.3999996,17766131.69999981,122631771,2397417080.7,NA
NA,"World","Waste","Not agri-food","yes","no",2022,2577948164.7999997,17834194.19999981,124368320,2435745650.6,NA
NA,"World","Waste","Not agri-food","yes","no",2030,NA,NA,NA,NA,NA
NA,"World","Waste","Not agri-food","yes","no",2050,NA,NA,NA,NA,NA
NA,"World","International bunkers","Not agri-food","yes","no",1992,702353566.1,673489503.4,18719019.9,10145042.799999999,NA
NA,"World","International bunkers","Not agri-food","yes","no",1993,694417618,665723096.5,18293519.400000002,10401002.1,NA
NA,"World","International bunkers","Not agri-food","yes","no",1994,720837613,691403814,18904499.5,10529299.5,NA
NA,"World","International bunkers","Not agri-food","yes","no",1995,747593213.3,717180578.4,19585018.1,10827616.799999999,NA
NA,"World","International bunkers","Not agri-food","yes","no",1996,768680640.5,737438106.9,20056787.7,11185745.9,NA
NA,"World","International bunkers","Not agri-food","yes","no",1997,795182893.5,762825163.5,20645940.6,11711789.4,NA
NA,"World","International bunkers","Not agri-food","yes","no",1998,820245833.6,786780274.1,21285579.5,12179980,NA
NA,"World","International bunkers","Not agri-food","yes","no",1999,862182342.5,827856334.4,22465202.6,11860805.5,NA
NA,"World","International bunkers","Not agri-food","yes","no",2000,888807641.9000001,853081551.5000001,23095665.700000003,12630424.7,NA
NA,"World","International bunkers","Not agri-food","yes","no",2001,856088439.6,821443772.9,22075329.4,12569337.299999999,NA
NA,"World","International bunkers","Not agri-food","yes","no",2002,895486229.7,860174166.9000001,23011671.5,12300391.299999999,NA
NA,"World","International bunkers","Not agri-food","yes","no",2003,902203411.8,865839383.0999999,23258565.4,13105463.299999999,NA
NA,"World","International bunkers","Not agri-food","yes","no",2004,984150036.5,944609077,25468029.8,14072929.700000001,NA
NA,"World","International bunkers","Not agri-food","yes","no",2005,1029668106.5,988884710.1,26493050.3,14290346.100000001,NA
NA,"World","International bunkers","Not agri-food","yes","no",2006,1084034358.5,1041552101.2,28061450.2,14420807.1,NA
NA,"World","International bunkers","Not agri-food","yes","no",2007,1135468333.1,1091417643,29561185.6,14489504.5,NA
NA,"World","International bunkers","Not agri-food","yes","no",2008,1144453695.8999999,1100307543.4999998,29691362.5,14454789.9,NA
NA,"World","International bunkers","Not agri-food","yes","no",2009,1089605471.5,1047640922.7,28275223.900000002,13689324.9,NA
NA,"World","International bunkers","Not agri-food","yes","no",2010,1164513733.7,1120193979.6000001,30342001.599999998,13977752.5,NA
NA,"World","International bunkers","Not agri-food","yes","no",2011,1181008242.8,1136361327.6,30582358.599999998,14064556.6,NA
NA,"World","International bunkers","Not agri-food","yes","no",2012,1134479490.8,1091473304.3,28909241.2,14096945.299999999,NA
NA,"World","International bunkers","Not agri-food","yes","no",2013,1139920649.5,1097099337.5,28933391.2,13887920.8,NA
NA,"World","International bunkers","Not agri-food","yes","no",2014,1177191253.4,1133539672.5,29960799.8,13690781.1,NA
NA,"World","International bunkers","Not agri-food","yes","no",2015,1234289944.2,1188644505.7,31366202.2,14279236.3,NA
NA,"World","International bunkers","Not agri-food","yes","no",2016,1275074038.6000001,1227815554.9,32253135.3,15005348.4,NA
NA,"World","International bunkers","Not agri-food","yes","no",2017,1337993917.1,1289295493.5,33696200.7,15002222.9,NA
NA,"World","International bunkers","Not agri-food","yes","no",2018,1367234190.3999999,1317830731.8999999,34122817.9,15280640.600000001,NA
NA,"World","International bunkers","Not agri-food","yes","no",2019,1361078427.5,1312259707.4,33713409.4,15105310.7,NA
NA,"World","International bunkers","Not agri-food","yes","no",2020,970417676.6999999,929237933.6999999,27304302.3,13875440.7,NA
NA,"World","International bunkers","Not agri-food","yes","no",2021,1054970571.1999999,1011776977.0999999,29271616.6,13921977.5,NA
NA,"World","International bunkers","Not agri-food","yes","no",2022,1175800119.8,1130072463.5,31747905.599999998,13979750.700000001,NA
NA,"World","International bunkers","Not agri-food","yes","no",2030,NA,NA,NA,NA,NA
NA,"World","International bunkers","Not agri-food","yes","no",2050,NA,NA,NA,NA,NA
NA,"World","Agrifood systems","FAO aggregates","no","no",1992,14282899194.199999,7785961581.799998,1782507576.8,4629746690.1,84683345.5
NA,"World","Agrifood systems","FAO aggregates","no","no",1993,14280046545,7825129705,1768206858.1000001,4628880772.5,57829209.4
NA,"World","Agrifood systems","FAO aggregates","no","no",1994,14393527457.599998,7872978392.199999,1787418338.2,4665827031.5,67303695.7
NA,"World","Agrifood systems","FAO aggregates","no","no",1995,14649810371.6,8063332596,1825800175.8000002,4708049873.1,52627726.7
NA,"World","Agrifood systems","FAO aggregates","no","no",1996,14556886781,8005963497.5,1821883282,4679099171.1,49940830.4
NA,"World","Agrifood systems","FAO aggregates","no","no",1997,15524098171.9,8720082365.5,1815599244.6000001,4924928398.900001,63488162.900000006
NA,"World","Agrifood systems","FAO aggregates","no","no",1998,14902367656.5,8183351410.2,1851912786.6,4810199323.400001,56904136.3
NA,"World","Agrifood systems","FAO aggregates","no","no",1999,14796929247.400002,8085064937.200002,1865640272,4771804487.4,74419550.8
NA,"World","Agrifood systems","FAO aggregates","no","no",2000,14741011050.4,8088641832.7,1847162561.7,4731353130.8,73853525.2
NA,"World","Agrifood systems","FAO aggregates","no","no",2001,14269401409.800001,7584141109.500001,1883317543.8000002,4713077975.1,88864781.4
NA,"World","Agrifood systems","FAO aggregates","no","no",2002,14846484925.300001,7941754014.700001,1932112229.4,4865072662.8,107546018.4
NA,"World","Agrifood systems","FAO aggregates","no","no",2003,14677466215.4,7797124843,1951731727,4807205037,121404608.39999999
NA,"World","Agrifood systems","FAO aggregates","no","no",2004,15351789719.8,8225396317.799999,2011847408.2,4975664081.3,138881912.5
NA,"World","Agrifood systems","FAO aggregates","no","no",2005,15230994680.9,8119637026.299999,2020153376.8,4948230967.5,142973310.3
NA,"World","Agrifood systems","FAO aggregates","no","no",2006,15809947452.3,8525154631.099999,2040128484.3,5078768331.2,165896005.70000002
NA,"World","Agrifood systems","FAO aggregates","no","no",2007,15450884247.300001,8172510928.300001,2094272506.8000002,4995813926.7,188286885.5
NA,"World","Agrifood systems","FAO aggregates","no","no",2008,15490399511.5,8205759253.299999,2073307689.5,5001820479.1,209512089.6
NA,"World","Agrifood systems","FAO aggregates","no","no",2009,15895568700.5,8492433796.699999,2078362942.4,5099908715.900001,224863245.5
NA,"World","Agrifood systems","FAO aggregates","no","no",2010,15800558873.7,8340556440.700001,2148983626.9,5060990791.1,250028015
NA,"World","Agrifood systems","FAO aggregates","no","no",2011,15827455283.3,8188723928.899999,2205057876.3,5159117783.3,274555694.8
NA,"World","Agrifood systems","FAO aggregates","no","no",2012,15951416706.1,8247487868.700001,2213764510.4,5187082971.7,303081355.3
NA,"World","Agrifood systems","FAO aggregates","no","no",2013,16059044963.199999,8403206079.699998,2186562183.8,5142986294.200001,326290405.5
NA,"World","Agrifood systems","FAO aggregates","no","no",2014,16519153502.5,8693025849.599998,2217259749.1,5253080990.1,355786913.7
NA,"World","Agrifood systems","FAO aggregates","no","no",2015,16566725249,8687579744.6,2225979630.7999997,5283770338,369395535.6
NA,"World","Agrifood systems","FAO aggregates","no","no",2016,15843316493.1,8043748203.5,2238805668.1,5170879833.3,389882788.2
NA,"World","Agrifood systems","FAO aggregates","no","no",2017,15924120686.2,8030213731.1,2284822089.5,5202751052.400001,406333813.2
NA,"World","Agrifood systems","FAO aggregates","no","no",2018,16136601313.4,8227141296.799999,2254149683.3,5233221075.6,422089257.7
NA,"World","Agrifood systems","FAO aggregates","no","no",2019,16396435262.800001,8382109602.700001,2268677409.2000003,5306478006.7,439170244.2
NA,"World","Agrifood systems","FAO aggregates","no","no",2020,16068038530.4,8025701030.6,2326485746.2,5260076115.299999,455775638.3
NA,"World","Agrifood systems","FAO aggregates","no","no",2021,16269113536.599998,8175343542.799998,2332445023.8,5276503970.8,484820999.20000005
NA,"World","Agrifood systems","FAO aggregates","no","no",2022,16240231621.300001,8166879006.900002,2304140850.8,5284390764.4,484820999.20000005
NA,"World","Agrifood systems","FAO aggregates","no","no",2030,NA,NA,NA,NA,NA
NA,"World","Agrifood systems","FAO aggregates","no","no",2050,NA,NA,NA,NA,NA
NA,"World","Farm gate","Agrifood systems","no","yes",1992,6688008429.1,1523768954.3999996,1632928701.5,3531310773.2000003,NA
NA,"World","Farm gate","Agrifood systems","no","yes",1993,6635560752.9,1504198414.8999996,1618355848,3513006490,NA
NA,"World","Farm gate","Agrifood systems","no","yes",1994,6706765680.4,1530154275.7999992,1634859465,3541751939.6000004,NA
NA,"World","Farm gate","Agrifood systems","no","yes",1995,6791415129.8,1560539958.3000002,1669693953.5,3561181218,NA
NA,"World","Farm gate","Agrifood systems","no","yes",1996,6825211220.5,1566539922.7999992,1699233768.5,3559437529.2000003,NA
NA,"World","Farm gate","Agrifood systems","no","yes",1997,6746619828.700001,1561628542,1675278033.5,3509713253.2000003,NA
NA,"World","Farm gate","Agrifood systems","no","yes",1998,6791818843.3,1553249272.6000004,1703895171.5,3534674399.2,NA
NA,"World","Farm gate","Agrifood systems","no","yes",1999,6835616393.8,1539970630.5,1726646004.5,3568999758.8,NA
NA,"World","Farm gate","Agrifood systems","no","yes",2000,6834518809.1,1541503421.6000004,1720408699.5,3572606688,NA
NA,"World","Farm gate","Agrifood systems","no","yes",2001,6840976935.3,1543430179.500001,1731498393,3566048362.7999997,NA
NA,"World","Farm gate","Agrifood systems","no","yes",2002,6841081283.200001,1489131616.5,1762928373.5,3589021293.2000003,NA
NA,"World","Farm gate","Agrifood systems","no","yes",2003,6872925290.7,1523197157.3999996,1761177094.5,3588551038.8,NA
NA,"World","Farm gate","Agrifood systems","no","yes",2004,7027632748,1566541541.8000002,1812159517,3648931689.2,NA
NA,"World","Farm gate","Agrifood systems","no","yes",2005,7094253581.7,1591393910.5,1820605014,3682254657.2,NA
NA,"World","Farm gate","Agrifood systems","no","yes",2006,7180010200.2,1615974129.8999996,1849056659.5,3714979410.8,NA
NA,"World","Farm gate","Agrifood systems","no","yes",2007,7230533764.6,1591971696.9000006,1887627568.5,3750934499.2,NA
NA,"World","Farm gate","Agrifood systems","no","yes",2008,7257334597.400001,1608286768.1000004,1881253152.5,3767794676.8,NA
NA,"World","Farm gate","Agrifood systems","no","yes",2009,7248093901,1603107812,1887084557,3757901532,NA
NA,"World","Farm gate","Agrifood systems","no","yes",2010,7332008563.5,1628254395.1000004,1923787746,3779966422.4,NA
NA,"World","Farm gate","Agrifood systems","no","yes",2011,7493170774.2,1658665477.5,1994406085.5,3840099211.2,NA
NA,"World","Farm gate","Agrifood systems","no","yes",2012,7531078770,1674475854,1999621312,3856981604,NA
NA,"World","Farm gate","Agrifood systems","no","yes",2013,7516173712.3,1714325685.8000002,1981417958.5,3820430068,NA
NA,"World","Farm gate","Agrifood systems","no","yes",2014,7573065260.599999,1718196316.0999994,2008678932.5,3846190012,NA
NA,"World","Farm gate","Agrifood systems","no","yes",2015,7562499489,1689102549.3999996,2012113942,3861282997.6,NA
NA,"World","Farm gate","Agrifood systems","no","yes",2016,7619543537,1706754867.1999998,2024454833,3888333836.8,NA
NA,"World","Farm gate","Agrifood systems","no","yes",2017,7732443617.6,1735953217.3000002,2070552563.5,3925937836.8,NA
NA,"World","Farm gate","Agrifood systems","no","yes",2018,7712985451.2,1738292681.3000002,2055924033.5,3918768736.3999996,NA
NA,"World","Farm gate","Agrifood systems","no","yes",2019,7717673705,1753306904.2000008,2053773426,3910593374.7999997,NA
NA,"World","Farm gate","Agrifood systems","no","yes",2020,7787487099.3,1717506606.1000004,2105418216,3964562277.2,NA
NA,"World","Farm gate","Agrifood systems","no","yes",2021,7833801093.7,1718413560.999999,2117189807.5,3998197725.2000003,NA
NA,"World","Farm gate","Agrifood systems","no","yes",2022,7836567809.1,1718212066.3000002,2098403454,4019952288.8,NA
NA,"World","Farm gate","Agrifood systems","no","yes",2030,NA,NA,NA,NA,NA
NA,"World","Farm gate","Agrifood systems","no","yes",2050,NA,NA,NA,NA,NA
NA,"World","Land Use change","Agrifood systems","no","yes",1992,4673137708.2,4460967807.7,61493276.5,150676624,NA
NA,"World","Land Use change","Agrifood systems","no","yes",1993,4673137708.2,4460967807.7,61493276.5,150676624,NA
NA,"World","Land Use change","Agrifood systems","no","yes",1994,4673137708.2,4460967807.7,61493276.5,150676624,NA
NA,"World","Land Use change","Agrifood systems","no","yes",1995,4673137708.2,4460967807.7,61493276.5,150676624,NA
NA,"World","Land Use change","Agrifood systems","no","yes",1996,4461456549.4,4328750587.299999,24608456.5,108097505.60000001,NA
NA,"World","Land Use change","Agrifood systems","no","yes",1997,5461125955.900001,5017221453.6,41103275.5,402801226.8,NA
NA,"World","Land Use change","Agrifood systems","no","yes",1998,4731566694.400001,4457656461.3,45756357.5,228153875.6,NA
NA,"World","Land Use change","Agrifood systems","no","yes",1999,4539435173.2,4355962743,33636397,149836033.20000002,NA
NA,"World","Land Use change","Agrifood systems","no","yes",2000,4406541225,4300795148,20819725,84926352,NA
NA,"World","Land Use change","Agrifood systems","no","yes",2001,3828991740,3723561955.2,44038018,61391766.8,NA
NA,"World","Land Use change","Agrifood systems","no","yes",2002,4356142402.099999,4097518673.8999996,55189059,203434669.20000002,NA
NA,"World","Land Use change","Agrifood systems","no","yes",2003,4024029388.7999997,3823111111.2999997,72361191.5,128557086,NA
NA,"World","Land Use change","Agrifood systems","no","yes",2004,4402881489.6,4090729073.5000005,81076670.5,231075745.6,NA
NA,"World","Land Use change","Agrifood systems","no","yes",2005,4117071301.4,3879378927.7000003,80422438.5,157269935.20000002,NA
NA,"World","Land Use change","Agrifood systems","no","yes",2006,4480901865.8,4169730725.1000004,67950319.5,243220821.20000002,NA
NA,"World","Land Use change","Agrifood systems","no","yes",2007,3928081306.6,3737552360.2999997,81246217.5,109282728.8,NA
NA,"World","Land Use change","Agrifood systems","no","yes",2008,3872284531.8999996,3721460694.4999995,65417529,85406308.39999999,NA
NA,"World","Land Use change","Agrifood systems","no","yes",2009,4270317802.5,4022307177.6,62281492.5,185729132.4,NA
NA,"World","Land Use change","Agrifood systems","no","yes",2010,3932940763.2,3725897096.8999996,90771801.5,116271864.8,NA
NA,"World","Land Use change","Agrifood systems","no","yes",2011,3673606145.6,3464287712.1,71061419.5,138257014,NA
NA,"World","Land Use change","Agrifood systems","no","yes",2012,3687055625.6,3470081177.7,73683011.5,143291436.4,NA
NA,"World","Land Use change","Agrifood systems","no","yes",2013,3645110211.2,3454621125.7,63886385.5,126602700,NA
NA,"World","Land Use change","Agrifood systems","no","yes",2014,3995901776.9,3715009428.2000003,64134425.5,216757923.2,NA
NA,"World","Land Use change","Agrifood systems","no","yes",2015,4034918066.1,3731291184.5,72052652,231574229.6,NA
NA,"World","Land Use change","Agrifood systems","no","yes",2016,3170499943.2999997,3000293280.2,70058553.5,100148109.6,NA
NA,"World","Land Use change","Agrifood systems","no","yes",2017,3125766749.7999997,2964122973.8999996,71878679.5,89765096.39999999,NA
NA,"World","Land Use change","Agrifood systems","no","yes",2018,3287562857,3108321059.3,56942378.5,122299419.2,NA
NA,"World","Land Use change","Agrifood systems","no","yes",2019,3552834469.9,3280603655.7,72466847,199763967.20000002,NA
NA,"World","Land Use change","Agrifood systems","no","yes",2020,3151153050.7,2980476267.3999996,73451666.5,97225116.8,NA
NA,"World","Land Use change","Agrifood systems","no","yes",2021,3101243474.8,2960280088.9,62906097.5,78057288.4,NA
NA,"World","Land Use change","Agrifood systems","no","yes",2022,3069594844.1,2952017047.7,53388278,64189518.4,NA
NA,"World","Land Use change","Agrifood systems","no","yes",2030,NA,NA,NA,NA,NA
NA,"World","Land Use change","Agrifood systems","no","yes",2050,NA,NA,NA,NA,NA
NA,"World","Pre- and Post- Production","Agrifood systems","no","yes",1992,2921753056.9,1801224819.7,88085598.80000001,947759292.9,84683345.5
NA,"World","Pre- and Post- Production","Agrifood systems","no","yes",1993,2971348083.9,1859963482.4,88357733.60000001,965197658.5,57829209.4
NA,"World","Pre- and Post- Production","Agrifood systems","no","yes",1994,3013624069,1881856308.6999998,91065596.69999999,973398467.9000001,67303695.7
NA,"World","Pre- and Post- Production","Agrifood systems","no","yes",1995,3185257533.6000004,2041824830.0000005,94612945.8,996192031.1,52627726.7
NA,"World","Pre- and Post- Production","Agrifood systems","no","yes",1996,3270219011.1,2110672987.3999999,98041057,1011564136.3000001,49940830.4
NA,"World","Pre- and Post- Production","Agrifood systems","no","yes",1997,3316352387.3,2141232369.9,99217935.6,1012413918.9000001,63488162.900000006
NA,"World","Pre- and Post- Production","Agrifood systems","no","yes",1998,3378982118.7999997,2172445676.2999997,102261257.6,1047371048.6,56904136.3
NA,"World","Pre- and Post- Production","Agrifood systems","no","yes",1999,3421877680.4,2189131563.6,105357870.6,1052968695.4000001,74419550.8
NA,"World","Pre- and Post- Production","Agrifood systems","no","yes",2000,3499951016.2999997,2246343263.0999994,105934137.2,1073820090.8,73853525.2
NA,"World","Pre- and Post- Production","Agrifood systems","no","yes",2001,3599432734.5,2317148974.8,107781132.80000001,1085637845.5,88864781.4
NA,"World","Pre- and Post- Production","Agrifood systems","no","yes",2002,3649261240,2355103724.3,113994796.9,1072616700.4,107546018.4
NA,"World","Pre- and Post- Production","Agrifood systems","no","yes",2003,3780511535.9,2450816574.3,118193441,1090096912.1999998,121404608.39999999
NA,"World","Pre- and Post- Production","Agrifood systems","no","yes",2004,3921275482.2,2568125702.5,118611220.7,1095656646.5,138881912.5
NA,"World","Pre- and Post- Production","Agrifood systems","no","yes",2005,4019669797.7999997,2648864187.9999995,119125924.4,1108706375.1000001,142973310.3
NA,"World","Pre- and Post- Production","Agrifood systems","no","yes",2006,4149035386.2999997,2739449776.0999994,123121505.3,1120568099.2,165896005.70000002
NA,"World","Pre- and Post- Production","Agrifood systems","no","yes",2007,4292269176.1,2842986871.1,125398720.8,1135596698.7,188286885.5
NA,"World","Pre- and Post- Production","Agrifood systems","no","yes",2008,4360780382.2,2876011790.7,126637008,1148619493.8999999,209512089.6
NA,"World","Pre- and Post- Production","Agrifood systems","no","yes",2009,4377156997,2867018807.1,128996892.9,1156278051.5,224863245.5
NA,"World","Pre- and Post- Production","Agrifood systems","no","yes",2010,4535609547,2986404948.7000003,134424079.39999998,1164752503.8999999,250028015
NA,"World","Pre- and Post- Production","Agrifood systems","no","yes",2011,4660678363.5,3065770739.3,139590371.3,1180761558.1,274555694.8
NA,"World","Pre- and Post- Production","Agrifood systems","no","yes",2012,4733282310.5,3102930837,140460186.9,1186809931.3,303081355.3
NA,"World","Pre- and Post- Production","Agrifood systems","no","yes",2013,4897761039.7,3234259268.2,141257839.79999998,1195953526.2,326290405.5
NA,"World","Pre- and Post- Production","Agrifood systems","no","yes",2014,4950186465,3259820105.3,144446391.1,1190133054.9,355786913.7
NA,"World","Pre- and Post- Production","Agrifood systems","no","yes",2015,4969307693.900001,3267186010.700001,141813036.8,1190913110.8,369395535.6
NA,"World","Pre- and Post- Production","Agrifood systems","no","yes",2016,5053273012.799999,3336700056.0999994,144292281.6,1182397886.9,389882788.2
NA,"World","Pre- and Post- Production","Agrifood systems","no","yes",2017,5065910318.799999,3330137539.899999,142390846.5,1187048119.2,406333813.2
NA,"World","Pre- and Post- Production","Agrifood systems","no","yes",2018,5136053005.2,3380527556.2,141283271.29999998,1192152920,422089257.7
NA,"World","Pre- and Post- Production","Agrifood systems","no","yes",2019,5125927087.9,3348199042.799999,142437136.20000002,1196120664.7,439170244.2
NA,"World","Pre- and Post- Production","Agrifood systems","no","yes",2020,5129398380.400001,3327718157.1000004,147615863.7,1198288721.3000002,455775638.3
NA,"World","Pre- and Post- Production","Agrifood systems","no","yes",2021,5334068968.1,3496649892.9000006,152349118.79999998,1200248957.2,484820999.20000005
NA,"World","Pre- and Post- Production","Agrifood systems","no","yes",2022,5334068968.1,3496649892.9000006,152349118.79999998,1200248957.2,484820999.20000005
NA,"World","Pre- and Post- Production","Agrifood systems","no","yes",2030,NA,NA,NA,NA,NA
NA,"World","Pre- and Post- Production","Agrifood systems","no","yes",2050,NA,NA,NA,NA,NA
NA,"World","Emissions on agricultural land","FAO aggregates","no","no",1992,11361146137.3,5984736762.099999,1694421978,3681987397.2,NA
NA,"World","Emissions on agricultural land","FAO aggregates","no","no",1993,11308698461.1,5965166222.6,1679849124.5,3663683114,NA
NA,"World","Emissions on agricultural land","FAO aggregates","no","no",1994,11379903388.599998,5991122083.499998,1696352741.5,3692428563.6,NA
NA,"World","Emissions on agricultural land","FAO aggregates","no","no",1995,11464552838,6021507766,1731187230,3711857842,NA
NA,"World","Emissions on agricultural land","FAO aggregates","no","no",1996,11286667769.9,5895290510.099999,1723842225,3667535034.8,NA
NA,"World","Emissions on agricultural land","FAO aggregates","no","no",1997,12207745784.6,6578849995.6,1716381309,3912514480,NA
NA,"World","Emissions on agricultural land","FAO aggregates","no","no",1998,11523385537.699999,6010905733.9,1749651529,3762828274.7999997,NA
NA,"World","Emissions on agricultural land","FAO aggregates","no","no",1999,11375051567,5895933373.5,1760282401.5,3718835792,NA
NA,"World","Emissions on agricultural land","FAO aggregates","no","no",2000,11241060034.1,5842298569.6,1741228424.5,3657533040,NA
NA,"World","Emissions on agricultural land","FAO aggregates","no","no",2001,10669968675.300001,5266992134.700001,1775536411,3627440129.6,NA
NA,"World","Emissions on agricultural land","FAO aggregates","no","no",2002,11197223685.3,5586650290.4,1818117432.5,3792455962.4,NA
NA,"World","Emissions on agricultural land","FAO aggregates","no","no",2003,10896954679.5,5346308268.700001,1833538286,3717108124.7999997,NA
NA,"World","Emissions on agricultural land","FAO aggregates","no","no",2004,11430514237.6,5657270615.300001,1893236187.5,3880007434.7999997,NA
NA,"World","Emissions on agricultural land","FAO aggregates","no","no",2005,11211324883.099998,5470772838.199999,1901027452.5,3839524592.4,NA
NA,"World","Emissions on agricultural land","FAO aggregates","no","no",2006,11660912066,5785704855,1917006979,3958200232,NA
NA,"World","Emissions on agricultural land","FAO aggregates","no","no",2007,11158615071.2,5329524057.200001,1968873786,3860217228,NA
NA,"World","Emissions on agricultural land","FAO aggregates","no","no",2008,11129619129.3,5329747462.599999,1946670681.5,3853200985.2,NA
NA,"World","Emissions on agricultural land","FAO aggregates","no","no",2009,11518411703.5,5625414989.6,1949366049.5,3943630664.4,NA
NA,"World","Emissions on agricultural land","FAO aggregates","no","no",2010,11264949326.7,5354151492,2014559547.5,3896238287.2000003,NA
NA,"World","Emissions on agricultural land","FAO aggregates","no","no",2011,11166776919.800001,5122953189.6,2065467505,3978356225.2000003,NA
NA,"World","Emissions on agricultural land","FAO aggregates","no","no",2012,11218134395.6,5144557031.700001,2073304323.5,4000273040.3999996,NA
NA,"World","Emissions on agricultural land","FAO aggregates","no","no",2013,11161283923.5,5168946811.5,2045304344,3947032768,NA
NA,"World","Emissions on agricultural land","FAO aggregates","no","no",2014,11568967037.5,5433205744.299999,2072813358,4062947935.2000003,NA
NA,"World","Emissions on agricultural land","FAO aggregates","no","no",2015,11597417555.1,5420393733.9,2084166594,4092857227.2000003,NA
NA,"World","Emissions on agricultural land","FAO aggregates","no","no",2016,10790043480.3,4707048147.4,2094513386.5,3988481946.3999996,NA
NA,"World","Emissions on agricultural land","FAO aggregates","no","no",2017,10858210367.4,4700076191.2,2142431242.9999998,4015702933.2,NA
NA,"World","Emissions on agricultural land","FAO aggregates","no","no",2018,11000548308.2,4846613740.6,2112866412,4041068155.6000004,NA
NA,"World","Emissions on agricultural land","FAO aggregates","no","no",2019,11270508174.900002,5033910559.900002,2126240273,4110357342,NA
NA,"World","Emissions on agricultural land","FAO aggregates","no","no",2020,10938640150,4697982873.5,2178869882.5,4061787394,NA
NA,"World","Emissions on agricultural land","FAO aggregates","no","no",2021,10935044568.5,4678693649.9,2180095905,4076255013.6000004,NA
NA,"World","Emissions on agricultural land","FAO aggregates","no","no",2022,10906162653.2,4670229114,2151791732,4084141807.2000003,NA
NA,"World","Emissions on agricultural land","FAO aggregates","no","no",2030,NA,NA,NA,NA,NA
NA,"World","Emissions on agricultural land","FAO aggregates","no","no",2050,NA,NA,NA,NA,NA
NA,"World","Crops","FAO aggregates","no","no",1992,1194219038.3999999,-2.384185791015625e-7,547460638,646758400.4000001,NA
NA,"World","Crops","FAO aggregates","no","no",1993,1176082227.8,-2.384185791015625e-7,535303975,640778252.8000001,NA
NA,"World","Crops","FAO aggregates","no","no",1994,1188195331.1999998,0,540880582,647314749.1999999,NA
NA,"World","Crops","FAO aggregates","no","no",1995,1226262774.4,0,567653108,658609666.4,NA
NA,"World","Crops","FAO aggregates","no","no",1996,1266866312.1,0,600655810.5,666210501.5999999,NA
NA,"World","Crops","FAO aggregates","no","no",1997,1264527130.5,0,594336196.5,670190934,NA
NA,"World","Crops","FAO aggregates","no","no",1998,1267670801.5,0,601135407.5,666535394,NA
NA,"World","Crops","FAO aggregates","no","no",1999,1304467526.4,0,612889456,691578070.4,NA
NA,"World","Crops","FAO aggregates","no","no",2000,1267869089.9,0,590642573.5,677226516.4,NA
NA,"World","Crops","FAO aggregates","no","no",2001,1267380918.2,2.384185791015625e-7,598620213,668760705.1999999,NA
NA,"World","Crops","FAO aggregates","no","no",2002,1264194699.5,0,609695119.5,654499580,NA
NA,"World","Crops","FAO aggregates","no","no",2003,1279693240.4,0,625969644,653723596.4000001,NA
NA,"World","Crops","FAO aggregates","no","no",2004,1317848282.3999999,-2.384185791015625e-7,650146442,667701840.4,NA
NA,"World","Crops","FAO aggregates","no","no",2005,1336482078.5,0,653824032.5,682658046,NA
NA,"World","Crops","FAO aggregates","no","no",2006,1353835323.5,0,669508799.5,684326524,NA
NA,"World","Crops","FAO aggregates","no","no",2007,1375957634.7,2.384185791015625e-7,691105875.5,684851759.1999999,NA
NA,"World","Crops","FAO aggregates","no","no",2008,1394812066.6,0,692246939,702565127.6,NA
NA,"World","Crops","FAO aggregates","no","no",2009,1400868034.2,2.384185791015625e-7,703864751,697003283.1999999,NA
NA,"World","Crops","FAO aggregates","no","no",2010,1437794402.1999998,-2.384185791015625e-7,727208389,710586013.2,NA
NA,"World","Crops","FAO aggregates","no","no",2011,1467915156,0,754082834,713832322,NA
NA,"World","Crops","FAO aggregates","no","no",2012,1464032373.3000002,2.384185791015625e-7,752260190.5,711772182.8,NA
NA,"World","Crops","FAO aggregates","no","no",2013,1492520406.9,0,773575094.5,718945312.4000001,NA
NA,"World","Crops","FAO aggregates","no","no",2014,1498416966.4,0,783740044,714676922.4000001,NA
NA,"World","Crops","FAO aggregates","no","no",2015,1483208158.1,0,778343292.5,704864865.6,NA
NA,"World","Crops","FAO aggregates","no","no",2016,1499173457.3,0,788370256.5,710803200.8,NA
NA,"World","Crops","FAO aggregates","no","no",2017,1518374017.9,0,804733529.5,713640488.4,NA
NA,"World","Crops","FAO aggregates","no","no",2018,1509507401,0,794612199,714895202,NA
NA,"World","Crops","FAO aggregates","no","no",2019,1493883180,0,793684646,700198534,NA
NA,"World","Crops","FAO aggregates","no","no",2020,1549787899.2,0,831882700,717905199.2,NA
NA,"World","Crops","FAO aggregates","no","no",2021,1548969118.6,0,827633743,721335375.6,NA
NA,"World","Crops","FAO aggregates","no","no",2022,1512035966.7,2.384185791015625e-7,799175737.5,712860229.1999999,NA
NA,"World","Crops","FAO aggregates","no","no",2030,1558205431.2,0,861372430,696833001.2,NA
NA,"World","Crops","FAO aggregates","no","no",2050,1642520356.9,0,957523042.5,684997314.4,NA
NA,"World","Livestock","FAO aggregates","no","no",1992,3576369583.3,4.76837158203125e-7,842567208.5,2733802374.7999997,NA
NA,"World","Livestock","FAO aggregates","no","no",1993,3562977763.2,-4.76837158203125e-7,841036754,2721941009.2000003,NA
NA,"World","Livestock","FAO aggregates","no","no",1994,3595477689.1,0,851991721.5,2743485967.6,NA
NA,"World","Livestock","FAO aggregates","no","no",1995,3609132203.9,0,858408219.5,2750723984.4,NA
NA,"World","Livestock","FAO aggregates","no","no",1996,3614738692.9,0,863732440.5,2751006252.4,NA
NA,"World","Livestock","FAO aggregates","no","no",1997,3551697948.7999997,-4.76837158203125e-7,849592862,2702105086.8,NA
NA,"World","Livestock","FAO aggregates","no","no",1998,3558288634.9,0,851228998.5,2707059636.4,NA
NA,"World","Livestock","FAO aggregates","no","no",1999,3573315481.6,0,858930614,2714384867.6,NA
NA,"World","Livestock","FAO aggregates","no","no",2000,3592873562.7000003,4.76837158203125e-7,867228797.5,2725644765.2,NA
NA,"World","Livestock","FAO aggregates","no","no",2001,3596324393.4,4.76837158203125e-7,869353859,2726970534.3999996,NA
NA,"World","Livestock","FAO aggregates","no","no",2002,3633130254.2,0,880794545,2752335709.2,NA
NA,"World","Livestock","FAO aggregates","no","no",2003,3674345376.9,0,890178486.5,2784166890.4,NA
NA,"World","Livestock","FAO aggregates","no","no",2004,3717652263.1,-4.76837158203125e-7,902297519.5,2815354743.6000004,NA
NA,"World","Livestock","FAO aggregates","no","no",2005,3759762215.2,0,915226048,2844536167.2,NA
NA,"World","Livestock","FAO aggregates","no","no",2006,3795043428.2,-4.76837158203125e-7,924117275,2870926153.2000003,NA
NA,"World","Livestock","FAO aggregates","no","no",2007,3830591833.5,0,935022793.5,2895569040,NA
NA,"World","Livestock","FAO aggregates","no","no",2008,3862468114.8,4.76837158203125e-7,945532720,2916935394.7999997,NA
NA,"World","Livestock","FAO aggregates","no","no",2009,3876016317.6000004,4.76837158203125e-7,951738172,2924278145.6,NA
NA,"World","Livestock","FAO aggregates","no","no",2010,3877075449.3999996,0,954765267,2922310182.3999996,NA
NA,"World","Livestock","FAO aggregates","no","no",2011,3892402966.7000003,4.76837158203125e-7,958798911.5,2933604055.2,NA
NA,"World","Livestock","FAO aggregates","no","no",2012,3928142076.4,0,970741216,2957400860.4,NA
NA,"World","Livestock","FAO aggregates","no","no",2013,3947002652.7,-4.76837158203125e-7,977653979.5,2969348673.2000003,NA
NA,"World","Livestock","FAO aggregates","no","no",2014,3974854986.5,0,985545838.5,2989309148,NA
NA,"World","Livestock","FAO aggregates","no","no",2015,4011148612.4,4.76837158203125e-7,997562714,3013585898.3999996,NA
NA,"World","Livestock","FAO aggregates","no","no",2016,4057527578.1,-4.76837158203125e-7,1011002692.5,3046524885.6000004,NA
NA,"World","Livestock","FAO aggregates","no","no",2017,4084334832.7000003,0,1022913647.5,3061421185.2000003,NA
NA,"World","Livestock","FAO aggregates","no","no",2018,4092797116.8,0,1027512696,3065284420.8,NA
NA,"World","Livestock","FAO aggregates","no","no",2019,4122279203.4,0,1036937103,3085342100.4,NA
NA,"World","Livestock","FAO aggregates","no","no",2020,4175703143,0,1052803713,3122899430,NA
NA,"World","Livestock","FAO aggregates","no","no",2021,4212360700.2999997,-4.76837158203125e-7,1062942957.5,3149417742.8,NA
NA,"World","Livestock","FAO aggregates","no","no",2022,4259877757.7,0,1076125594.5,3183752163.2,NA
NA,"World","Livestock","FAO aggregates","no","no",2030,4425555106.8,0,1114556504,3310998602.8,NA
NA,"World","Livestock","FAO aggregates","no","no",2050,4943284786.5,0,1272654046.5,3670630740,NA
NA,"World","Agriculture","IPCC aggregates","yes","no",1992,5123315612.200001,9.5367431640625e-7,1600799863,3522515749.2,NA
NA,"World","Agriculture","IPCC aggregates","yes","no",1993,5091786133.5,0,1587111897.5,3504674236,NA
NA,"World","Agriculture","IPCC aggregates","yes","no",1994,5136362991.8,9.5367431640625e-7,1603607273,3532755718.7999997,NA
NA,"World","Agriculture","IPCC aggregates","yes","no",1995,5188540038.4,0,1637251408,3551288630.4,NA
NA,"World","Agriculture","IPCC aggregates","yes","no",1996,5216276061.700001,0,1666963234.5,3549312827.2000003,NA
NA,"World","Agriculture","IPCC aggregates","yes","no",1997,5142017639.1,0,1642381675.5,3499635963.6,NA
NA,"World","Agriculture","IPCC aggregates","yes","no",1998,5196216661.7,-9.5367431640625e-7,1671578792.5,3524637869.2000003,NA
NA,"World","Agriculture","IPCC aggregates","yes","no",1999,5253997746.7,0,1694074907.5,3559922839.2,NA
NA,"World","Agriculture","IPCC aggregates","yes","no",2000,5251075009.700001,0,1686849046.5,3564225963.2000003,NA
NA,"World","Agriculture","IPCC aggregates","yes","no",2001,5255673249.200001,0,1697710522,3557962727.2000003,NA
NA,"World","Agriculture","IPCC aggregates","yes","no",2002,5314201780.7,0,1731784301.5,3582417479.2,NA
NA,"World","Agriculture","IPCC aggregates","yes","no",2003,5310520937,0,1729446657,3581074280,NA
NA,"World","Agriculture","IPCC aggregates","yes","no",2004,5419120131.099999,-9.5367431640625e-7,1778372679.5,3640747451.6,NA
NA,"World","Agriculture","IPCC aggregates","yes","no",2005,5458908338.5,0,1785368944.5,3673539394,NA
NA,"World","Agriculture","IPCC aggregates","yes","no",2006,5519707244.099999,-9.5367431640625e-7,1813828460.5,3705878783.6000004,NA
NA,"World","Agriculture","IPCC aggregates","yes","no",2007,5597137452.2,0,1855601391,3741536061.2,NA
NA,"World","Agriculture","IPCC aggregates","yes","no",2008,5606615531.3,0,1848187512.5,3758428018.8,NA
NA,"World","Agriculture","IPCC aggregates","yes","no",2009,5604125187.8,0,1855823355,3748301832.8,NA
NA,"World","Agriculture","IPCC aggregates","yes","no",2010,5661779311.9,0,1891506797.5,3770272514.4,NA
NA,"World","Agriculture","IPCC aggregates","yes","no",2011,5791473871.6,0,1961619782,3829854089.6,NA
NA,"World","Agriculture","IPCC aggregates","yes","no",2012,5813948103.299999,-9.5367431640625e-7,1967499522.5,3846448580.8,NA
NA,"World","Agriculture","IPCC aggregates","yes","no",2013,5755782239.799999,0,1946844601,3808937638.7999997,NA
NA,"World","Agriculture","IPCC aggregates","yes","no",2014,5808449360.3,0,1973720291.5,3834729068.8,NA
NA,"World","Agriculture","IPCC aggregates","yes","no",2015,5829836030.1,0,1980490034.5,3849345995.6,NA
NA,"World","Agriculture","IPCC aggregates","yes","no",2016,5869461107.8,9.5367431640625e-7,1993453543,3876007564.7999997,NA
NA,"World","Agriculture","IPCC aggregates","yes","no",2017,5952042210.2,-9.5367431640625e-7,2038717875,3913324335.2000003,NA
NA,"World","Agriculture","IPCC aggregates","yes","no",2018,5931475905.3,0,2024079248.5,3907396656.8,NA
NA,"World","Agriculture","IPCC aggregates","yes","no",2019,5921635029.5,0,2021677023.5,3899958006,NA
NA,"World","Agriculture","IPCC aggregates","yes","no",2020,6029355739.900001,9.5367431640625e-7,2075094133.5,3954261606.4,NA
NA,"World","Agriculture","IPCC aggregates","yes","no",2021,6075035290.6,0,2085545389,3989489901.6,NA
NA,"World","Agriculture","IPCC aggregates","yes","no",2022,6078003500.7,0,2066759035.5,4011244465.2,NA
NA,"World","Agriculture","IPCC aggregates","yes","no",2030,NA,NA,NA,NA,NA
NA,"World","Agriculture","IPCC aggregates","yes","no",2050,NA,NA,NA,NA,NA
NA,"World","Agricultural Soils","IPCC aggregates","no","no",1992,1353535968.5,0,1353535968.5,NA,NA
NA,"World","Agricultural Soils","IPCC aggregates","no","no",1993,1340307433.5,0,1340307433.5,NA,NA
NA,"World","Agricultural Soils","IPCC aggregates","no","no",1994,1355637339,0,1355637339,NA,NA
NA,"World","Agricultural Soils","IPCC aggregates","no","no",1995,1388523123.5,0,1388523123.5,NA,NA
NA,"World","Agricultural Soils","IPCC aggregates","no","no",1996,1425912106,0,1425912106,NA,NA
NA,"World","Agricultural Soils","IPCC aggregates","no","no",1997,1412586952,0,1412586952,NA,NA
NA,"World","Agricultural Soils","IPCC aggregates","no","no",1998,1420949848.5,0,1420949848.5,NA,NA
NA,"World","Agricultural Soils","IPCC aggregates","no","no",1999,1440954460,0,1440954460,NA,NA
NA,"World","Agricultural Soils","IPCC aggregates","no","no",2000,1426553141,0,1426553141,NA,NA
NA,"World","Agricultural Soils","IPCC aggregates","no","no",2001,1438177578,0,1438177578,NA,NA
NA,"World","Agricultural Soils","IPCC aggregates","no","no",2002,1460879677.5,0,1460879677.5,NA,NA
NA,"World","Agricultural Soils","IPCC aggregates","no","no",2003,1487207984,0,1487207984,NA,NA
NA,"World","Agricultural Soils","IPCC aggregates","no","no",2004,1523735928.5,0,1523735928.5,NA,NA
NA,"World","Agricultural Soils","IPCC aggregates","no","no",2005,1540206844.5,0,1540206844.5,NA,NA
NA,"World","Agricultural Soils","IPCC aggregates","no","no",2006,1564085252.5,0,1564085252.5,NA,NA
NA,"World","Agricultural Soils","IPCC aggregates","no","no",2007,1596628286,0,1596628286,NA,NA
NA,"World","Agricultural Soils","IPCC aggregates","no","no",2008,1606721420.5,0,1606721420.5,NA,NA
NA,"World","Agricultural Soils","IPCC aggregates","no","no",2009,1624579611.5,0,1624579611.5,NA,NA
NA,"World","Agricultural Soils","IPCC aggregates","no","no",2010,1650963488.5,0,1650963488.5,NA,NA
NA,"World","Agricultural Soils","IPCC aggregates","no","no",2011,1683079209.5,0,1683079209.5,NA,NA
NA,"World","Agricultural Soils","IPCC aggregates","no","no",2012,1692906920,0,1692906920,NA,NA
NA,"World","Agricultural Soils","IPCC aggregates","no","no",2013,1721554745,0,1721554745,NA,NA
NA,"World","Agricultural Soils","IPCC aggregates","no","no",2014,1738783349,0,1738783349,NA,NA
NA,"World","Agricultural Soils","IPCC aggregates","no","no",2015,1744112128,0,1744112128,NA,NA
NA,"World","Agricultural Soils","IPCC aggregates","no","no",2016,1766556700.5,0,1766556700.5,NA,NA
NA,"World","Agricultural Soils","IPCC aggregates","no","no",2017,1793779912,0,1793779912,NA,NA
NA,"World","Agricultural Soils","IPCC aggregates","no","no",2018,1789939293.5,0,1789939293.5,NA,NA
NA,"World","Agricultural Soils","IPCC aggregates","no","no",2019,1800709768,0,1800709768,NA,NA
NA,"World","Agricultural Soils","IPCC aggregates","no","no",2020,1852451998.5,0,1852451998.5,NA,NA
NA,"World","Agricultural Soils","IPCC aggregates","no","no",2021,1856753001.5,0,1856753001.5,NA,NA
NA,"World","Agricultural Soils","IPCC aggregates","no","no",2022,1841095211.5,0,1841095211.5,NA,NA
NA,"World","Agricultural Soils","IPCC aggregates","no","no",2030,NA,NA,NA,NA,NA
NA,"World","Agricultural Soils","IPCC aggregates","no","no",2050,NA,NA,NA,NA,NA
NA,"World","LULUCF","IPCC aggregates","yes","no",1992,2033915902,1763543593.1,85291124.5,185081184.4,NA
NA,"World","LULUCF","IPCC aggregates","yes","no",1993,2034349504.5,1763977222.1,85291098,185081184.4,NA
NA,"World","LULUCF","IPCC aggregates","yes","no",1994,2034016466.8,1763644184.4,85291098,185081184.4,NA
NA,"World","LULUCF","IPCC aggregates","yes","no",1995,2039624050,1769251767.6,85291098,185081184.4,NA
NA,"World","LULUCF","IPCC aggregates","yes","no",1996,1838414288.2,1636157221.2,44379179,157877888,NA
NA,"World","LULUCF","IPCC aggregates","yes","no",1997,2837769912.3,2325999711.2000003,58685283.5,453084917.59999996,NA
NA,"World","LULUCF","IPCC aggregates","yes","no",1998,2149914046.3,1770012054.2000003,73830192.5,306071799.6,NA
NA,"World","LULUCF","IPCC aggregates","yes","no",1999,1951647577.7,1673678859.6,57628410.5,220340307.6,NA
NA,"World","LULUCF","IPCC aggregates","yes","no",2000,1796244861.1999998,1621536755.8999999,39135014.5,135573090.8,NA
NA,"World","LULUCF","IPCC aggregates","yes","no",2001,1487781753.8,1344436957.6999998,61613798.5,81730997.60000001,NA
NA,"World","LULUCF","IPCC aggregates","yes","no",2002,2017549803.7,1720142178.8000002,73167586.5,224240038.39999998,NA
NA,"World","LULUCF","IPCC aggregates","yes","no",2003,1704629994.9,1447607818.6000001,98368503.5,158653672.8,NA
NA,"World","LULUCF","IPCC aggregates","yes","no",2004,2082948646.5,1717816674.3,105635731,259496241.2,NA
NA,"World","LULUCF","IPCC aggregates","yes","no",2005,1796078906.7,1511223437.3000002,102285283,182570186.4,NA
NA,"World","LULUCF","IPCC aggregates","yes","no",2006,2166971209.6000004,1806881372.2000003,90626873,269462964.4,NA
NA,"World","LULUCF","IPCC aggregates","yes","no",2007,1627803765.2,1380830748.6000001,107411337,139561679.6,NA
NA,"World","LULUCF","IPCC aggregates","yes","no",2008,1571482006.8000002,1368780716.9,89465669.5,113235620.4,NA
NA,"World","LULUCF","IPCC aggregates","yes","no",2009,1974110744.3,1672632790.4,87066783.5,214411170.4,NA
NA,"World","LULUCF","IPCC aggregates","yes","no",2010,1650541207.9,1381837472.2,119354860.5,149348875.20000002,NA
NA,"World","LULUCF","IPCC aggregates","yes","no",2011,564808877.6,306638838.4,93706862,164463177.20000002,NA
NA,"World","LULUCF","IPCC aggregates","yes","no",2012,597318144.6,316186750.4,103423405,177707989.20000002,NA
NA,"World","LULUCF","IPCC aggregates","yes","no",2013,544281229,301990627.3,87899360.5,154391241.2,NA
NA,"World","LULUCF","IPCC aggregates","yes","no",2014,901085876.9,565413667.8,89527997.5,246144211.60000002,NA
NA,"World","LULUCF","IPCC aggregates","yes","no",2015,936250537.6,581568226.3,95719828.5,258962482.8,NA
NA,"World","LULUCF","IPCC aggregates","yes","no",2016,1406173697.1,1182898177.1,94659060,128616460,NA
NA,"World","LULUCF","IPCC aggregates","yes","no",2017,1360261854,1147966313.9,95358686.5,116936853.60000001,NA
NA,"World","LULUCF","IPCC aggregates","yes","no",2018,1528027411,1295876042.5,81468976.5,150682392,NA
NA,"World","LULUCF","IPCC aggregates","yes","no",2019,1809331217.2,1470654336.5,103268353.5,235408527.20000002,NA
NA,"World","LULUCF","IPCC aggregates","yes","no",2020,1398103068,1173173070.5,98601067.5,126328930,NA
NA,"World","LULUCF","IPCC aggregates","yes","no",2021,1345086472.4,1153566984.9,86341743.5,105177744,NA
NA,"World","LULUCF","IPCC aggregates","yes","no",2022,1298976093.9,1145102449,70213472.5,83660172.39999999,NA
NA,"World","LULUCF","IPCC aggregates","yes","no",2030,NA,NA,NA,NA,NA
NA,"World","LULUCF","IPCC aggregates","yes","no",2050,NA,NA,NA,NA,NA
NA,"World","AFOLU","IPCC aggregates","no","no",1992,7157231514.2,1763543593.0999994,1686090987.5,3707596933.6,NA
NA,"World","AFOLU","IPCC aggregates","no","no",1993,7126135638,1763977222.1000004,1672402995.5,3689755420.4,NA
NA,"World","AFOLU","IPCC aggregates","no","no",1994,7170379458.599999,1763644184.3999987,1688898371,3717836903.2000003,NA
NA,"World","AFOLU","IPCC aggregates","no","no",1995,7228164088.4,1769251767.6000004,1722542506,3736369814.7999997,NA
NA,"World","AFOLU","IPCC aggregates","no","no",1996,7054690349.9,1636157221.1999998,1711342413.5,3707190715.2,NA
NA,"World","AFOLU","IPCC aggregates","no","no",1997,7979787551.400001,2325999711.2,1701066959,3952720881.2000003,NA
NA,"World","AFOLU","IPCC aggregates","no","no",1998,7346130708,1770012054.1999998,1745408985,3830709668.8,NA
NA,"World","AFOLU","IPCC aggregates","no","no",1999,7205645324.400001,1673678859.6000004,1751703318,3780263146.8,NA
NA,"World","AFOLU","IPCC aggregates","no","no",2000,7047319870.900001,1621536755.9000006,1725984061,3699799054,NA
NA,"World","AFOLU","IPCC aggregates","no","no",2001,6743455003,1344436957.6999998,1759324320.5,3639693724.8,NA
NA,"World","AFOLU","IPCC aggregates","no","no",2002,7331751584.4,1720142178.7999992,1804951888,3806657517.6,NA
NA,"World","AFOLU","IPCC aggregates","no","no",2003,7015150931.900001,1447607818.6000004,1827815160.5,3739727952.8,NA
NA,"World","AFOLU","IPCC aggregates","no","no",2004,7502068777.599999,1717816674.3000002,1884008410.5,3900243692.7999997,NA
NA,"World","AFOLU","IPCC aggregates","no","no",2005,7254987245.2,1511223437.3000002,1887654227.5,3856109580.4,NA
NA,"World","AFOLU","IPCC aggregates","no","no",2006,7686678453.700001,1806881372.2000008,1904455333.5,3975341748,NA
NA,"World","AFOLU","IPCC aggregates","no","no",2007,7224941217.400001,1380830748.6000013,1963012728,3881097740.7999997,NA
NA,"World","AFOLU","IPCC aggregates","no","no",2008,7178097538.099999,1368780716.8999987,1937653182,3871663639.2000003,NA
NA,"World","AFOLU","IPCC aggregates","no","no",2009,7578235932.099999,1672632790.3999987,1942890138.5,3962713003.2000003,NA
NA,"World","AFOLU","IPCC aggregates","no","no",2010,7312320519.8,1381837472.1999998,2010861658,3919621389.6,NA
NA,"World","AFOLU","IPCC aggregates","no","no",2011,6356282749.200001,306638838.4000015,2055326644,3994317266.7999997,NA
NA,"World","AFOLU","IPCC aggregates","no","no",2012,6411266247.9,316186750.3999996,2070922927.5,4024156570,NA
NA,"World","AFOLU","IPCC aggregates","no","no",2013,6300063468.8,301990627.3000002,2034743961.5,3963328880,NA
NA,"World","AFOLU","IPCC aggregates","no","no",2014,6709535237.200001,565413667.8000011,2063248289,4080873280.4,NA
NA,"World","AFOLU","IPCC aggregates","no","no",2015,6766086567.7,581568226.3000002,2076209863,4108308478.4,NA
NA,"World","AFOLU","IPCC aggregates","no","no",2016,7275634804.9,1182898177.1000004,2088112603,4004624024.7999997,NA
NA,"World","AFOLU","IPCC aggregates","no","no",2017,7312304064.2,1147966313.8999996,2134076561.4999998,4030261188.8,NA
NA,"World","AFOLU","IPCC aggregates","no","no",2018,7459503316.3,1295876042.5,2105548225,4058079048.8,NA
NA,"World","AFOLU","IPCC aggregates","no","no",2019,7730966246.7,1470654336.5,2124945376.9999998,4135366533.2,NA
NA,"World","AFOLU","IPCC aggregates","no","no",2020,7427458807.900001,1173173070.500001,2173695201,4080590536.4,NA
NA,"World","AFOLU","IPCC aggregates","no","no",2021,7420121763,1153566984.8999996,2171887132.5,4094667645.6,NA
NA,"World","AFOLU","IPCC aggregates","no","no",2022,7376979594.6,1145102449,2136972508,4094904637.6,NA
NA,"World","AFOLU","IPCC aggregates","no","no",2030,NA,NA,NA,NA,NA
NA,"World","AFOLU","IPCC aggregates","no","no",2050,NA,NA,NA,NA,NA
