"ISO3","Area","UN Region","EBRD Region","Item","Element","Unit","Year","value","grouped"
NA,"World",NA,NA,"Cereals excluding rice","Emissions intensity","kg CO2eq/kg",1992,0.1918,"no"
NA,"World",NA,NA,"Cereals excluding rice","Emissions intensity","kg CO2eq/kg",1993,0.1962,"no"
NA,"World",NA,NA,"Cereals excluding rice","Emissions intensity","kg CO2eq/kg",1994,0.1904,"no"
NA,"World",NA,NA,"Cereals excluding rice","Emissions intensity","kg CO2eq/kg",1995,0.2093,"no"
NA,"World",NA,NA,"Cereals excluding rice","Emissions intensity","kg CO2eq/kg",1996,0.2011,"no"
NA,"World",NA,NA,"Cereals excluding rice","Emissions intensity","kg CO2eq/kg",1997,0.1952,"no"
NA,"World",NA,NA,"Cereals excluding rice","Emissions intensity","kg CO2eq/kg",1998,0.1981,"no"
NA,"World",NA,NA,"Cereals excluding rice","Emissions intensity","kg CO2eq/kg",1999,0.2044,"no"
NA,"World",NA,NA,"Cereals excluding rice","Emissions intensity","kg CO2eq/kg",2000,0.1995,"no"
NA,"World",NA,NA,"Cereals excluding rice","Emissions intensity","kg CO2eq/kg",2001,0.1967,"no"
NA,"World",NA,NA,"Cereals excluding rice","Emissions intensity","kg CO2eq/kg",2002,0.2027,"no"
NA,"World",NA,NA,"Cereals excluding rice","Emissions intensity","kg CO2eq/kg",2003,0.2063,"no"
NA,"World",NA,NA,"Cereals excluding rice","Emissions intensity","kg CO2eq/kg",2004,0.192,"no"
NA,"World",NA,NA,"Cereals excluding rice","Emissions intensity","kg CO2eq/kg",2005,0.1974,"no"
NA,"World",NA,NA,"Cereals excluding rice","Emissions intensity","kg CO2eq/kg",2006,0.2025,"no"
NA,"World",NA,NA,"Cereals excluding rice","Emissions intensity","kg CO2eq/kg",2007,0.2003,"no"
NA,"World",NA,NA,"Cereals excluding rice","Emissions intensity","kg CO2eq/kg",2008,0.1871,"no"
NA,"World",NA,NA,"Cereals excluding rice","Emissions intensity","kg CO2eq/kg",2009,0.1924,"no"
NA,"World",NA,NA,"Cereals excluding rice","Emissions intensity","kg CO2eq/kg",2010,0.2004,"no"
NA,"World",NA,NA,"Cereals excluding rice","Emissions intensity","kg CO2eq/kg",2011,0.1978,"no"
NA,"World",NA,NA,"Cereals excluding rice","Emissions intensity","kg CO2eq/kg",2012,0.2013,"no"
NA,"World",NA,NA,"Cereals excluding rice","Emissions intensity","kg CO2eq/kg",2013,0.1881,"no"
NA,"World",NA,NA,"Cereals excluding rice","Emissions intensity","kg CO2eq/kg",2014,0.1858,"no"
NA,"World",NA,NA,"Cereals excluding rice","Emissions intensity","kg CO2eq/kg",2015,0.183,"no"
NA,"World",NA,NA,"Cereals excluding rice","Emissions intensity","kg CO2eq/kg",2016,0.1795,"no"
NA,"World",NA,NA,"Cereals excluding rice","Emissions intensity","kg CO2eq/kg",2017,0.1796,"no"
NA,"World",NA,NA,"Cereals excluding rice","Emissions intensity","kg CO2eq/kg",2018,0.1819,"no"
NA,"World",NA,NA,"Cereals excluding rice","Emissions intensity","kg CO2eq/kg",2019,0.1779,"no"
NA,"World",NA,NA,"Cereals excluding rice","Emissions intensity","kg CO2eq/kg",2020,0.1835,"no"
NA,"World",NA,NA,"Cereals excluding rice","Emissions intensity","kg CO2eq/kg",2021,0.179,"no"
NA,"World",NA,NA,"Cereals excluding rice","Emissions intensity","kg CO2eq/kg",2022,0.174,"no"
NA,"World",NA,NA,"Hen eggs in shell","Emissions intensity","kg CO2eq/kg",1992,0.7083,"no"
NA,"World",NA,NA,"Hen eggs in shell","Emissions intensity","kg CO2eq/kg",1993,0.6824,"no"
NA,"World",NA,NA,"Hen eggs in shell","Emissions intensity","kg CO2eq/kg",1994,0.6734,"no"
NA,"World",NA,NA,"Hen eggs in shell","Emissions intensity","kg CO2eq/kg",1995,0.6604,"no"
NA,"World",NA,NA,"Hen eggs in shell","Emissions intensity","kg CO2eq/kg",1996,0.6404,"no"
NA,"World",NA,NA,"Hen eggs in shell","Emissions intensity","kg CO2eq/kg",1997,0.6351,"no"
NA,"World",NA,NA,"Hen eggs in shell","Emissions intensity","kg CO2eq/kg",1998,0.6305,"no"
NA,"World",NA,NA,"Hen eggs in shell","Emissions intensity","kg CO2eq/kg",1999,0.6254,"no"
NA,"World",NA,NA,"Hen eggs in shell","Emissions intensity","kg CO2eq/kg",2000,0.624,"no"
NA,"World",NA,NA,"Hen eggs in shell","Emissions intensity","kg CO2eq/kg",2001,0.6254,"no"
NA,"World",NA,NA,"Hen eggs in shell","Emissions intensity","kg CO2eq/kg",2002,0.627,"no"
NA,"World",NA,NA,"Hen eggs in shell","Emissions intensity","kg CO2eq/kg",2003,0.6351,"no"
NA,"World",NA,NA,"Hen eggs in shell","Emissions intensity","kg CO2eq/kg",2004,0.6436,"no"
NA,"World",NA,NA,"Hen eggs in shell","Emissions intensity","kg CO2eq/kg",2005,0.646,"no"
NA,"World",NA,NA,"Hen eggs in shell","Emissions intensity","kg CO2eq/kg",2006,0.6502,"no"
NA,"World",NA,NA,"Hen eggs in shell","Emissions intensity","kg CO2eq/kg",2007,0.6455,"no"
NA,"World",NA,NA,"Hen eggs in shell","Emissions intensity","kg CO2eq/kg",2008,0.6383,"no"
NA,"World",NA,NA,"Hen eggs in shell","Emissions intensity","kg CO2eq/kg",2009,0.631,"no"
NA,"World",NA,NA,"Hen eggs in shell","Emissions intensity","kg CO2eq/kg",2010,0.6356,"no"
NA,"World",NA,NA,"Hen eggs in shell","Emissions intensity","kg CO2eq/kg",2011,0.6323,"no"
NA,"World",NA,NA,"Hen eggs in shell","Emissions intensity","kg CO2eq/kg",2012,0.6362,"no"
NA,"World",NA,NA,"Hen eggs in shell","Emissions intensity","kg CO2eq/kg",2013,0.627,"no"
NA,"World",NA,NA,"Hen eggs in shell","Emissions intensity","kg CO2eq/kg",2014,0.625,"no"
NA,"World",NA,NA,"Hen eggs in shell","Emissions intensity","kg CO2eq/kg",2015,0.6147,"no"
NA,"World",NA,NA,"Hen eggs in shell","Emissions intensity","kg CO2eq/kg",2016,0.6096,"no"
NA,"World",NA,NA,"Hen eggs in shell","Emissions intensity","kg CO2eq/kg",2017,0.5802,"no"
NA,"World",NA,NA,"Hen eggs in shell","Emissions intensity","kg CO2eq/kg",2018,0.5781,"no"
NA,"World",NA,NA,"Hen eggs in shell","Emissions intensity","kg CO2eq/kg",2019,0.5724,"no"
NA,"World",NA,NA,"Hen eggs in shell","Emissions intensity","kg CO2eq/kg",2020,0.5694,"no"
NA,"World",NA,NA,"Hen eggs in shell","Emissions intensity","kg CO2eq/kg",2021,0.5661,"no"
NA,"World",NA,NA,"Hen eggs in shell","Emissions intensity","kg CO2eq/kg",2022,0.5514,"no"
NA,"World",NA,NA,"Meat of buffalo","Emissions intensity","kg CO2eq/kg",1992,84.2209,"no"
NA,"World",NA,NA,"Meat of buffalo","Emissions intensity","kg CO2eq/kg",1993,98.0731,"no"
NA,"World",NA,NA,"Meat of buffalo","Emissions intensity","kg CO2eq/kg",1994,91.7779,"no"
NA,"World",NA,NA,"Meat of buffalo","Emissions intensity","kg CO2eq/kg",1995,87.4087,"no"
NA,"World",NA,NA,"Meat of buffalo","Emissions intensity","kg CO2eq/kg",1996,101.7073,"no"
NA,"World",NA,NA,"Meat of buffalo","Emissions intensity","kg CO2eq/kg",1997,86.0393,"no"
NA,"World",NA,NA,"Meat of buffalo","Emissions intensity","kg CO2eq/kg",1998,78.8606,"no"
NA,"World",NA,NA,"Meat of buffalo","Emissions intensity","kg CO2eq/kg",1999,72.4094,"no"
NA,"World",NA,NA,"Meat of buffalo","Emissions intensity","kg CO2eq/kg",2000,70.7677,"no"
NA,"World",NA,NA,"Meat of buffalo","Emissions intensity","kg CO2eq/kg",2001,68.1011,"no"
NA,"World",NA,NA,"Meat of buffalo","Emissions intensity","kg CO2eq/kg",2002,64.2867,"no"
NA,"World",NA,NA,"Meat of buffalo","Emissions intensity","kg CO2eq/kg",2003,62.4536,"no"
NA,"World",NA,NA,"Meat of buffalo","Emissions intensity","kg CO2eq/kg",2004,58.8443,"no"
NA,"World",NA,NA,"Meat of buffalo","Emissions intensity","kg CO2eq/kg",2005,57.864,"no"
NA,"World",NA,NA,"Meat of buffalo","Emissions intensity","kg CO2eq/kg",2006,53.7083,"no"
NA,"World",NA,NA,"Meat of buffalo","Emissions intensity","kg CO2eq/kg",2007,52.784,"no"
NA,"World",NA,NA,"Meat of buffalo","Emissions intensity","kg CO2eq/kg",2008,50.8206,"no"
NA,"World",NA,NA,"Meat of buffalo","Emissions intensity","kg CO2eq/kg",2009,50.6914,"no"
NA,"World",NA,NA,"Meat of buffalo","Emissions intensity","kg CO2eq/kg",2010,47.8312,"no"
NA,"World",NA,NA,"Meat of buffalo","Emissions intensity","kg CO2eq/kg",2011,45.9309,"no"
NA,"World",NA,NA,"Meat of buffalo","Emissions intensity","kg CO2eq/kg",2012,44.3429,"no"
NA,"World",NA,NA,"Meat of buffalo","Emissions intensity","kg CO2eq/kg",2013,41.9671,"no"
NA,"World",NA,NA,"Meat of buffalo","Emissions intensity","kg CO2eq/kg",2014,40.6566,"no"
NA,"World",NA,NA,"Meat of buffalo","Emissions intensity","kg CO2eq/kg",2015,39.6013,"no"
NA,"World",NA,NA,"Meat of buffalo","Emissions intensity","kg CO2eq/kg",2016,38.9497,"no"
NA,"World",NA,NA,"Meat of buffalo","Emissions intensity","kg CO2eq/kg",2017,38.2357,"no"
NA,"World",NA,NA,"Meat of buffalo","Emissions intensity","kg CO2eq/kg",2018,37.3365,"no"
NA,"World",NA,NA,"Meat of buffalo","Emissions intensity","kg CO2eq/kg",2019,37.3053,"no"
NA,"World",NA,NA,"Meat of buffalo","Emissions intensity","kg CO2eq/kg",2020,40.6337,"no"
NA,"World",NA,NA,"Meat of buffalo","Emissions intensity","kg CO2eq/kg",2021,38.3711,"no"
NA,"World",NA,NA,"Meat of buffalo","Emissions intensity","kg CO2eq/kg",2022,37.4357,"no"
NA,"World",NA,NA,"Meat of cattle with the bone","Emissions intensity","kg CO2eq/kg",1992,35.0796,"no"
NA,"World",NA,NA,"Meat of cattle with the bone","Emissions intensity","kg CO2eq/kg",1993,35.6299,"no"
NA,"World",NA,NA,"Meat of cattle with the bone","Emissions intensity","kg CO2eq/kg",1994,36.0144,"no"
NA,"World",NA,NA,"Meat of cattle with the bone","Emissions intensity","kg CO2eq/kg",1995,35.7364,"no"
NA,"World",NA,NA,"Meat of cattle with the bone","Emissions intensity","kg CO2eq/kg",1996,35.1014,"no"
NA,"World",NA,NA,"Meat of cattle with the bone","Emissions intensity","kg CO2eq/kg",1997,33.7002,"no"
NA,"World",NA,NA,"Meat of cattle with the bone","Emissions intensity","kg CO2eq/kg",1998,33.9326,"no"
NA,"World",NA,NA,"Meat of cattle with the bone","Emissions intensity","kg CO2eq/kg",1999,33.1833,"no"
NA,"World",NA,NA,"Meat of cattle with the bone","Emissions intensity","kg CO2eq/kg",2000,33.1562,"no"
NA,"World",NA,NA,"Meat of cattle with the bone","Emissions intensity","kg CO2eq/kg",2001,33.3031,"no"
NA,"World",NA,NA,"Meat of cattle with the bone","Emissions intensity","kg CO2eq/kg",2002,33.0588,"no"
NA,"World",NA,NA,"Meat of cattle with the bone","Emissions intensity","kg CO2eq/kg",2003,32.8626,"no"
NA,"World",NA,NA,"Meat of cattle with the bone","Emissions intensity","kg CO2eq/kg",2004,32.2954,"no"
NA,"World",NA,NA,"Meat of cattle with the bone","Emissions intensity","kg CO2eq/kg",2005,32.3749,"no"
NA,"World",NA,NA,"Meat of cattle with the bone","Emissions intensity","kg CO2eq/kg",2006,31.9424,"no"
NA,"World",NA,NA,"Meat of cattle with the bone","Emissions intensity","kg CO2eq/kg",2007,31.0592,"no"
NA,"World",NA,NA,"Meat of cattle with the bone","Emissions intensity","kg CO2eq/kg",2008,31.2357,"no"
NA,"World",NA,NA,"Meat of cattle with the bone","Emissions intensity","kg CO2eq/kg",2009,30.6671,"no"
NA,"World",NA,NA,"Meat of cattle with the bone","Emissions intensity","kg CO2eq/kg",2010,30.6455,"no"
NA,"World",NA,NA,"Meat of cattle with the bone","Emissions intensity","kg CO2eq/kg",2011,30.7531,"no"
NA,"World",NA,NA,"Meat of cattle with the bone","Emissions intensity","kg CO2eq/kg",2012,30.7067,"no"
NA,"World",NA,NA,"Meat of cattle with the bone","Emissions intensity","kg CO2eq/kg",2013,30.3161,"no"
NA,"World",NA,NA,"Meat of cattle with the bone","Emissions intensity","kg CO2eq/kg",2014,30.3142,"no"
NA,"World",NA,NA,"Meat of cattle with the bone","Emissions intensity","kg CO2eq/kg",2015,30.9008,"no"
NA,"World",NA,NA,"Meat of cattle with the bone","Emissions intensity","kg CO2eq/kg",2016,31.1269,"no"
NA,"World",NA,NA,"Meat of cattle with the bone","Emissions intensity","kg CO2eq/kg",2017,30.8899,"no"
NA,"World",NA,NA,"Meat of cattle with the bone","Emissions intensity","kg CO2eq/kg",2018,30.2281,"no"
NA,"World",NA,NA,"Meat of cattle with the bone","Emissions intensity","kg CO2eq/kg",2019,29.7084,"no"
NA,"World",NA,NA,"Meat of cattle with the bone","Emissions intensity","kg CO2eq/kg",2020,30.1924,"no"
NA,"World",NA,NA,"Meat of cattle with the bone","Emissions intensity","kg CO2eq/kg",2021,30.2177,"no"
NA,"World",NA,NA,"Meat of cattle with the bone","Emissions intensity","kg CO2eq/kg",2022,30.1357,"no"
NA,"World",NA,NA,"Meat of chickens","Emissions intensity","kg CO2eq/kg",1992,0.6819,"no"
NA,"World",NA,NA,"Meat of chickens","Emissions intensity","kg CO2eq/kg",1993,0.6822,"no"
NA,"World",NA,NA,"Meat of chickens","Emissions intensity","kg CO2eq/kg",1994,0.6662,"no"
NA,"World",NA,NA,"Meat of chickens","Emissions intensity","kg CO2eq/kg",1995,0.6461,"no"
NA,"World",NA,NA,"Meat of chickens","Emissions intensity","kg CO2eq/kg",1996,0.664,"no"
NA,"World",NA,NA,"Meat of chickens","Emissions intensity","kg CO2eq/kg",1997,0.6584,"no"
NA,"World",NA,NA,"Meat of chickens","Emissions intensity","kg CO2eq/kg",1998,0.5577,"no"
NA,"World",NA,NA,"Meat of chickens","Emissions intensity","kg CO2eq/kg",1999,0.5543,"no"
NA,"World",NA,NA,"Meat of chickens","Emissions intensity","kg CO2eq/kg",2000,0.5693,"no"
NA,"World",NA,NA,"Meat of chickens","Emissions intensity","kg CO2eq/kg",2001,0.5727,"no"
NA,"World",NA,NA,"Meat of chickens","Emissions intensity","kg CO2eq/kg",2002,0.6024,"no"
NA,"World",NA,NA,"Meat of chickens","Emissions intensity","kg CO2eq/kg",2003,0.5871,"no"
NA,"World",NA,NA,"Meat of chickens","Emissions intensity","kg CO2eq/kg",2004,0.586,"no"
NA,"World",NA,NA,"Meat of chickens","Emissions intensity","kg CO2eq/kg",2005,0.583,"no"
NA,"World",NA,NA,"Meat of chickens","Emissions intensity","kg CO2eq/kg",2006,0.577,"no"
NA,"World",NA,NA,"Meat of chickens","Emissions intensity","kg CO2eq/kg",2007,0.5707,"no"
NA,"World",NA,NA,"Meat of chickens","Emissions intensity","kg CO2eq/kg",2008,0.5676,"no"
NA,"World",NA,NA,"Meat of chickens","Emissions intensity","kg CO2eq/kg",2009,0.5842,"no"
NA,"World",NA,NA,"Meat of chickens","Emissions intensity","kg CO2eq/kg",2010,0.5714,"no"
NA,"World",NA,NA,"Meat of chickens","Emissions intensity","kg CO2eq/kg",2011,0.5362,"no"
NA,"World",NA,NA,"Meat of chickens","Emissions intensity","kg CO2eq/kg",2012,0.531,"no"
NA,"World",NA,NA,"Meat of chickens","Emissions intensity","kg CO2eq/kg",2013,0.5299,"no"
NA,"World",NA,NA,"Meat of chickens","Emissions intensity","kg CO2eq/kg",2014,0.5156,"no"
NA,"World",NA,NA,"Meat of chickens","Emissions intensity","kg CO2eq/kg",2015,0.519,"no"
NA,"World",NA,NA,"Meat of chickens","Emissions intensity","kg CO2eq/kg",2016,0.5221,"no"
NA,"World",NA,NA,"Meat of chickens","Emissions intensity","kg CO2eq/kg",2017,0.5691,"no"
NA,"World",NA,NA,"Meat of chickens","Emissions intensity","kg CO2eq/kg",2018,0.5654,"no"
NA,"World",NA,NA,"Meat of chickens","Emissions intensity","kg CO2eq/kg",2019,0.5612,"no"
NA,"World",NA,NA,"Meat of chickens","Emissions intensity","kg CO2eq/kg",2020,0.5525,"no"
NA,"World",NA,NA,"Meat of chickens","Emissions intensity","kg CO2eq/kg",2021,0.5495,"no"
NA,"World",NA,NA,"Meat of chickens","Emissions intensity","kg CO2eq/kg",2022,0.5615,"no"
NA,"World",NA,NA,"Meat of goat","Emissions intensity","kg CO2eq/kg",1992,41.3467,"no"
NA,"World",NA,NA,"Meat of goat","Emissions intensity","kg CO2eq/kg",1993,40.1965,"no"
NA,"World",NA,NA,"Meat of goat","Emissions intensity","kg CO2eq/kg",1994,40.498,"no"
NA,"World",NA,NA,"Meat of goat","Emissions intensity","kg CO2eq/kg",1995,39.3042,"no"
NA,"World",NA,NA,"Meat of goat","Emissions intensity","kg CO2eq/kg",1996,43.7917,"no"
NA,"World",NA,NA,"Meat of goat","Emissions intensity","kg CO2eq/kg",1997,40.0471,"no"
NA,"World",NA,NA,"Meat of goat","Emissions intensity","kg CO2eq/kg",1998,38.7284,"no"
NA,"World",NA,NA,"Meat of goat","Emissions intensity","kg CO2eq/kg",1999,37.6273,"no"
NA,"World",NA,NA,"Meat of goat","Emissions intensity","kg CO2eq/kg",2000,37.8438,"no"
NA,"World",NA,NA,"Meat of goat","Emissions intensity","kg CO2eq/kg",2001,36.336,"no"
NA,"World",NA,NA,"Meat of goat","Emissions intensity","kg CO2eq/kg",2002,35.6095,"no"
NA,"World",NA,NA,"Meat of goat","Emissions intensity","kg CO2eq/kg",2003,34.6735,"no"
NA,"World",NA,NA,"Meat of goat","Emissions intensity","kg CO2eq/kg",2004,34.3994,"no"
NA,"World",NA,NA,"Meat of goat","Emissions intensity","kg CO2eq/kg",2005,34.0362,"no"
NA,"World",NA,NA,"Meat of goat","Emissions intensity","kg CO2eq/kg",2006,34.1907,"no"
NA,"World",NA,NA,"Meat of goat","Emissions intensity","kg CO2eq/kg",2007,34.1083,"no"
NA,"World",NA,NA,"Meat of goat","Emissions intensity","kg CO2eq/kg",2008,34.607,"no"
NA,"World",NA,NA,"Meat of goat","Emissions intensity","kg CO2eq/kg",2009,34.0796,"no"
NA,"World",NA,NA,"Meat of goat","Emissions intensity","kg CO2eq/kg",2010,32.3344,"no"
NA,"World",NA,NA,"Meat of goat","Emissions intensity","kg CO2eq/kg",2011,32.762,"no"
NA,"World",NA,NA,"Meat of goat","Emissions intensity","kg CO2eq/kg",2012,33.4506,"no"
NA,"World",NA,NA,"Meat of goat","Emissions intensity","kg CO2eq/kg",2013,34.2867,"no"
NA,"World",NA,NA,"Meat of goat","Emissions intensity","kg CO2eq/kg",2014,33.9629,"no"
NA,"World",NA,NA,"Meat of goat","Emissions intensity","kg CO2eq/kg",2015,33.7013,"no"
NA,"World",NA,NA,"Meat of goat","Emissions intensity","kg CO2eq/kg",2016,33.8802,"no"
NA,"World",NA,NA,"Meat of goat","Emissions intensity","kg CO2eq/kg",2017,34.172,"no"
NA,"World",NA,NA,"Meat of goat","Emissions intensity","kg CO2eq/kg",2018,34.4178,"no"
NA,"World",NA,NA,"Meat of goat","Emissions intensity","kg CO2eq/kg",2019,34.5087,"no"
NA,"World",NA,NA,"Meat of goat","Emissions intensity","kg CO2eq/kg",2020,34.6022,"no"
NA,"World",NA,NA,"Meat of goat","Emissions intensity","kg CO2eq/kg",2021,34.2781,"no"
NA,"World",NA,NA,"Meat of goat","Emissions intensity","kg CO2eq/kg",2022,34.4452,"no"
NA,"World",NA,NA,"Meat of pig with the bone","Emissions intensity","kg CO2eq/kg",1992,2.4522,"no"
NA,"World",NA,NA,"Meat of pig with the bone","Emissions intensity","kg CO2eq/kg",1993,2.3759,"no"
NA,"World",NA,NA,"Meat of pig with the bone","Emissions intensity","kg CO2eq/kg",1994,2.2883,"no"
NA,"World",NA,NA,"Meat of pig with the bone","Emissions intensity","kg CO2eq/kg",1995,2.1724,"no"
NA,"World",NA,NA,"Meat of pig with the bone","Emissions intensity","kg CO2eq/kg",1996,2.3054,"no"
NA,"World",NA,NA,"Meat of pig with the bone","Emissions intensity","kg CO2eq/kg",1997,2.097,"no"
NA,"World",NA,NA,"Meat of pig with the bone","Emissions intensity","kg CO2eq/kg",1998,2.0192,"no"
NA,"World",NA,NA,"Meat of pig with the bone","Emissions intensity","kg CO2eq/kg",1999,1.9991,"no"
NA,"World",NA,NA,"Meat of pig with the bone","Emissions intensity","kg CO2eq/kg",2000,2.0306,"no"
NA,"World",NA,NA,"Meat of pig with the bone","Emissions intensity","kg CO2eq/kg",2001,1.988,"no"
NA,"World",NA,NA,"Meat of pig with the bone","Emissions intensity","kg CO2eq/kg",2002,1.964,"no"
NA,"World",NA,NA,"Meat of pig with the bone","Emissions intensity","kg CO2eq/kg",2003,1.9309,"no"
NA,"World",NA,NA,"Meat of pig with the bone","Emissions intensity","kg CO2eq/kg",2004,1.9032,"no"
NA,"World",NA,NA,"Meat of pig with the bone","Emissions intensity","kg CO2eq/kg",2005,1.8793,"no"
NA,"World",NA,NA,"Meat of pig with the bone","Emissions intensity","kg CO2eq/kg",2006,1.882,"no"
NA,"World",NA,NA,"Meat of pig with the bone","Emissions intensity","kg CO2eq/kg",2007,1.9094,"no"
NA,"World",NA,NA,"Meat of pig with the bone","Emissions intensity","kg CO2eq/kg",2008,1.8618,"no"
NA,"World",NA,NA,"Meat of pig with the bone","Emissions intensity","kg CO2eq/kg",2009,1.8452,"no"
NA,"World",NA,NA,"Meat of pig with the bone","Emissions intensity","kg CO2eq/kg",2010,1.807,"no"
NA,"World",NA,NA,"Meat of pig with the bone","Emissions intensity","kg CO2eq/kg",2011,1.8017,"no"
NA,"World",NA,NA,"Meat of pig with the bone","Emissions intensity","kg CO2eq/kg",2012,1.7557,"no"
NA,"World",NA,NA,"Meat of pig with the bone","Emissions intensity","kg CO2eq/kg",2013,1.7159,"no"
NA,"World",NA,NA,"Meat of pig with the bone","Emissions intensity","kg CO2eq/kg",2014,1.712,"no"
NA,"World",NA,NA,"Meat of pig with the bone","Emissions intensity","kg CO2eq/kg",2015,1.6928,"no"
NA,"World",NA,NA,"Meat of pig with the bone","Emissions intensity","kg CO2eq/kg",2016,1.7048,"no"
NA,"World",NA,NA,"Meat of pig with the bone","Emissions intensity","kg CO2eq/kg",2017,1.6923,"no"
NA,"World",NA,NA,"Meat of pig with the bone","Emissions intensity","kg CO2eq/kg",2018,1.6689,"no"
NA,"World",NA,NA,"Meat of pig with the bone","Emissions intensity","kg CO2eq/kg",2019,1.7,"no"
NA,"World",NA,NA,"Meat of pig with the bone","Emissions intensity","kg CO2eq/kg",2020,1.8192,"no"
NA,"World",NA,NA,"Meat of pig with the bone","Emissions intensity","kg CO2eq/kg",2021,1.6637,"no"
NA,"World",NA,NA,"Meat of pig with the bone","Emissions intensity","kg CO2eq/kg",2022,1.6372,"no"
NA,"World",NA,NA,"Meat of sheep","Emissions intensity","kg CO2eq/kg",1992,37.0745,"no"
NA,"World",NA,NA,"Meat of sheep","Emissions intensity","kg CO2eq/kg",1993,35.3298,"no"
NA,"World",NA,NA,"Meat of sheep","Emissions intensity","kg CO2eq/kg",1994,34.0371,"no"
NA,"World",NA,NA,"Meat of sheep","Emissions intensity","kg CO2eq/kg",1995,32.7238,"no"
NA,"World",NA,NA,"Meat of sheep","Emissions intensity","kg CO2eq/kg",1996,32.6685,"no"
NA,"World",NA,NA,"Meat of sheep","Emissions intensity","kg CO2eq/kg",1997,31.1421,"no"
NA,"World",NA,NA,"Meat of sheep","Emissions intensity","kg CO2eq/kg",1998,30.0541,"no"
NA,"World",NA,NA,"Meat of sheep","Emissions intensity","kg CO2eq/kg",1999,29.9656,"no"
NA,"World",NA,NA,"Meat of sheep","Emissions intensity","kg CO2eq/kg",2000,29.3261,"no"
NA,"World",NA,NA,"Meat of sheep","Emissions intensity","kg CO2eq/kg",2001,27.6986,"no"
NA,"World",NA,NA,"Meat of sheep","Emissions intensity","kg CO2eq/kg",2002,27.783,"no"
NA,"World",NA,NA,"Meat of sheep","Emissions intensity","kg CO2eq/kg",2003,27.6174,"no"
NA,"World",NA,NA,"Meat of sheep","Emissions intensity","kg CO2eq/kg",2004,27.9367,"no"
NA,"World",NA,NA,"Meat of sheep","Emissions intensity","kg CO2eq/kg",2005,27.7506,"no"
NA,"World",NA,NA,"Meat of sheep","Emissions intensity","kg CO2eq/kg",2006,27.03,"no"
NA,"World",NA,NA,"Meat of sheep","Emissions intensity","kg CO2eq/kg",2007,26.0565,"no"
NA,"World",NA,NA,"Meat of sheep","Emissions intensity","kg CO2eq/kg",2008,25.8373,"no"
NA,"World",NA,NA,"Meat of sheep","Emissions intensity","kg CO2eq/kg",2009,25.4047,"no"
NA,"World",NA,NA,"Meat of sheep","Emissions intensity","kg CO2eq/kg",2010,24.5417,"no"
NA,"World",NA,NA,"Meat of sheep","Emissions intensity","kg CO2eq/kg",2011,24.7285,"no"
NA,"World",NA,NA,"Meat of sheep","Emissions intensity","kg CO2eq/kg",2012,25.3331,"no"
NA,"World",NA,NA,"Meat of sheep","Emissions intensity","kg CO2eq/kg",2013,25.5825,"no"
NA,"World",NA,NA,"Meat of sheep","Emissions intensity","kg CO2eq/kg",2014,24.6528,"no"
NA,"World",NA,NA,"Meat of sheep","Emissions intensity","kg CO2eq/kg",2015,24.7044,"no"
NA,"World",NA,NA,"Meat of sheep","Emissions intensity","kg CO2eq/kg",2016,24.3885,"no"
NA,"World",NA,NA,"Meat of sheep","Emissions intensity","kg CO2eq/kg",2017,24.8053,"no"
NA,"World",NA,NA,"Meat of sheep","Emissions intensity","kg CO2eq/kg",2018,24.4701,"no"
NA,"World",NA,NA,"Meat of sheep","Emissions intensity","kg CO2eq/kg",2019,24.4737,"no"
NA,"World",NA,NA,"Meat of sheep","Emissions intensity","kg CO2eq/kg",2020,24.6321,"no"
NA,"World",NA,NA,"Meat of sheep","Emissions intensity","kg CO2eq/kg",2021,24.9482,"no"
NA,"World",NA,NA,"Meat of sheep","Emissions intensity","kg CO2eq/kg",2022,24.8323,"no"
NA,"World",NA,NA,"Raw milk of buffalo","Emissions intensity","kg CO2eq/kg",1992,1.7019,"no"
NA,"World",NA,NA,"Raw milk of buffalo","Emissions intensity","kg CO2eq/kg",1993,1.648,"no"
NA,"World",NA,NA,"Raw milk of buffalo","Emissions intensity","kg CO2eq/kg",1994,1.6138,"no"
NA,"World",NA,NA,"Raw milk of buffalo","Emissions intensity","kg CO2eq/kg",1995,1.5211,"no"
NA,"World",NA,NA,"Raw milk of buffalo","Emissions intensity","kg CO2eq/kg",1996,1.4841,"no"
NA,"World",NA,NA,"Raw milk of buffalo","Emissions intensity","kg CO2eq/kg",1997,1.4489,"no"
NA,"World",NA,NA,"Raw milk of buffalo","Emissions intensity","kg CO2eq/kg",1998,1.4446,"no"
NA,"World",NA,NA,"Raw milk of buffalo","Emissions intensity","kg CO2eq/kg",1999,1.3873,"no"
NA,"World",NA,NA,"Raw milk of buffalo","Emissions intensity","kg CO2eq/kg",2000,1.3673,"no"
NA,"World",NA,NA,"Raw milk of buffalo","Emissions intensity","kg CO2eq/kg",2001,1.3551,"no"
NA,"World",NA,NA,"Raw milk of buffalo","Emissions intensity","kg CO2eq/kg",2002,1.3475,"no"
NA,"World",NA,NA,"Raw milk of buffalo","Emissions intensity","kg CO2eq/kg",2003,1.31,"no"
NA,"World",NA,NA,"Raw milk of buffalo","Emissions intensity","kg CO2eq/kg",2004,1.3029,"no"
NA,"World",NA,NA,"Raw milk of buffalo","Emissions intensity","kg CO2eq/kg",2005,1.2927,"no"
NA,"World",NA,NA,"Raw milk of buffalo","Emissions intensity","kg CO2eq/kg",2006,1.2715,"no"
NA,"World",NA,NA,"Raw milk of buffalo","Emissions intensity","kg CO2eq/kg",2007,1.2684,"no"
NA,"World",NA,NA,"Raw milk of buffalo","Emissions intensity","kg CO2eq/kg",2008,1.2551,"no"
NA,"World",NA,NA,"Raw milk of buffalo","Emissions intensity","kg CO2eq/kg",2009,1.1919,"no"
NA,"World",NA,NA,"Raw milk of buffalo","Emissions intensity","kg CO2eq/kg",2010,1.1788,"no"
NA,"World",NA,NA,"Raw milk of buffalo","Emissions intensity","kg CO2eq/kg",2011,1.1635,"no"
NA,"World",NA,NA,"Raw milk of buffalo","Emissions intensity","kg CO2eq/kg",2012,1.1475,"no"
NA,"World",NA,NA,"Raw milk of buffalo","Emissions intensity","kg CO2eq/kg",2013,1.126,"no"
NA,"World",NA,NA,"Raw milk of buffalo","Emissions intensity","kg CO2eq/kg",2014,1.071,"no"
NA,"World",NA,NA,"Raw milk of buffalo","Emissions intensity","kg CO2eq/kg",2015,1.0871,"no"
NA,"World",NA,NA,"Raw milk of buffalo","Emissions intensity","kg CO2eq/kg",2016,1.0784,"no"
NA,"World",NA,NA,"Raw milk of buffalo","Emissions intensity","kg CO2eq/kg",2017,1.0444,"no"
NA,"World",NA,NA,"Raw milk of buffalo","Emissions intensity","kg CO2eq/kg",2018,1.0226,"no"
NA,"World",NA,NA,"Raw milk of buffalo","Emissions intensity","kg CO2eq/kg",2019,1.0006,"no"
NA,"World",NA,NA,"Raw milk of buffalo","Emissions intensity","kg CO2eq/kg",2020,0.9826,"no"
NA,"World",NA,NA,"Raw milk of buffalo","Emissions intensity","kg CO2eq/kg",2021,0.9186,"no"
NA,"World",NA,NA,"Raw milk of buffalo","Emissions intensity","kg CO2eq/kg",2022,0.9658,"no"
NA,"World",NA,NA,"Raw milk of camel","Emissions intensity","kg CO2eq/kg",1992,4.1063,"no"
NA,"World",NA,NA,"Raw milk of camel","Emissions intensity","kg CO2eq/kg",1993,4.1367,"no"
NA,"World",NA,NA,"Raw milk of camel","Emissions intensity","kg CO2eq/kg",1994,4.0081,"no"
NA,"World",NA,NA,"Raw milk of camel","Emissions intensity","kg CO2eq/kg",1995,3.9433,"no"
NA,"World",NA,NA,"Raw milk of camel","Emissions intensity","kg CO2eq/kg",1996,3.954,"no"
NA,"World",NA,NA,"Raw milk of camel","Emissions intensity","kg CO2eq/kg",1997,3.9455,"no"
NA,"World",NA,NA,"Raw milk of camel","Emissions intensity","kg CO2eq/kg",1998,3.9034,"no"
NA,"World",NA,NA,"Raw milk of camel","Emissions intensity","kg CO2eq/kg",1999,3.0318,"no"
NA,"World",NA,NA,"Raw milk of camel","Emissions intensity","kg CO2eq/kg",2000,2.9828,"no"
NA,"World",NA,NA,"Raw milk of camel","Emissions intensity","kg CO2eq/kg",2001,2.9448,"no"
NA,"World",NA,NA,"Raw milk of camel","Emissions intensity","kg CO2eq/kg",2002,2.9465,"no"
NA,"World",NA,NA,"Raw milk of camel","Emissions intensity","kg CO2eq/kg",2003,2.7953,"no"
NA,"World",NA,NA,"Raw milk of camel","Emissions intensity","kg CO2eq/kg",2004,2.7733,"no"
NA,"World",NA,NA,"Raw milk of camel","Emissions intensity","kg CO2eq/kg",2005,2.8466,"no"
NA,"World",NA,NA,"Raw milk of camel","Emissions intensity","kg CO2eq/kg",2006,2.9061,"no"
NA,"World",NA,NA,"Raw milk of camel","Emissions intensity","kg CO2eq/kg",2007,2.6716,"no"
NA,"World",NA,NA,"Raw milk of camel","Emissions intensity","kg CO2eq/kg",2008,2.5644,"no"
NA,"World",NA,NA,"Raw milk of camel","Emissions intensity","kg CO2eq/kg",2009,2.6918,"no"
NA,"World",NA,NA,"Raw milk of camel","Emissions intensity","kg CO2eq/kg",2010,2.5949,"no"
NA,"World",NA,NA,"Raw milk of camel","Emissions intensity","kg CO2eq/kg",2011,2.743,"no"
NA,"World",NA,NA,"Raw milk of camel","Emissions intensity","kg CO2eq/kg",2012,3.3899,"no"
NA,"World",NA,NA,"Raw milk of camel","Emissions intensity","kg CO2eq/kg",2013,3.3723,"no"
NA,"World",NA,NA,"Raw milk of camel","Emissions intensity","kg CO2eq/kg",2014,3.5121000000000002,"no"
NA,"World",NA,NA,"Raw milk of camel","Emissions intensity","kg CO2eq/kg",2015,3.4463,"no"
NA,"World",NA,NA,"Raw milk of camel","Emissions intensity","kg CO2eq/kg",2016,3.4939,"no"
NA,"World",NA,NA,"Raw milk of camel","Emissions intensity","kg CO2eq/kg",2017,3.3778,"no"
NA,"World",NA,NA,"Raw milk of camel","Emissions intensity","kg CO2eq/kg",2018,3.4553,"no"
NA,"World",NA,NA,"Raw milk of camel","Emissions intensity","kg CO2eq/kg",2019,3.4453,"no"
NA,"World",NA,NA,"Raw milk of camel","Emissions intensity","kg CO2eq/kg",2020,3.4323,"no"
NA,"World",NA,NA,"Raw milk of camel","Emissions intensity","kg CO2eq/kg",2021,3.4599,"no"
NA,"World",NA,NA,"Raw milk of camel","Emissions intensity","kg CO2eq/kg",2022,3.4042,"no"
NA,"World",NA,NA,"Raw milk of cattle","Emissions intensity","kg CO2eq/kg",1992,1.434,"no"
NA,"World",NA,NA,"Raw milk of cattle","Emissions intensity","kg CO2eq/kg",1993,1.4193,"no"
NA,"World",NA,NA,"Raw milk of cattle","Emissions intensity","kg CO2eq/kg",1994,1.4246,"no"
NA,"World",NA,NA,"Raw milk of cattle","Emissions intensity","kg CO2eq/kg",1995,1.4096,"no"
NA,"World",NA,NA,"Raw milk of cattle","Emissions intensity","kg CO2eq/kg",1996,1.3801,"no"
NA,"World",NA,NA,"Raw milk of cattle","Emissions intensity","kg CO2eq/kg",1997,1.3654,"no"
NA,"World",NA,NA,"Raw milk of cattle","Emissions intensity","kg CO2eq/kg",1998,1.3392,"no"
NA,"World",NA,NA,"Raw milk of cattle","Emissions intensity","kg CO2eq/kg",1999,1.3127,"no"
NA,"World",NA,NA,"Raw milk of cattle","Emissions intensity","kg CO2eq/kg",2000,1.2868,"no"
NA,"World",NA,NA,"Raw milk of cattle","Emissions intensity","kg CO2eq/kg",2001,1.2754,"no"
NA,"World",NA,NA,"Raw milk of cattle","Emissions intensity","kg CO2eq/kg",2002,1.2506,"no"
NA,"World",NA,NA,"Raw milk of cattle","Emissions intensity","kg CO2eq/kg",2003,1.2513,"no"
NA,"World",NA,NA,"Raw milk of cattle","Emissions intensity","kg CO2eq/kg",2004,1.2368,"no"
NA,"World",NA,NA,"Raw milk of cattle","Emissions intensity","kg CO2eq/kg",2005,1.2044,"no"
NA,"World",NA,NA,"Raw milk of cattle","Emissions intensity","kg CO2eq/kg",2006,1.1891,"no"
NA,"World",NA,NA,"Raw milk of cattle","Emissions intensity","kg CO2eq/kg",2007,1.1909,"no"
NA,"World",NA,NA,"Raw milk of cattle","Emissions intensity","kg CO2eq/kg",2008,1.1736,"no"
NA,"World",NA,NA,"Raw milk of cattle","Emissions intensity","kg CO2eq/kg",2009,1.1848,"no"
NA,"World",NA,NA,"Raw milk of cattle","Emissions intensity","kg CO2eq/kg",2010,1.1646,"no"
NA,"World",NA,NA,"Raw milk of cattle","Emissions intensity","kg CO2eq/kg",2011,1.1446,"no"
NA,"World",NA,NA,"Raw milk of cattle","Emissions intensity","kg CO2eq/kg",2012,1.1337,"no"
NA,"World",NA,NA,"Raw milk of cattle","Emissions intensity","kg CO2eq/kg",2013,1.1236,"no"
NA,"World",NA,NA,"Raw milk of cattle","Emissions intensity","kg CO2eq/kg",2014,1.0976,"no"
NA,"World",NA,NA,"Raw milk of cattle","Emissions intensity","kg CO2eq/kg",2015,1.0633,"no"
NA,"World",NA,NA,"Raw milk of cattle","Emissions intensity","kg CO2eq/kg",2016,1.0665,"no"
NA,"World",NA,NA,"Raw milk of cattle","Emissions intensity","kg CO2eq/kg",2017,1.028,"no"
NA,"World",NA,NA,"Raw milk of cattle","Emissions intensity","kg CO2eq/kg",2018,0.997,"no"
NA,"World",NA,NA,"Raw milk of cattle","Emissions intensity","kg CO2eq/kg",2019,0.9781,"no"
NA,"World",NA,NA,"Raw milk of cattle","Emissions intensity","kg CO2eq/kg",2020,0.9501,"no"
NA,"World",NA,NA,"Raw milk of cattle","Emissions intensity","kg CO2eq/kg",2021,0.9348,"no"
NA,"World",NA,NA,"Raw milk of cattle","Emissions intensity","kg CO2eq/kg",2022,0.9431,"no"
NA,"World",NA,NA,"Raw milk of goats","Emissions intensity","kg CO2eq/kg",1992,2.8185,"no"
NA,"World",NA,NA,"Raw milk of goats","Emissions intensity","kg CO2eq/kg",1993,2.779,"no"
NA,"World",NA,NA,"Raw milk of goats","Emissions intensity","kg CO2eq/kg",1994,2.8209,"no"
NA,"World",NA,NA,"Raw milk of goats","Emissions intensity","kg CO2eq/kg",1995,2.8603,"no"
NA,"World",NA,NA,"Raw milk of goats","Emissions intensity","kg CO2eq/kg",1996,2.8106,"no"
NA,"World",NA,NA,"Raw milk of goats","Emissions intensity","kg CO2eq/kg",1997,2.838,"no"
NA,"World",NA,NA,"Raw milk of goats","Emissions intensity","kg CO2eq/kg",1998,2.7936,"no"
NA,"World",NA,NA,"Raw milk of goats","Emissions intensity","kg CO2eq/kg",1999,2.9217,"no"
NA,"World",NA,NA,"Raw milk of goats","Emissions intensity","kg CO2eq/kg",2000,2.8593,"no"
NA,"World",NA,NA,"Raw milk of goats","Emissions intensity","kg CO2eq/kg",2001,2.7679,"no"
NA,"World",NA,NA,"Raw milk of goats","Emissions intensity","kg CO2eq/kg",2002,2.7636,"no"
NA,"World",NA,NA,"Raw milk of goats","Emissions intensity","kg CO2eq/kg",2003,2.7257,"no"
NA,"World",NA,NA,"Raw milk of goats","Emissions intensity","kg CO2eq/kg",2004,2.6988,"no"
NA,"World",NA,NA,"Raw milk of goats","Emissions intensity","kg CO2eq/kg",2005,2.7073,"no"
NA,"World",NA,NA,"Raw milk of goats","Emissions intensity","kg CO2eq/kg",2006,2.6926,"no"
NA,"World",NA,NA,"Raw milk of goats","Emissions intensity","kg CO2eq/kg",2007,2.5913,"no"
NA,"World",NA,NA,"Raw milk of goats","Emissions intensity","kg CO2eq/kg",2008,2.576,"no"
NA,"World",NA,NA,"Raw milk of goats","Emissions intensity","kg CO2eq/kg",2009,2.6285,"no"
NA,"World",NA,NA,"Raw milk of goats","Emissions intensity","kg CO2eq/kg",2010,3.0828,"no"
NA,"World",NA,NA,"Raw milk of goats","Emissions intensity","kg CO2eq/kg",2011,3.1133,"no"
NA,"World",NA,NA,"Raw milk of goats","Emissions intensity","kg CO2eq/kg",2012,2.9501,"no"
NA,"World",NA,NA,"Raw milk of goats","Emissions intensity","kg CO2eq/kg",2013,2.6612,"no"
NA,"World",NA,NA,"Raw milk of goats","Emissions intensity","kg CO2eq/kg",2014,2.6396,"no"
NA,"World",NA,NA,"Raw milk of goats","Emissions intensity","kg CO2eq/kg",2015,2.6854,"no"
NA,"World",NA,NA,"Raw milk of goats","Emissions intensity","kg CO2eq/kg",2016,2.6541,"no"
NA,"World",NA,NA,"Raw milk of goats","Emissions intensity","kg CO2eq/kg",2017,2.5744,"no"
NA,"World",NA,NA,"Raw milk of goats","Emissions intensity","kg CO2eq/kg",2018,2.62,"no"
NA,"World",NA,NA,"Raw milk of goats","Emissions intensity","kg CO2eq/kg",2019,2.7327,"no"
NA,"World",NA,NA,"Raw milk of goats","Emissions intensity","kg CO2eq/kg",2020,2.6265,"no"
NA,"World",NA,NA,"Raw milk of goats","Emissions intensity","kg CO2eq/kg",2021,2.5567,"no"
NA,"World",NA,NA,"Raw milk of goats","Emissions intensity","kg CO2eq/kg",2022,2.6261,"no"
NA,"World",NA,NA,"Raw milk of sheep","Emissions intensity","kg CO2eq/kg",1992,6.0658,"no"
NA,"World",NA,NA,"Raw milk of sheep","Emissions intensity","kg CO2eq/kg",1993,6.0876,"no"
NA,"World",NA,NA,"Raw milk of sheep","Emissions intensity","kg CO2eq/kg",1994,6.0057,"no"
NA,"World",NA,NA,"Raw milk of sheep","Emissions intensity","kg CO2eq/kg",1995,5.9956,"no"
NA,"World",NA,NA,"Raw milk of sheep","Emissions intensity","kg CO2eq/kg",1996,5.9426,"no"
NA,"World",NA,NA,"Raw milk of sheep","Emissions intensity","kg CO2eq/kg",1997,5.9899,"no"
NA,"World",NA,NA,"Raw milk of sheep","Emissions intensity","kg CO2eq/kg",1998,6.0306,"no"
NA,"World",NA,NA,"Raw milk of sheep","Emissions intensity","kg CO2eq/kg",1999,6.0893,"no"
NA,"World",NA,NA,"Raw milk of sheep","Emissions intensity","kg CO2eq/kg",2000,6.2174,"no"
NA,"World",NA,NA,"Raw milk of sheep","Emissions intensity","kg CO2eq/kg",2001,6.0105,"no"
NA,"World",NA,NA,"Raw milk of sheep","Emissions intensity","kg CO2eq/kg",2002,6.1355,"no"
NA,"World",NA,NA,"Raw milk of sheep","Emissions intensity","kg CO2eq/kg",2003,5.7897,"no"
NA,"World",NA,NA,"Raw milk of sheep","Emissions intensity","kg CO2eq/kg",2004,5.6872,"no"
NA,"World",NA,NA,"Raw milk of sheep","Emissions intensity","kg CO2eq/kg",2005,5.7274,"no"
NA,"World",NA,NA,"Raw milk of sheep","Emissions intensity","kg CO2eq/kg",2006,5.6428,"no"
NA,"World",NA,NA,"Raw milk of sheep","Emissions intensity","kg CO2eq/kg",2007,5.7327,"no"
NA,"World",NA,NA,"Raw milk of sheep","Emissions intensity","kg CO2eq/kg",2008,5.7516,"no"
NA,"World",NA,NA,"Raw milk of sheep","Emissions intensity","kg CO2eq/kg",2009,5.7206,"no"
NA,"World",NA,NA,"Raw milk of sheep","Emissions intensity","kg CO2eq/kg",2010,6.0715,"no"
NA,"World",NA,NA,"Raw milk of sheep","Emissions intensity","kg CO2eq/kg",2011,6.2145,"no"
NA,"World",NA,NA,"Raw milk of sheep","Emissions intensity","kg CO2eq/kg",2012,6.0581,"no"
NA,"World",NA,NA,"Raw milk of sheep","Emissions intensity","kg CO2eq/kg",2013,5.7207,"no"
NA,"World",NA,NA,"Raw milk of sheep","Emissions intensity","kg CO2eq/kg",2014,5.6756,"no"
NA,"World",NA,NA,"Raw milk of sheep","Emissions intensity","kg CO2eq/kg",2015,5.6469,"no"
NA,"World",NA,NA,"Raw milk of sheep","Emissions intensity","kg CO2eq/kg",2016,5.7353,"no"
NA,"World",NA,NA,"Raw milk of sheep","Emissions intensity","kg CO2eq/kg",2017,5.5797,"no"
NA,"World",NA,NA,"Raw milk of sheep","Emissions intensity","kg CO2eq/kg",2018,5.6812,"no"
NA,"World",NA,NA,"Raw milk of sheep","Emissions intensity","kg CO2eq/kg",2019,5.7083,"no"
NA,"World",NA,NA,"Raw milk of sheep","Emissions intensity","kg CO2eq/kg",2020,5.7055,"no"
NA,"World",NA,NA,"Raw milk of sheep","Emissions intensity","kg CO2eq/kg",2021,5.7158,"no"
NA,"World",NA,NA,"Raw milk of sheep","Emissions intensity","kg CO2eq/kg",2022,5.8016,"no"
NA,"World",NA,NA,"Rice","Emissions intensity","kg CO2eq/kg",1992,1.2582,"no"
NA,"World",NA,NA,"Rice","Emissions intensity","kg CO2eq/kg",1993,1.2469,"no"
NA,"World",NA,NA,"Rice","Emissions intensity","kg CO2eq/kg",1994,1.2356,"no"
NA,"World",NA,NA,"Rice","Emissions intensity","kg CO2eq/kg",1995,1.2394,"no"
NA,"World",NA,NA,"Rice","Emissions intensity","kg CO2eq/kg",1996,1.2071,"no"
NA,"World",NA,NA,"Rice","Emissions intensity","kg CO2eq/kg",1997,1.1964,"no"
NA,"World",NA,NA,"Rice","Emissions intensity","kg CO2eq/kg",1998,1.1874,"no"
NA,"World",NA,NA,"Rice","Emissions intensity","kg CO2eq/kg",1999,1.1691,"no"
NA,"World",NA,NA,"Rice","Emissions intensity","kg CO2eq/kg",2000,1.1683,"no"
NA,"World",NA,NA,"Rice","Emissions intensity","kg CO2eq/kg",2001,1.1508,"no"
NA,"World",NA,NA,"Rice","Emissions intensity","kg CO2eq/kg",2002,1.1816,"no"
NA,"World",NA,NA,"Rice","Emissions intensity","kg CO2eq/kg",2003,1.1484,"no"
NA,"World",NA,NA,"Rice","Emissions intensity","kg CO2eq/kg",2004,1.1346,"no"
NA,"World",NA,NA,"Rice","Emissions intensity","kg CO2eq/kg",2005,1.112,"no"
NA,"World",NA,NA,"Rice","Emissions intensity","kg CO2eq/kg",2006,1.1048,"no"
NA,"World",NA,NA,"Rice","Emissions intensity","kg CO2eq/kg",2007,1.08,"no"
NA,"World",NA,NA,"Rice","Emissions intensity","kg CO2eq/kg",2008,1.0595,"no"
NA,"World",NA,NA,"Rice","Emissions intensity","kg CO2eq/kg",2009,1.0579,"no"
NA,"World",NA,NA,"Rice","Emissions intensity","kg CO2eq/kg",2010,1.0557,"no"
NA,"World",NA,NA,"Rice","Emissions intensity","kg CO2eq/kg",2011,1.0233,"no"
NA,"World",NA,NA,"Rice","Emissions intensity","kg CO2eq/kg",2012,1.0097,"no"
NA,"World",NA,NA,"Rice","Emissions intensity","kg CO2eq/kg",2013,1.0098,"no"
NA,"World",NA,NA,"Rice","Emissions intensity","kg CO2eq/kg",2014,1.002,"no"
NA,"World",NA,NA,"Rice","Emissions intensity","kg CO2eq/kg",2015,0.9928,"no"
NA,"World",NA,NA,"Rice","Emissions intensity","kg CO2eq/kg",2016,0.9927,"no"
NA,"World",NA,NA,"Rice","Emissions intensity","kg CO2eq/kg",2017,0.9827,"no"
NA,"World",NA,NA,"Rice","Emissions intensity","kg CO2eq/kg",2018,0.9669,"no"
NA,"World",NA,NA,"Rice","Emissions intensity","kg CO2eq/kg",2019,0.9615,"no"
NA,"World",NA,NA,"Rice","Emissions intensity","kg CO2eq/kg",2020,0.9621,"no"
NA,"World",NA,NA,"Rice","Emissions intensity","kg CO2eq/kg",2021,0.9467,"no"
NA,"World",NA,NA,"Rice","Emissions intensity","kg CO2eq/kg",2022,0.9505,"no"
"IRL","Ireland","Northern Europe",NA,"Cereals excluding rice","Emissions intensity","kg CO2eq/kg",1992,0.1411,"no"
"IRL","Ireland","Northern Europe",NA,"Cereals excluding rice","Emissions intensity","kg CO2eq/kg",1993,0.1754,"no"
"IRL","Ireland","Northern Europe",NA,"Cereals excluding rice","Emissions intensity","kg CO2eq/kg",1994,0.1846,"no"
"IRL","Ireland","Northern Europe",NA,"Cereals excluding rice","Emissions intensity","kg CO2eq/kg",1995,0.1691,"no"
"IRL","Ireland","Northern Europe",NA,"Cereals excluding rice","Emissions intensity","kg CO2eq/kg",1996,0.1448,"no"
"IRL","Ireland","Northern Europe",NA,"Cereals excluding rice","Emissions intensity","kg CO2eq/kg",1997,0.155,"no"
"IRL","Ireland","Northern Europe",NA,"Cereals excluding rice","Emissions intensity","kg CO2eq/kg",1998,0.1704,"no"
"IRL","Ireland","Northern Europe",NA,"Cereals excluding rice","Emissions intensity","kg CO2eq/kg",1999,0.1579,"no"
"IRL","Ireland","Northern Europe",NA,"Cereals excluding rice","Emissions intensity","kg CO2eq/kg",2000,0.1378,"no"
"IRL","Ireland","Northern Europe",NA,"Cereals excluding rice","Emissions intensity","kg CO2eq/kg",2001,0.1379,"no"
"IRL","Ireland","Northern Europe",NA,"Cereals excluding rice","Emissions intensity","kg CO2eq/kg",2002,0.1466,"no"
"IRL","Ireland","Northern Europe",NA,"Cereals excluding rice","Emissions intensity","kg CO2eq/kg",2003,0.1443,"no"
"IRL","Ireland","Northern Europe",NA,"Cereals excluding rice","Emissions intensity","kg CO2eq/kg",2004,0.125,"no"
"IRL","Ireland","Northern Europe",NA,"Cereals excluding rice","Emissions intensity","kg CO2eq/kg",2005,0.1429,"no"
"IRL","Ireland","Northern Europe",NA,"Cereals excluding rice","Emissions intensity","kg CO2eq/kg",2006,0.1313,"no"
"IRL","Ireland","Northern Europe",NA,"Cereals excluding rice","Emissions intensity","kg CO2eq/kg",2007,0.1314,"no"
"IRL","Ireland","Northern Europe",NA,"Cereals excluding rice","Emissions intensity","kg CO2eq/kg",2008,0.1178,"no"
"IRL","Ireland","Northern Europe",NA,"Cereals excluding rice","Emissions intensity","kg CO2eq/kg",2009,0.1411,"no"
"IRL","Ireland","Northern Europe",NA,"Cereals excluding rice","Emissions intensity","kg CO2eq/kg",2010,0.1306,"no"
"IRL","Ireland","Northern Europe",NA,"Cereals excluding rice","Emissions intensity","kg CO2eq/kg",2011,0.1141,"no"
"IRL","Ireland","Northern Europe",NA,"Cereals excluding rice","Emissions intensity","kg CO2eq/kg",2012,0.1369,"no"
"IRL","Ireland","Northern Europe",NA,"Cereals excluding rice","Emissions intensity","kg CO2eq/kg",2013,0.1223,"no"
"IRL","Ireland","Northern Europe",NA,"Cereals excluding rice","Emissions intensity","kg CO2eq/kg",2014,0.1178,"no"
"IRL","Ireland","Northern Europe",NA,"Cereals excluding rice","Emissions intensity","kg CO2eq/kg",2015,0.1163,"no"
"IRL","Ireland","Northern Europe",NA,"Cereals excluding rice","Emissions intensity","kg CO2eq/kg",2016,0.1264,"no"
"IRL","Ireland","Northern Europe",NA,"Cereals excluding rice","Emissions intensity","kg CO2eq/kg",2017,0.1296,"no"
"IRL","Ireland","Northern Europe",NA,"Cereals excluding rice","Emissions intensity","kg CO2eq/kg",2018,0.165,"no"
"IRL","Ireland","Northern Europe",NA,"Cereals excluding rice","Emissions intensity","kg CO2eq/kg",2019,0.1331,"no"
"IRL","Ireland","Northern Europe",NA,"Cereals excluding rice","Emissions intensity","kg CO2eq/kg",2020,0.1509,"no"
"IRL","Ireland","Northern Europe",NA,"Cereals excluding rice","Emissions intensity","kg CO2eq/kg",2021,0.1361,"no"
"IRL","Ireland","Northern Europe",NA,"Cereals excluding rice","Emissions intensity","kg CO2eq/kg",2022,0.1221,"no"
"IRL","Ireland","Northern Europe",NA,"Hen eggs in shell","Emissions intensity","kg CO2eq/kg",1992,1.0016,"no"
"IRL","Ireland","Northern Europe",NA,"Hen eggs in shell","Emissions intensity","kg CO2eq/kg",1993,0.9213,"no"
"IRL","Ireland","Northern Europe",NA,"Hen eggs in shell","Emissions intensity","kg CO2eq/kg",1994,1.0061,"no"
"IRL","Ireland","Northern Europe",NA,"Hen eggs in shell","Emissions intensity","kg CO2eq/kg",1995,1.0695,"no"
"IRL","Ireland","Northern Europe",NA,"Hen eggs in shell","Emissions intensity","kg CO2eq/kg",1996,0.7985,"no"
"IRL","Ireland","Northern Europe",NA,"Hen eggs in shell","Emissions intensity","kg CO2eq/kg",1997,0.8522,"no"
"IRL","Ireland","Northern Europe",NA,"Hen eggs in shell","Emissions intensity","kg CO2eq/kg",1998,0.8248,"no"
"IRL","Ireland","Northern Europe",NA,"Hen eggs in shell","Emissions intensity","kg CO2eq/kg",1999,0.9348,"no"
"IRL","Ireland","Northern Europe",NA,"Hen eggs in shell","Emissions intensity","kg CO2eq/kg",2000,1.0927,"no"
"IRL","Ireland","Northern Europe",NA,"Hen eggs in shell","Emissions intensity","kg CO2eq/kg",2001,1.1636,"no"
"IRL","Ireland","Northern Europe",NA,"Hen eggs in shell","Emissions intensity","kg CO2eq/kg",2002,1.0978,"no"
"IRL","Ireland","Northern Europe",NA,"Hen eggs in shell","Emissions intensity","kg CO2eq/kg",2003,1.1761,"no"
"IRL","Ireland","Northern Europe",NA,"Hen eggs in shell","Emissions intensity","kg CO2eq/kg",2004,1.1819,"no"
"IRL","Ireland","Northern Europe",NA,"Hen eggs in shell","Emissions intensity","kg CO2eq/kg",2005,1.0754,"no"
"IRL","Ireland","Northern Europe",NA,"Hen eggs in shell","Emissions intensity","kg CO2eq/kg",2006,1.1067,"no"
"IRL","Ireland","Northern Europe",NA,"Hen eggs in shell","Emissions intensity","kg CO2eq/kg",2007,1.1195,"no"
"IRL","Ireland","Northern Europe",NA,"Hen eggs in shell","Emissions intensity","kg CO2eq/kg",2008,0.9184,"no"
"IRL","Ireland","Northern Europe",NA,"Hen eggs in shell","Emissions intensity","kg CO2eq/kg",2009,0.9177,"no"
"IRL","Ireland","Northern Europe",NA,"Hen eggs in shell","Emissions intensity","kg CO2eq/kg",2010,0.8611,"no"
"IRL","Ireland","Northern Europe",NA,"Hen eggs in shell","Emissions intensity","kg CO2eq/kg",2011,0.8644,"no"
"IRL","Ireland","Northern Europe",NA,"Hen eggs in shell","Emissions intensity","kg CO2eq/kg",2012,0.8769,"no"
"IRL","Ireland","Northern Europe",NA,"Hen eggs in shell","Emissions intensity","kg CO2eq/kg",2013,0.8675,"no"
"IRL","Ireland","Northern Europe",NA,"Hen eggs in shell","Emissions intensity","kg CO2eq/kg",2014,0.8922,"no"
"IRL","Ireland","Northern Europe",NA,"Hen eggs in shell","Emissions intensity","kg CO2eq/kg",2015,0.8871,"no"
"IRL","Ireland","Northern Europe",NA,"Hen eggs in shell","Emissions intensity","kg CO2eq/kg",2016,0.8869,"no"
"IRL","Ireland","Northern Europe",NA,"Hen eggs in shell","Emissions intensity","kg CO2eq/kg",2017,0.8871,"no"
"IRL","Ireland","Northern Europe",NA,"Hen eggs in shell","Emissions intensity","kg CO2eq/kg",2018,0,"no"
"IRL","Ireland","Northern Europe",NA,"Hen eggs in shell","Emissions intensity","kg CO2eq/kg",2019,0,"no"
"IRL","Ireland","Northern Europe",NA,"Hen eggs in shell","Emissions intensity","kg CO2eq/kg",2020,0,"no"
"IRL","Ireland","Northern Europe",NA,"Hen eggs in shell","Emissions intensity","kg CO2eq/kg",2021,0,"no"
"IRL","Ireland","Northern Europe",NA,"Hen eggs in shell","Emissions intensity","kg CO2eq/kg",2022,0,"no"
"IRL","Ireland","Northern Europe",NA,"Meat of cattle with the bone","Emissions intensity","kg CO2eq/kg",1992,18.7212,"no"
"IRL","Ireland","Northern Europe",NA,"Meat of cattle with the bone","Emissions intensity","kg CO2eq/kg",1993,20.6693,"no"
"IRL","Ireland","Northern Europe",NA,"Meat of cattle with the bone","Emissions intensity","kg CO2eq/kg",1994,24.5183,"no"
"IRL","Ireland","Northern Europe",NA,"Meat of cattle with the bone","Emissions intensity","kg CO2eq/kg",1995,23.2549,"no"
"IRL","Ireland","Northern Europe",NA,"Meat of cattle with the bone","Emissions intensity","kg CO2eq/kg",1996,21.2634,"no"
"IRL","Ireland","Northern Europe",NA,"Meat of cattle with the bone","Emissions intensity","kg CO2eq/kg",1997,20.9306,"no"
"IRL","Ireland","Northern Europe",NA,"Meat of cattle with the bone","Emissions intensity","kg CO2eq/kg",1998,20.9048,"no"
"IRL","Ireland","Northern Europe",NA,"Meat of cattle with the bone","Emissions intensity","kg CO2eq/kg",1999,19.5608,"no"
"IRL","Ireland","Northern Europe",NA,"Meat of cattle with the bone","Emissions intensity","kg CO2eq/kg",2000,22.2353,"no"
"IRL","Ireland","Northern Europe",NA,"Meat of cattle with the bone","Emissions intensity","kg CO2eq/kg",2001,22.1669,"no"
"IRL","Ireland","Northern Europe",NA,"Meat of cattle with the bone","Emissions intensity","kg CO2eq/kg",2002,23.6258,"no"
"IRL","Ireland","Northern Europe",NA,"Meat of cattle with the bone","Emissions intensity","kg CO2eq/kg",2003,22.522,"no"
"IRL","Ireland","Northern Europe",NA,"Meat of cattle with the bone","Emissions intensity","kg CO2eq/kg",2004,22.7584,"no"
"IRL","Ireland","Northern Europe",NA,"Meat of cattle with the bone","Emissions intensity","kg CO2eq/kg",2005,23.8015,"no"
"IRL","Ireland","Northern Europe",NA,"Meat of cattle with the bone","Emissions intensity","kg CO2eq/kg",2006,24.0093,"no"
"IRL","Ireland","Northern Europe",NA,"Meat of cattle with the bone","Emissions intensity","kg CO2eq/kg",2007,21.8643,"no"
"IRL","Ireland","Northern Europe",NA,"Meat of cattle with the bone","Emissions intensity","kg CO2eq/kg",2008,23.6582,"no"
"IRL","Ireland","Northern Europe",NA,"Meat of cattle with the bone","Emissions intensity","kg CO2eq/kg",2009,24.6517,"no"
"IRL","Ireland","Northern Europe",NA,"Meat of cattle with the bone","Emissions intensity","kg CO2eq/kg",2010,21.6742,"no"
"IRL","Ireland","Northern Europe",NA,"Meat of cattle with the bone","Emissions intensity","kg CO2eq/kg",2011,21.5107,"no"
"IRL","Ireland","Northern Europe",NA,"Meat of cattle with the bone","Emissions intensity","kg CO2eq/kg",2012,24.8036,"no"
"IRL","Ireland","Northern Europe",NA,"Meat of cattle with the bone","Emissions intensity","kg CO2eq/kg",2013,24.2731,"no"
"IRL","Ireland","Northern Europe",NA,"Meat of cattle with the bone","Emissions intensity","kg CO2eq/kg",2014,21.4342,"no"
"IRL","Ireland","Northern Europe",NA,"Meat of cattle with the bone","Emissions intensity","kg CO2eq/kg",2015,21.994,"no"
"IRL","Ireland","Northern Europe",NA,"Meat of cattle with the bone","Emissions intensity","kg CO2eq/kg",2016,21.6646,"no"
"IRL","Ireland","Northern Europe",NA,"Meat of cattle with the bone","Emissions intensity","kg CO2eq/kg",2017,21.0418,"no"
"IRL","Ireland","Northern Europe",NA,"Meat of cattle with the bone","Emissions intensity","kg CO2eq/kg",2018,18.3705,"no"
"IRL","Ireland","Northern Europe",NA,"Meat of cattle with the bone","Emissions intensity","kg CO2eq/kg",2019,18.1321,"no"
"IRL","Ireland","Northern Europe",NA,"Meat of cattle with the bone","Emissions intensity","kg CO2eq/kg",2020,17.5342,"no"
"IRL","Ireland","Northern Europe",NA,"Meat of cattle with the bone","Emissions intensity","kg CO2eq/kg",2021,18.9408,"no"
"IRL","Ireland","Northern Europe",NA,"Meat of cattle with the bone","Emissions intensity","kg CO2eq/kg",2022,17.7594,"no"
"IRL","Ireland","Northern Europe",NA,"Meat of chickens","Emissions intensity","kg CO2eq/kg",1992,0.4044,"no"
"IRL","Ireland","Northern Europe",NA,"Meat of chickens","Emissions intensity","kg CO2eq/kg",1993,0.4011,"no"
"IRL","Ireland","Northern Europe",NA,"Meat of chickens","Emissions intensity","kg CO2eq/kg",1994,0.4138,"no"
"IRL","Ireland","Northern Europe",NA,"Meat of chickens","Emissions intensity","kg CO2eq/kg",1995,0.4314,"no"
"IRL","Ireland","Northern Europe",NA,"Meat of chickens","Emissions intensity","kg CO2eq/kg",1996,0.3926,"no"
"IRL","Ireland","Northern Europe",NA,"Meat of chickens","Emissions intensity","kg CO2eq/kg",1997,0.3935,"no"
"IRL","Ireland","Northern Europe",NA,"Meat of chickens","Emissions intensity","kg CO2eq/kg",1998,0.3806,"no"
"IRL","Ireland","Northern Europe",NA,"Meat of chickens","Emissions intensity","kg CO2eq/kg",1999,0.3093,"no"
"IRL","Ireland","Northern Europe",NA,"Meat of chickens","Emissions intensity","kg CO2eq/kg",2000,0.3746,"no"
"IRL","Ireland","Northern Europe",NA,"Meat of chickens","Emissions intensity","kg CO2eq/kg",2001,0.3491,"no"
"IRL","Ireland","Northern Europe",NA,"Meat of chickens","Emissions intensity","kg CO2eq/kg",2002,0.357,"no"
"IRL","Ireland","Northern Europe",NA,"Meat of chickens","Emissions intensity","kg CO2eq/kg",2003,0.3506,"no"
"IRL","Ireland","Northern Europe",NA,"Meat of chickens","Emissions intensity","kg CO2eq/kg",2004,0.337,"no"
"IRL","Ireland","Northern Europe",NA,"Meat of chickens","Emissions intensity","kg CO2eq/kg",2005,0.3158,"no"
"IRL","Ireland","Northern Europe",NA,"Meat of chickens","Emissions intensity","kg CO2eq/kg",2006,0.3354,"no"
"IRL","Ireland","Northern Europe",NA,"Meat of chickens","Emissions intensity","kg CO2eq/kg",2007,0.3805,"no"
"IRL","Ireland","Northern Europe",NA,"Meat of chickens","Emissions intensity","kg CO2eq/kg",2008,0.3866,"no"
"IRL","Ireland","Northern Europe",NA,"Meat of chickens","Emissions intensity","kg CO2eq/kg",2009,0.4351,"no"
"IRL","Ireland","Northern Europe",NA,"Meat of chickens","Emissions intensity","kg CO2eq/kg",2010,0.4098,"no"
"IRL","Ireland","Northern Europe",NA,"Meat of chickens","Emissions intensity","kg CO2eq/kg",2011,0.404,"no"
"IRL","Ireland","Northern Europe",NA,"Meat of chickens","Emissions intensity","kg CO2eq/kg",2012,0.4181,"no"
"IRL","Ireland","Northern Europe",NA,"Meat of chickens","Emissions intensity","kg CO2eq/kg",2013,0.4397,"no"
"IRL","Ireland","Northern Europe",NA,"Meat of chickens","Emissions intensity","kg CO2eq/kg",2014,0.4305,"no"
"IRL","Ireland","Northern Europe",NA,"Meat of chickens","Emissions intensity","kg CO2eq/kg",2015,0.4273,"no"
"IRL","Ireland","Northern Europe",NA,"Meat of chickens","Emissions intensity","kg CO2eq/kg",2016,0.4208,"no"
"IRL","Ireland","Northern Europe",NA,"Meat of chickens","Emissions intensity","kg CO2eq/kg",2017,0.2935,"no"
"IRL","Ireland","Northern Europe",NA,"Meat of chickens","Emissions intensity","kg CO2eq/kg",2018,0.2987,"no"
"IRL","Ireland","Northern Europe",NA,"Meat of chickens","Emissions intensity","kg CO2eq/kg",2019,0.2804,"no"
"IRL","Ireland","Northern Europe",NA,"Meat of chickens","Emissions intensity","kg CO2eq/kg",2020,0.2551,"no"
"IRL","Ireland","Northern Europe",NA,"Meat of chickens","Emissions intensity","kg CO2eq/kg",2021,0.2607,"no"
"IRL","Ireland","Northern Europe",NA,"Meat of chickens","Emissions intensity","kg CO2eq/kg",2022,0.2918,"no"
"IRL","Ireland","Northern Europe",NA,"Meat of pig with the bone","Emissions intensity","kg CO2eq/kg",1992,1.9269,"no"
"IRL","Ireland","Northern Europe",NA,"Meat of pig with the bone","Emissions intensity","kg CO2eq/kg",1993,1.9441,"no"
"IRL","Ireland","Northern Europe",NA,"Meat of pig with the bone","Emissions intensity","kg CO2eq/kg",1994,2.0057,"no"
"IRL","Ireland","Northern Europe",NA,"Meat of pig with the bone","Emissions intensity","kg CO2eq/kg",1995,2.0552,"no"
"IRL","Ireland","Northern Europe",NA,"Meat of pig with the bone","Emissions intensity","kg CO2eq/kg",1996,2.1206,"no"
"IRL","Ireland","Northern Europe",NA,"Meat of pig with the bone","Emissions intensity","kg CO2eq/kg",1997,2.1928,"no"
"IRL","Ireland","Northern Europe",NA,"Meat of pig with the bone","Emissions intensity","kg CO2eq/kg",1998,2.0589,"no"
"IRL","Ireland","Northern Europe",NA,"Meat of pig with the bone","Emissions intensity","kg CO2eq/kg",1999,2.0894,"no"
"IRL","Ireland","Northern Europe",NA,"Meat of pig with the bone","Emissions intensity","kg CO2eq/kg",2000,2.1654,"no"
"IRL","Ireland","Northern Europe",NA,"Meat of pig with the bone","Emissions intensity","kg CO2eq/kg",2001,2.1057,"no"
"IRL","Ireland","Northern Europe",NA,"Meat of pig with the bone","Emissions intensity","kg CO2eq/kg",2002,2.2506,"no"
"IRL","Ireland","Northern Europe",NA,"Meat of pig with the bone","Emissions intensity","kg CO2eq/kg",2003,2.2855,"no"
"IRL","Ireland","Northern Europe",NA,"Meat of pig with the bone","Emissions intensity","kg CO2eq/kg",2004,2.3441,"no"
"IRL","Ireland","Northern Europe",NA,"Meat of pig with the bone","Emissions intensity","kg CO2eq/kg",2005,2.3758,"no"
"IRL","Ireland","Northern Europe",NA,"Meat of pig with the bone","Emissions intensity","kg CO2eq/kg",2006,2.2777,"no"
"IRL","Ireland","Northern Europe",NA,"Meat of pig with the bone","Emissions intensity","kg CO2eq/kg",2007,2.2407,"no"
"IRL","Ireland","Northern Europe",NA,"Meat of pig with the bone","Emissions intensity","kg CO2eq/kg",2008,2.0926,"no"
"IRL","Ireland","Northern Europe",NA,"Meat of pig with the bone","Emissions intensity","kg CO2eq/kg",2009,2.0517,"no"
"IRL","Ireland","Northern Europe",NA,"Meat of pig with the bone","Emissions intensity","kg CO2eq/kg",2010,2.0498,"no"
"IRL","Ireland","Northern Europe",NA,"Meat of pig with the bone","Emissions intensity","kg CO2eq/kg",2011,1.9194,"no"
"IRL","Ireland","Northern Europe",NA,"Meat of pig with the bone","Emissions intensity","kg CO2eq/kg",2012,1.8853,"no"
"IRL","Ireland","Northern Europe",NA,"Meat of pig with the bone","Emissions intensity","kg CO2eq/kg",2013,1.8796,"no"
"IRL","Ireland","Northern Europe",NA,"Meat of pig with the bone","Emissions intensity","kg CO2eq/kg",2014,1.7732,"no"
"IRL","Ireland","Northern Europe",NA,"Meat of pig with the bone","Emissions intensity","kg CO2eq/kg",2015,1.6108,"no"
"IRL","Ireland","Northern Europe",NA,"Meat of pig with the bone","Emissions intensity","kg CO2eq/kg",2016,1.6338,"no"
"IRL","Ireland","Northern Europe",NA,"Meat of pig with the bone","Emissions intensity","kg CO2eq/kg",2017,1.5332,"no"
"IRL","Ireland","Northern Europe",NA,"Meat of pig with the bone","Emissions intensity","kg CO2eq/kg",2018,1.5018,"no"
"IRL","Ireland","Northern Europe",NA,"Meat of pig with the bone","Emissions intensity","kg CO2eq/kg",2019,1.5355,"no"
"IRL","Ireland","Northern Europe",NA,"Meat of pig with the bone","Emissions intensity","kg CO2eq/kg",2020,1.519,"no"
"IRL","Ireland","Northern Europe",NA,"Meat of pig with the bone","Emissions intensity","kg CO2eq/kg",2021,1.4813,"no"
"IRL","Ireland","Northern Europe",NA,"Meat of pig with the bone","Emissions intensity","kg CO2eq/kg",2022,1.368,"no"
"IRL","Ireland","Northern Europe",NA,"Meat of sheep","Emissions intensity","kg CO2eq/kg",1992,21.7015,"no"
"IRL","Ireland","Northern Europe",NA,"Meat of sheep","Emissions intensity","kg CO2eq/kg",1993,20.6339,"no"
"IRL","Ireland","Northern Europe",NA,"Meat of sheep","Emissions intensity","kg CO2eq/kg",1994,21.2849,"no"
"IRL","Ireland","Northern Europe",NA,"Meat of sheep","Emissions intensity","kg CO2eq/kg",1995,21.2006,"no"
"IRL","Ireland","Northern Europe",NA,"Meat of sheep","Emissions intensity","kg CO2eq/kg",1996,20.267,"no"
"IRL","Ireland","Northern Europe",NA,"Meat of sheep","Emissions intensity","kg CO2eq/kg",1997,22.8938,"no"
"IRL","Ireland","Northern Europe",NA,"Meat of sheep","Emissions intensity","kg CO2eq/kg",1998,20.8142,"no"
"IRL","Ireland","Northern Europe",NA,"Meat of sheep","Emissions intensity","kg CO2eq/kg",1999,19.9193,"no"
"IRL","Ireland","Northern Europe",NA,"Meat of sheep","Emissions intensity","kg CO2eq/kg",2000,29.4878,"no"
"IRL","Ireland","Northern Europe",NA,"Meat of sheep","Emissions intensity","kg CO2eq/kg",2001,30.3689,"no"
"IRL","Ireland","Northern Europe",NA,"Meat of sheep","Emissions intensity","kg CO2eq/kg",2002,35.0796,"no"
"IRL","Ireland","Northern Europe",NA,"Meat of sheep","Emissions intensity","kg CO2eq/kg",2003,35.0087,"no"
"IRL","Ireland","Northern Europe",NA,"Meat of sheep","Emissions intensity","kg CO2eq/kg",2004,30.5411,"no"
"IRL","Ireland","Northern Europe",NA,"Meat of sheep","Emissions intensity","kg CO2eq/kg",2005,28.2167,"no"
"IRL","Ireland","Northern Europe",NA,"Meat of sheep","Emissions intensity","kg CO2eq/kg",2006,27.4924,"no"
"IRL","Ireland","Northern Europe",NA,"Meat of sheep","Emissions intensity","kg CO2eq/kg",2007,27.1519,"no"
"IRL","Ireland","Northern Europe",NA,"Meat of sheep","Emissions intensity","kg CO2eq/kg",2008,27.8517,"no"
"IRL","Ireland","Northern Europe",NA,"Meat of sheep","Emissions intensity","kg CO2eq/kg",2009,28.0577,"no"
"IRL","Ireland","Northern Europe",NA,"Meat of sheep","Emissions intensity","kg CO2eq/kg",2010,32.1898,"no"
"IRL","Ireland","Northern Europe",NA,"Meat of sheep","Emissions intensity","kg CO2eq/kg",2011,32.3562,"no"
"IRL","Ireland","Northern Europe",NA,"Meat of sheep","Emissions intensity","kg CO2eq/kg",2012,31.2097,"no"
"IRL","Ireland","Northern Europe",NA,"Meat of sheep","Emissions intensity","kg CO2eq/kg",2013,28.1266,"no"
"IRL","Ireland","Northern Europe",NA,"Meat of sheep","Emissions intensity","kg CO2eq/kg",2014,28.5817,"no"
"IRL","Ireland","Northern Europe",NA,"Meat of sheep","Emissions intensity","kg CO2eq/kg",2015,28.4713,"no"
"IRL","Ireland","Northern Europe",NA,"Meat of sheep","Emissions intensity","kg CO2eq/kg",2016,27.4721,"no"
"IRL","Ireland","Northern Europe",NA,"Meat of sheep","Emissions intensity","kg CO2eq/kg",2017,25.0612,"no"
"IRL","Ireland","Northern Europe",NA,"Meat of sheep","Emissions intensity","kg CO2eq/kg",2018,17.966,"no"
"IRL","Ireland","Northern Europe",NA,"Meat of sheep","Emissions intensity","kg CO2eq/kg",2019,18.6639,"no"
"IRL","Ireland","Northern Europe",NA,"Meat of sheep","Emissions intensity","kg CO2eq/kg",2020,18.9421,"no"
"IRL","Ireland","Northern Europe",NA,"Meat of sheep","Emissions intensity","kg CO2eq/kg",2021,20.3594,"no"
"IRL","Ireland","Northern Europe",NA,"Meat of sheep","Emissions intensity","kg CO2eq/kg",2022,19.0574,"no"
"IRL","Ireland","Northern Europe",NA,"Raw milk of cattle","Emissions intensity","kg CO2eq/kg",1992,1.13,"no"
"IRL","Ireland","Northern Europe",NA,"Raw milk of cattle","Emissions intensity","kg CO2eq/kg",1993,1.1055,"no"
"IRL","Ireland","Northern Europe",NA,"Raw milk of cattle","Emissions intensity","kg CO2eq/kg",1994,1.0931,"no"
"IRL","Ireland","Northern Europe",NA,"Raw milk of cattle","Emissions intensity","kg CO2eq/kg",1995,1.0776,"no"
"IRL","Ireland","Northern Europe",NA,"Raw milk of cattle","Emissions intensity","kg CO2eq/kg",1996,1.0769,"no"
"IRL","Ireland","Northern Europe",NA,"Raw milk of cattle","Emissions intensity","kg CO2eq/kg",1997,1.0807,"no"
"IRL","Ireland","Northern Europe",NA,"Raw milk of cattle","Emissions intensity","kg CO2eq/kg",1998,1.1027,"no"
"IRL","Ireland","Northern Europe",NA,"Raw milk of cattle","Emissions intensity","kg CO2eq/kg",1999,1.0939,"no"
"IRL","Ireland","Northern Europe",NA,"Raw milk of cattle","Emissions intensity","kg CO2eq/kg",2000,1.0664,"no"
"IRL","Ireland","Northern Europe",NA,"Raw milk of cattle","Emissions intensity","kg CO2eq/kg",2001,1.0267,"no"
"IRL","Ireland","Northern Europe",NA,"Raw milk of cattle","Emissions intensity","kg CO2eq/kg",2002,1.0134,"no"
"IRL","Ireland","Northern Europe",NA,"Raw milk of cattle","Emissions intensity","kg CO2eq/kg",2003,1.0169,"no"
"IRL","Ireland","Northern Europe",NA,"Raw milk of cattle","Emissions intensity","kg CO2eq/kg",2004,1.0255,"no"
"IRL","Ireland","Northern Europe",NA,"Raw milk of cattle","Emissions intensity","kg CO2eq/kg",2005,0.9741,"no"
"IRL","Ireland","Northern Europe",NA,"Raw milk of cattle","Emissions intensity","kg CO2eq/kg",2006,0.9702,"no"
"IRL","Ireland","Northern Europe",NA,"Raw milk of cattle","Emissions intensity","kg CO2eq/kg",2007,0.9747,"no"
"IRL","Ireland","Northern Europe",NA,"Raw milk of cattle","Emissions intensity","kg CO2eq/kg",2008,1.0055,"no"
"IRL","Ireland","Northern Europe",NA,"Raw milk of cattle","Emissions intensity","kg CO2eq/kg",2009,0.9802,"no"
"IRL","Ireland","Northern Europe",NA,"Raw milk of cattle","Emissions intensity","kg CO2eq/kg",2010,0.9393,"no"
"IRL","Ireland","Northern Europe",NA,"Raw milk of cattle","Emissions intensity","kg CO2eq/kg",2011,0.9426,"no"
"IRL","Ireland","Northern Europe",NA,"Raw milk of cattle","Emissions intensity","kg CO2eq/kg",2012,0.9894,"no"
"IRL","Ireland","Northern Europe",NA,"Raw milk of cattle","Emissions intensity","kg CO2eq/kg",2013,0.9735,"no"
"IRL","Ireland","Northern Europe",NA,"Raw milk of cattle","Emissions intensity","kg CO2eq/kg",2014,0.9853,"no"
"IRL","Ireland","Northern Europe",NA,"Raw milk of cattle","Emissions intensity","kg CO2eq/kg",2015,0.9195,"no"
"IRL","Ireland","Northern Europe",NA,"Raw milk of cattle","Emissions intensity","kg CO2eq/kg",2016,0.9534,"no"
"IRL","Ireland","Northern Europe",NA,"Raw milk of cattle","Emissions intensity","kg CO2eq/kg",2017,0.8952,"no"
"IRL","Ireland","Northern Europe",NA,"Raw milk of cattle","Emissions intensity","kg CO2eq/kg",2018,0.8169,"no"
"IRL","Ireland","Northern Europe",NA,"Raw milk of cattle","Emissions intensity","kg CO2eq/kg",2019,0.8081,"no"
"IRL","Ireland","Northern Europe",NA,"Raw milk of cattle","Emissions intensity","kg CO2eq/kg",2020,0.7947,"no"
"IRL","Ireland","Northern Europe",NA,"Raw milk of cattle","Emissions intensity","kg CO2eq/kg",2021,0.7781,"no"
"IRL","Ireland","Northern Europe",NA,"Raw milk of cattle","Emissions intensity","kg CO2eq/kg",2022,0.7748,"no"
NA,NA,"Northern Europe",NA,"Cereals excluding rice","Emissions intensity","kg CO2eq/kg",1992,0.1823,"no"
NA,NA,"Northern Europe",NA,"Cereals excluding rice","Emissions intensity","kg CO2eq/kg",1993,0.15627,"no"
NA,NA,"Northern Europe",NA,"Cereals excluding rice","Emissions intensity","kg CO2eq/kg",1994,0.17143,"no"
NA,NA,"Northern Europe",NA,"Cereals excluding rice","Emissions intensity","kg CO2eq/kg",1995,0.15661,"no"
NA,NA,"Northern Europe",NA,"Cereals excluding rice","Emissions intensity","kg CO2eq/kg",1996,0.14567,"no"
NA,NA,"Northern Europe",NA,"Cereals excluding rice","Emissions intensity","kg CO2eq/kg",1997,0.14773,"no"
NA,NA,"Northern Europe",NA,"Cereals excluding rice","Emissions intensity","kg CO2eq/kg",1998,0.15708,"no"
NA,NA,"Northern Europe",NA,"Cereals excluding rice","Emissions intensity","kg CO2eq/kg",1999,0.16435,"no"
NA,NA,"Northern Europe",NA,"Cereals excluding rice","Emissions intensity","kg CO2eq/kg",2000,0.14062,"no"
NA,NA,"Northern Europe",NA,"Cereals excluding rice","Emissions intensity","kg CO2eq/kg",2001,0.14804,"no"
NA,NA,"Northern Europe",NA,"Cereals excluding rice","Emissions intensity","kg CO2eq/kg",2002,0.14496,"no"
NA,NA,"Northern Europe",NA,"Cereals excluding rice","Emissions intensity","kg CO2eq/kg",2003,0.14876999999999999,"no"
NA,NA,"Northern Europe",NA,"Cereals excluding rice","Emissions intensity","kg CO2eq/kg",2004,0.14123,"no"
NA,NA,"Northern Europe",NA,"Cereals excluding rice","Emissions intensity","kg CO2eq/kg",2005,0.13795,"no"
NA,NA,"Northern Europe",NA,"Cereals excluding rice","Emissions intensity","kg CO2eq/kg",2006,0.15062,"no"
NA,NA,"Northern Europe",NA,"Cereals excluding rice","Emissions intensity","kg CO2eq/kg",2007,0.14059,"no"
NA,NA,"Northern Europe",NA,"Cereals excluding rice","Emissions intensity","kg CO2eq/kg",2008,0.13878,"no"
NA,NA,"Northern Europe",NA,"Cereals excluding rice","Emissions intensity","kg CO2eq/kg",2009,0.13428,"no"
NA,NA,"Northern Europe",NA,"Cereals excluding rice","Emissions intensity","kg CO2eq/kg",2010,0.14957,"no"
NA,NA,"Northern Europe",NA,"Cereals excluding rice","Emissions intensity","kg CO2eq/kg",2011,0.14422000000000001,"no"
NA,NA,"Northern Europe",NA,"Cereals excluding rice","Emissions intensity","kg CO2eq/kg",2012,0.13792,"no"
NA,NA,"Northern Europe",NA,"Cereals excluding rice","Emissions intensity","kg CO2eq/kg",2013,0.13873,"no"
NA,NA,"Northern Europe",NA,"Cereals excluding rice","Emissions intensity","kg CO2eq/kg",2014,0.13177,"no"
NA,NA,"Northern Europe",NA,"Cereals excluding rice","Emissions intensity","kg CO2eq/kg",2015,0.6739799999999999,"no"
NA,NA,"Northern Europe",NA,"Cereals excluding rice","Emissions intensity","kg CO2eq/kg",2016,0.46827,"no"
NA,NA,"Northern Europe",NA,"Cereals excluding rice","Emissions intensity","kg CO2eq/kg",2017,0.52915,"no"
NA,NA,"Northern Europe",NA,"Cereals excluding rice","Emissions intensity","kg CO2eq/kg",2018,0.83988,"no"
NA,NA,"Northern Europe",NA,"Cereals excluding rice","Emissions intensity","kg CO2eq/kg",2019,0.42686999999999997,"no"
NA,NA,"Northern Europe",NA,"Cereals excluding rice","Emissions intensity","kg CO2eq/kg",2020,0.48799000000000003,"no"
NA,NA,"Northern Europe",NA,"Cereals excluding rice","Emissions intensity","kg CO2eq/kg",2021,0.51349,"no"
NA,NA,"Northern Europe",NA,"Cereals excluding rice","Emissions intensity","kg CO2eq/kg",2022,0.40804999999999997,"no"
NA,NA,"Northern Europe",NA,"Hen eggs in shell","Emissions intensity","kg CO2eq/kg",1992,0.72639,"no"
NA,NA,"Northern Europe",NA,"Hen eggs in shell","Emissions intensity","kg CO2eq/kg",1993,0.7111999999999999,"no"
NA,NA,"Northern Europe",NA,"Hen eggs in shell","Emissions intensity","kg CO2eq/kg",1994,0.77854,"no"
NA,NA,"Northern Europe",NA,"Hen eggs in shell","Emissions intensity","kg CO2eq/kg",1995,0.73327,"no"
NA,NA,"Northern Europe",NA,"Hen eggs in shell","Emissions intensity","kg CO2eq/kg",1996,0.69207,"no"
NA,NA,"Northern Europe",NA,"Hen eggs in shell","Emissions intensity","kg CO2eq/kg",1997,0.68938,"no"
NA,NA,"Northern Europe",NA,"Hen eggs in shell","Emissions intensity","kg CO2eq/kg",1998,0.65876,"no"
NA,NA,"Northern Europe",NA,"Hen eggs in shell","Emissions intensity","kg CO2eq/kg",1999,0.71178,"no"
NA,NA,"Northern Europe",NA,"Hen eggs in shell","Emissions intensity","kg CO2eq/kg",2000,0.71266,"no"
NA,NA,"Northern Europe",NA,"Hen eggs in shell","Emissions intensity","kg CO2eq/kg",2001,0.70452,"no"
NA,NA,"Northern Europe",NA,"Hen eggs in shell","Emissions intensity","kg CO2eq/kg",2002,0.69049,"no"
NA,NA,"Northern Europe",NA,"Hen eggs in shell","Emissions intensity","kg CO2eq/kg",2003,0.6972,"no"
NA,NA,"Northern Europe",NA,"Hen eggs in shell","Emissions intensity","kg CO2eq/kg",2004,0.67869,"no"
NA,NA,"Northern Europe",NA,"Hen eggs in shell","Emissions intensity","kg CO2eq/kg",2005,0.67167,"no"
NA,NA,"Northern Europe",NA,"Hen eggs in shell","Emissions intensity","kg CO2eq/kg",2006,0.67667,"no"
NA,NA,"Northern Europe",NA,"Hen eggs in shell","Emissions intensity","kg CO2eq/kg",2007,0.67823,"no"
NA,NA,"Northern Europe",NA,"Hen eggs in shell","Emissions intensity","kg CO2eq/kg",2008,0.65324,"no"
NA,NA,"Northern Europe",NA,"Hen eggs in shell","Emissions intensity","kg CO2eq/kg",2009,0.63576,"no"
NA,NA,"Northern Europe",NA,"Hen eggs in shell","Emissions intensity","kg CO2eq/kg",2010,0.6405,"no"
NA,NA,"Northern Europe",NA,"Hen eggs in shell","Emissions intensity","kg CO2eq/kg",2011,0.66797,"no"
NA,NA,"Northern Europe",NA,"Hen eggs in shell","Emissions intensity","kg CO2eq/kg",2012,0.67676,"no"
NA,NA,"Northern Europe",NA,"Hen eggs in shell","Emissions intensity","kg CO2eq/kg",2013,0.66361,"no"
NA,NA,"Northern Europe",NA,"Hen eggs in shell","Emissions intensity","kg CO2eq/kg",2014,0.63203,"no"
NA,NA,"Northern Europe",NA,"Hen eggs in shell","Emissions intensity","kg CO2eq/kg",2015,0.64157,"no"
NA,NA,"Northern Europe",NA,"Hen eggs in shell","Emissions intensity","kg CO2eq/kg",2016,0.63545,"no"
NA,NA,"Northern Europe",NA,"Hen eggs in shell","Emissions intensity","kg CO2eq/kg",2017,0.66701,"no"
NA,NA,"Northern Europe",NA,"Hen eggs in shell","Emissions intensity","kg CO2eq/kg",2018,0.51855,"no"
NA,NA,"Northern Europe",NA,"Hen eggs in shell","Emissions intensity","kg CO2eq/kg",2019,0.53393,"no"
NA,NA,"Northern Europe",NA,"Hen eggs in shell","Emissions intensity","kg CO2eq/kg",2020,0.47209,"no"
NA,NA,"Northern Europe",NA,"Hen eggs in shell","Emissions intensity","kg CO2eq/kg",2021,0.45598,"no"
NA,NA,"Northern Europe",NA,"Hen eggs in shell","Emissions intensity","kg CO2eq/kg",2022,0.40122,"no"
NA,NA,"Northern Europe",NA,"Meat of cattle with the bone","Emissions intensity","kg CO2eq/kg",1992,17.247463636363637,"no"
NA,NA,"Northern Europe",NA,"Meat of cattle with the bone","Emissions intensity","kg CO2eq/kg",1993,17.087563636363637,"no"
NA,NA,"Northern Europe",NA,"Meat of cattle with the bone","Emissions intensity","kg CO2eq/kg",1994,16.653736363636362,"no"
NA,NA,"Northern Europe",NA,"Meat of cattle with the bone","Emissions intensity","kg CO2eq/kg",1995,17.042836363636365,"no"
NA,NA,"Northern Europe",NA,"Meat of cattle with the bone","Emissions intensity","kg CO2eq/kg",1996,18.710827272727272,"no"
NA,NA,"Northern Europe",NA,"Meat of cattle with the bone","Emissions intensity","kg CO2eq/kg",1997,18.130845454545454,"no"
NA,NA,"Northern Europe",NA,"Meat of cattle with the bone","Emissions intensity","kg CO2eq/kg",1998,18.084009090909092,"no"
NA,NA,"Northern Europe",NA,"Meat of cattle with the bone","Emissions intensity","kg CO2eq/kg",1999,17.410127272727273,"no"
NA,NA,"Northern Europe",NA,"Meat of cattle with the bone","Emissions intensity","kg CO2eq/kg",2000,17.602981818181817,"no"
NA,NA,"Northern Europe",NA,"Meat of cattle with the bone","Emissions intensity","kg CO2eq/kg",2001,18.157236363636365,"no"
NA,NA,"Northern Europe",NA,"Meat of cattle with the bone","Emissions intensity","kg CO2eq/kg",2002,18.130154545454545,"no"
NA,NA,"Northern Europe",NA,"Meat of cattle with the bone","Emissions intensity","kg CO2eq/kg",2003,18.192654545454545,"no"
NA,NA,"Northern Europe",NA,"Meat of cattle with the bone","Emissions intensity","kg CO2eq/kg",2004,17.797363636363638,"no"
NA,NA,"Northern Europe",NA,"Meat of cattle with the bone","Emissions intensity","kg CO2eq/kg",2005,18.171436363636364,"no"
NA,NA,"Northern Europe",NA,"Meat of cattle with the bone","Emissions intensity","kg CO2eq/kg",2006,18.480272727272727,"no"
NA,NA,"Northern Europe",NA,"Meat of cattle with the bone","Emissions intensity","kg CO2eq/kg",2007,17.64601818181818,"no"
NA,NA,"Northern Europe",NA,"Meat of cattle with the bone","Emissions intensity","kg CO2eq/kg",2008,18.563963636363635,"no"
NA,NA,"Northern Europe",NA,"Meat of cattle with the bone","Emissions intensity","kg CO2eq/kg",2009,18.688572727272728,"no"
NA,NA,"Northern Europe",NA,"Meat of cattle with the bone","Emissions intensity","kg CO2eq/kg",2010,18.772327272727274,"no"
NA,NA,"Northern Europe",NA,"Meat of cattle with the bone","Emissions intensity","kg CO2eq/kg",2011,18.843663636363637,"no"
NA,NA,"Northern Europe",NA,"Meat of cattle with the bone","Emissions intensity","kg CO2eq/kg",2012,19.71680909090909,"no"
NA,NA,"Northern Europe",NA,"Meat of cattle with the bone","Emissions intensity","kg CO2eq/kg",2013,20.114227272727273,"no"
NA,NA,"Northern Europe",NA,"Meat of cattle with the bone","Emissions intensity","kg CO2eq/kg",2014,24.63469090909091,"no"
NA,NA,"Northern Europe",NA,"Meat of cattle with the bone","Emissions intensity","kg CO2eq/kg",2015,22.693136363636363,"no"
NA,NA,"Northern Europe",NA,"Meat of cattle with the bone","Emissions intensity","kg CO2eq/kg",2016,22.275263636363636,"no"
NA,NA,"Northern Europe",NA,"Meat of cattle with the bone","Emissions intensity","kg CO2eq/kg",2017,22.788663636363637,"no"
NA,NA,"Northern Europe",NA,"Meat of cattle with the bone","Emissions intensity","kg CO2eq/kg",2018,22.074136363636363,"no"
NA,NA,"Northern Europe",NA,"Meat of cattle with the bone","Emissions intensity","kg CO2eq/kg",2019,22.790181818181818,"no"
NA,NA,"Northern Europe",NA,"Meat of cattle with the bone","Emissions intensity","kg CO2eq/kg",2020,22.104618181818182,"no"
NA,NA,"Northern Europe",NA,"Meat of cattle with the bone","Emissions intensity","kg CO2eq/kg",2021,21.952227272727274,"no"
NA,NA,"Northern Europe",NA,"Meat of cattle with the bone","Emissions intensity","kg CO2eq/kg",2022,22.844354545454546,"no"
NA,NA,"Northern Europe",NA,"Meat of chickens","Emissions intensity","kg CO2eq/kg",1992,0.53361,"no"
NA,NA,"Northern Europe",NA,"Meat of chickens","Emissions intensity","kg CO2eq/kg",1993,0.46359,"no"
NA,NA,"Northern Europe",NA,"Meat of chickens","Emissions intensity","kg CO2eq/kg",1994,0.36067,"no"
NA,NA,"Northern Europe",NA,"Meat of chickens","Emissions intensity","kg CO2eq/kg",1995,0.38695999999999997,"no"
NA,NA,"Northern Europe",NA,"Meat of chickens","Emissions intensity","kg CO2eq/kg",1996,0.45851,"no"
NA,NA,"Northern Europe",NA,"Meat of chickens","Emissions intensity","kg CO2eq/kg",1997,0.39987,"no"
NA,NA,"Northern Europe",NA,"Meat of chickens","Emissions intensity","kg CO2eq/kg",1998,0.36456,"no"
NA,NA,"Northern Europe",NA,"Meat of chickens","Emissions intensity","kg CO2eq/kg",1999,0.34721,"no"
NA,NA,"Northern Europe",NA,"Meat of chickens","Emissions intensity","kg CO2eq/kg",2000,0.41047,"no"
NA,NA,"Northern Europe",NA,"Meat of chickens","Emissions intensity","kg CO2eq/kg",2001,0.27499,"no"
NA,NA,"Northern Europe",NA,"Meat of chickens","Emissions intensity","kg CO2eq/kg",2002,0.3238,"no"
NA,NA,"Northern Europe",NA,"Meat of chickens","Emissions intensity","kg CO2eq/kg",2003,0.31075,"no"
NA,NA,"Northern Europe",NA,"Meat of chickens","Emissions intensity","kg CO2eq/kg",2004,0.30591,"no"
NA,NA,"Northern Europe",NA,"Meat of chickens","Emissions intensity","kg CO2eq/kg",2005,0.32461,"no"
NA,NA,"Northern Europe",NA,"Meat of chickens","Emissions intensity","kg CO2eq/kg",2006,0.31747,"no"
NA,NA,"Northern Europe",NA,"Meat of chickens","Emissions intensity","kg CO2eq/kg",2007,0.31616,"no"
NA,NA,"Northern Europe",NA,"Meat of chickens","Emissions intensity","kg CO2eq/kg",2008,0.30362,"no"
NA,NA,"Northern Europe",NA,"Meat of chickens","Emissions intensity","kg CO2eq/kg",2009,0.32768,"no"
NA,NA,"Northern Europe",NA,"Meat of chickens","Emissions intensity","kg CO2eq/kg",2010,0.29355,"no"
NA,NA,"Northern Europe",NA,"Meat of chickens","Emissions intensity","kg CO2eq/kg",2011,0.30354,"no"
NA,NA,"Northern Europe",NA,"Meat of chickens","Emissions intensity","kg CO2eq/kg",2012,0.30373,"no"
NA,NA,"Northern Europe",NA,"Meat of chickens","Emissions intensity","kg CO2eq/kg",2013,0.30853,"no"
NA,NA,"Northern Europe",NA,"Meat of chickens","Emissions intensity","kg CO2eq/kg",2014,0.30163,"no"
NA,NA,"Northern Europe",NA,"Meat of chickens","Emissions intensity","kg CO2eq/kg",2015,0.29246,"no"
NA,NA,"Northern Europe",NA,"Meat of chickens","Emissions intensity","kg CO2eq/kg",2016,0.27655,"no"
NA,NA,"Northern Europe",NA,"Meat of chickens","Emissions intensity","kg CO2eq/kg",2017,0.27243,"no"
NA,NA,"Northern Europe",NA,"Meat of chickens","Emissions intensity","kg CO2eq/kg",2018,0.28092,"no"
NA,NA,"Northern Europe",NA,"Meat of chickens","Emissions intensity","kg CO2eq/kg",2019,0.28272,"no"
NA,NA,"Northern Europe",NA,"Meat of chickens","Emissions intensity","kg CO2eq/kg",2020,0.25083,"no"
NA,NA,"Northern Europe",NA,"Meat of chickens","Emissions intensity","kg CO2eq/kg",2021,0.25275,"no"
NA,NA,"Northern Europe",NA,"Meat of chickens","Emissions intensity","kg CO2eq/kg",2022,0.26,"no"
NA,NA,"Northern Europe",NA,"Meat of goat","Emissions intensity","kg CO2eq/kg",1992,3.8607500000000003,"no"
NA,NA,"Northern Europe",NA,"Meat of goat","Emissions intensity","kg CO2eq/kg",1993,3.431016666666667,"no"
NA,NA,"Northern Europe",NA,"Meat of goat","Emissions intensity","kg CO2eq/kg",1994,3.836533333333333,"no"
NA,NA,"Northern Europe",NA,"Meat of goat","Emissions intensity","kg CO2eq/kg",1995,3.9164166666666667,"no"
NA,NA,"Northern Europe",NA,"Meat of goat","Emissions intensity","kg CO2eq/kg",1996,3.9563499999999996,"no"
NA,NA,"Northern Europe",NA,"Meat of goat","Emissions intensity","kg CO2eq/kg",1997,4.0091833333333335,"no"
NA,NA,"Northern Europe",NA,"Meat of goat","Emissions intensity","kg CO2eq/kg",1998,4.223616666666667,"no"
NA,NA,"Northern Europe",NA,"Meat of goat","Emissions intensity","kg CO2eq/kg",1999,5.5808333333333335,"no"
NA,NA,"Northern Europe",NA,"Meat of goat","Emissions intensity","kg CO2eq/kg",2000,5.517766666666667,"no"
NA,NA,"Northern Europe",NA,"Meat of goat","Emissions intensity","kg CO2eq/kg",2001,5.7572,"no"
NA,NA,"Northern Europe",NA,"Meat of goat","Emissions intensity","kg CO2eq/kg",2002,6.142633333333333,"no"
NA,NA,"Northern Europe",NA,"Meat of goat","Emissions intensity","kg CO2eq/kg",2003,6.443733333333333,"no"
NA,NA,"Northern Europe",NA,"Meat of goat","Emissions intensity","kg CO2eq/kg",2004,7.344233333333333,"no"
NA,NA,"Northern Europe",NA,"Meat of goat","Emissions intensity","kg CO2eq/kg",2005,7.352716666666667,"no"
NA,NA,"Northern Europe",NA,"Meat of goat","Emissions intensity","kg CO2eq/kg",2006,6.7109,"no"
NA,NA,"Northern Europe",NA,"Meat of goat","Emissions intensity","kg CO2eq/kg",2007,6.83065,"no"
NA,NA,"Northern Europe",NA,"Meat of goat","Emissions intensity","kg CO2eq/kg",2008,8.028716666666666,"no"
NA,NA,"Northern Europe",NA,"Meat of goat","Emissions intensity","kg CO2eq/kg",2009,7.917999999999999,"no"
NA,NA,"Northern Europe",NA,"Meat of goat","Emissions intensity","kg CO2eq/kg",2010,8.507866666666667,"no"
NA,NA,"Northern Europe",NA,"Meat of goat","Emissions intensity","kg CO2eq/kg",2011,9.5449,"no"
NA,NA,"Northern Europe",NA,"Meat of goat","Emissions intensity","kg CO2eq/kg",2012,9.631883333333333,"no"
NA,NA,"Northern Europe",NA,"Meat of goat","Emissions intensity","kg CO2eq/kg",2013,8.583166666666667,"no"
NA,NA,"Northern Europe",NA,"Meat of goat","Emissions intensity","kg CO2eq/kg",2014,10.967883333333333,"no"
NA,NA,"Northern Europe",NA,"Meat of goat","Emissions intensity","kg CO2eq/kg",2015,14.039416666666668,"no"
NA,NA,"Northern Europe",NA,"Meat of goat","Emissions intensity","kg CO2eq/kg",2016,16.125083333333333,"no"
NA,NA,"Northern Europe",NA,"Meat of goat","Emissions intensity","kg CO2eq/kg",2017,15.06815,"no"
NA,NA,"Northern Europe",NA,"Meat of goat","Emissions intensity","kg CO2eq/kg",2018,78.13466666666666,"no"
NA,NA,"Northern Europe",NA,"Meat of goat","Emissions intensity","kg CO2eq/kg",2019,71.71426666666666,"no"
NA,NA,"Northern Europe",NA,"Meat of goat","Emissions intensity","kg CO2eq/kg",2020,41.69448333333333,"no"
NA,NA,"Northern Europe",NA,"Meat of goat","Emissions intensity","kg CO2eq/kg",2021,30.488883333333334,"no"
NA,NA,"Northern Europe",NA,"Meat of goat","Emissions intensity","kg CO2eq/kg",2022,81.19026666666666,"no"
NA,NA,"Northern Europe",NA,"Meat of pig with the bone","Emissions intensity","kg CO2eq/kg",1992,2.99429,"no"
NA,NA,"Northern Europe",NA,"Meat of pig with the bone","Emissions intensity","kg CO2eq/kg",1993,2.97268,"no"
NA,NA,"Northern Europe",NA,"Meat of pig with the bone","Emissions intensity","kg CO2eq/kg",1994,2.75909,"no"
NA,NA,"Northern Europe",NA,"Meat of pig with the bone","Emissions intensity","kg CO2eq/kg",1995,2.69481,"no"
NA,NA,"Northern Europe",NA,"Meat of pig with the bone","Emissions intensity","kg CO2eq/kg",1996,2.8867,"no"
NA,NA,"Northern Europe",NA,"Meat of pig with the bone","Emissions intensity","kg CO2eq/kg",1997,2.66891,"no"
NA,NA,"Northern Europe",NA,"Meat of pig with the bone","Emissions intensity","kg CO2eq/kg",1998,2.57775,"no"
NA,NA,"Northern Europe",NA,"Meat of pig with the bone","Emissions intensity","kg CO2eq/kg",1999,2.51039,"no"
NA,NA,"Northern Europe",NA,"Meat of pig with the bone","Emissions intensity","kg CO2eq/kg",2000,2.49401,"no"
NA,NA,"Northern Europe",NA,"Meat of pig with the bone","Emissions intensity","kg CO2eq/kg",2001,2.44738,"no"
NA,NA,"Northern Europe",NA,"Meat of pig with the bone","Emissions intensity","kg CO2eq/kg",2002,2.33724,"no"
NA,NA,"Northern Europe",NA,"Meat of pig with the bone","Emissions intensity","kg CO2eq/kg",2003,2.40551,"no"
NA,NA,"Northern Europe",NA,"Meat of pig with the bone","Emissions intensity","kg CO2eq/kg",2004,2.34039,"no"
NA,NA,"Northern Europe",NA,"Meat of pig with the bone","Emissions intensity","kg CO2eq/kg",2005,2.35418,"no"
NA,NA,"Northern Europe",NA,"Meat of pig with the bone","Emissions intensity","kg CO2eq/kg",2006,2.33231,"no"
NA,NA,"Northern Europe",NA,"Meat of pig with the bone","Emissions intensity","kg CO2eq/kg",2007,2.27913,"no"
NA,NA,"Northern Europe",NA,"Meat of pig with the bone","Emissions intensity","kg CO2eq/kg",2008,2.26458,"no"
NA,NA,"Northern Europe",NA,"Meat of pig with the bone","Emissions intensity","kg CO2eq/kg",2009,2.3057,"no"
NA,NA,"Northern Europe",NA,"Meat of pig with the bone","Emissions intensity","kg CO2eq/kg",2010,2.22439,"no"
NA,NA,"Northern Europe",NA,"Meat of pig with the bone","Emissions intensity","kg CO2eq/kg",2011,2.14434,"no"
NA,NA,"Northern Europe",NA,"Meat of pig with the bone","Emissions intensity","kg CO2eq/kg",2012,2.10081,"no"
NA,NA,"Northern Europe",NA,"Meat of pig with the bone","Emissions intensity","kg CO2eq/kg",2013,2.03151,"no"
NA,NA,"Northern Europe",NA,"Meat of pig with the bone","Emissions intensity","kg CO2eq/kg",2014,2.0392,"no"
NA,NA,"Northern Europe",NA,"Meat of pig with the bone","Emissions intensity","kg CO2eq/kg",2015,1.94485,"no"
NA,NA,"Northern Europe",NA,"Meat of pig with the bone","Emissions intensity","kg CO2eq/kg",2016,1.94547,"no"
NA,NA,"Northern Europe",NA,"Meat of pig with the bone","Emissions intensity","kg CO2eq/kg",2017,1.9485999999999999,"no"
NA,NA,"Northern Europe",NA,"Meat of pig with the bone","Emissions intensity","kg CO2eq/kg",2018,1.83047,"no"
NA,NA,"Northern Europe",NA,"Meat of pig with the bone","Emissions intensity","kg CO2eq/kg",2019,1.8312599999999999,"no"
NA,NA,"Northern Europe",NA,"Meat of pig with the bone","Emissions intensity","kg CO2eq/kg",2020,1.8251899999999999,"no"
NA,NA,"Northern Europe",NA,"Meat of pig with the bone","Emissions intensity","kg CO2eq/kg",2021,1.7981,"no"
NA,NA,"Northern Europe",NA,"Meat of pig with the bone","Emissions intensity","kg CO2eq/kg",2022,1.72766,"no"
NA,NA,"Northern Europe",NA,"Meat of sheep","Emissions intensity","kg CO2eq/kg",1992,26.97820909090909,"no"
NA,NA,"Northern Europe",NA,"Meat of sheep","Emissions intensity","kg CO2eq/kg",1993,26.874218181818183,"no"
NA,NA,"Northern Europe",NA,"Meat of sheep","Emissions intensity","kg CO2eq/kg",1994,26.445745454545456,"no"
NA,NA,"Northern Europe",NA,"Meat of sheep","Emissions intensity","kg CO2eq/kg",1995,28.838445454545457,"no"
NA,NA,"Northern Europe",NA,"Meat of sheep","Emissions intensity","kg CO2eq/kg",1996,30.563181818181818,"no"
NA,NA,"Northern Europe",NA,"Meat of sheep","Emissions intensity","kg CO2eq/kg",1997,31.79632727272727,"no"
NA,NA,"Northern Europe",NA,"Meat of sheep","Emissions intensity","kg CO2eq/kg",1998,30.670054545454544,"no"
NA,NA,"Northern Europe",NA,"Meat of sheep","Emissions intensity","kg CO2eq/kg",1999,29.694618181818182,"no"
NA,NA,"Northern Europe",NA,"Meat of sheep","Emissions intensity","kg CO2eq/kg",2000,30.399981818181818,"no"
NA,NA,"Northern Europe",NA,"Meat of sheep","Emissions intensity","kg CO2eq/kg",2001,32.99679090909091,"no"
NA,NA,"Northern Europe",NA,"Meat of sheep","Emissions intensity","kg CO2eq/kg",2002,32.497927272727274,"no"
NA,NA,"Northern Europe",NA,"Meat of sheep","Emissions intensity","kg CO2eq/kg",2003,33.84242727272727,"no"
NA,NA,"Northern Europe",NA,"Meat of sheep","Emissions intensity","kg CO2eq/kg",2004,35.17151818181818,"no"
NA,NA,"Northern Europe",NA,"Meat of sheep","Emissions intensity","kg CO2eq/kg",2005,34.180172727272726,"no"
NA,NA,"Northern Europe",NA,"Meat of sheep","Emissions intensity","kg CO2eq/kg",2006,34.63029090909091,"no"
NA,NA,"Northern Europe",NA,"Meat of sheep","Emissions intensity","kg CO2eq/kg",2007,32.60220909090909,"no"
NA,NA,"Northern Europe",NA,"Meat of sheep","Emissions intensity","kg CO2eq/kg",2008,31.38520909090909,"no"
NA,NA,"Northern Europe",NA,"Meat of sheep","Emissions intensity","kg CO2eq/kg",2009,32.384454545454545,"no"
NA,NA,"Northern Europe",NA,"Meat of sheep","Emissions intensity","kg CO2eq/kg",2010,35.698218181818184,"no"
NA,NA,"Northern Europe",NA,"Meat of sheep","Emissions intensity","kg CO2eq/kg",2011,35.980081818181816,"no"
NA,NA,"Northern Europe",NA,"Meat of sheep","Emissions intensity","kg CO2eq/kg",2012,37.71670909090909,"no"
NA,NA,"Northern Europe",NA,"Meat of sheep","Emissions intensity","kg CO2eq/kg",2013,37.68809090909091,"no"
NA,NA,"Northern Europe",NA,"Meat of sheep","Emissions intensity","kg CO2eq/kg",2014,38.34019090909091,"no"
NA,NA,"Northern Europe",NA,"Meat of sheep","Emissions intensity","kg CO2eq/kg",2015,35.932354545454544,"no"
NA,NA,"Northern Europe",NA,"Meat of sheep","Emissions intensity","kg CO2eq/kg",2016,34.37741818181818,"no"
NA,NA,"Northern Europe",NA,"Meat of sheep","Emissions intensity","kg CO2eq/kg",2017,34.429745454545454,"no"
NA,NA,"Northern Europe",NA,"Meat of sheep","Emissions intensity","kg CO2eq/kg",2018,34.45969090909091,"no"
NA,NA,"Northern Europe",NA,"Meat of sheep","Emissions intensity","kg CO2eq/kg",2019,31.65149090909091,"no"
NA,NA,"Northern Europe",NA,"Meat of sheep","Emissions intensity","kg CO2eq/kg",2020,32.4989,"no"
NA,NA,"Northern Europe",NA,"Meat of sheep","Emissions intensity","kg CO2eq/kg",2021,33.7303,"no"
NA,NA,"Northern Europe",NA,"Meat of sheep","Emissions intensity","kg CO2eq/kg",2022,35.193009090909094,"no"
NA,NA,"Northern Europe",NA,"Raw milk of cattle","Emissions intensity","kg CO2eq/kg",1992,0.9915727272727273,"no"
NA,NA,"Northern Europe",NA,"Raw milk of cattle","Emissions intensity","kg CO2eq/kg",1993,1.0422545454545455,"no"
NA,NA,"Northern Europe",NA,"Raw milk of cattle","Emissions intensity","kg CO2eq/kg",1994,0.9942636363636363,"no"
NA,NA,"Northern Europe",NA,"Raw milk of cattle","Emissions intensity","kg CO2eq/kg",1995,0.9737545454545454,"no"
NA,NA,"Northern Europe",NA,"Raw milk of cattle","Emissions intensity","kg CO2eq/kg",1996,0.9518454545454546,"no"
NA,NA,"Northern Europe",NA,"Raw milk of cattle","Emissions intensity","kg CO2eq/kg",1997,0.9091818181818182,"no"
NA,NA,"Northern Europe",NA,"Raw milk of cattle","Emissions intensity","kg CO2eq/kg",1998,0.8924090909090909,"no"
NA,NA,"Northern Europe",NA,"Raw milk of cattle","Emissions intensity","kg CO2eq/kg",1999,0.9087909090909091,"no"
NA,NA,"Northern Europe",NA,"Raw milk of cattle","Emissions intensity","kg CO2eq/kg",2000,0.8446545454545454,"no"
NA,NA,"Northern Europe",NA,"Raw milk of cattle","Emissions intensity","kg CO2eq/kg",2001,0.8055818181818182,"no"
NA,NA,"Northern Europe",NA,"Raw milk of cattle","Emissions intensity","kg CO2eq/kg",2002,0.8066,"no"
NA,NA,"Northern Europe",NA,"Raw milk of cattle","Emissions intensity","kg CO2eq/kg",2003,0.7914727272727273,"no"
NA,NA,"Northern Europe",NA,"Raw milk of cattle","Emissions intensity","kg CO2eq/kg",2004,0.7641636363636364,"no"
NA,NA,"Northern Europe",NA,"Raw milk of cattle","Emissions intensity","kg CO2eq/kg",2005,0.7439545454545454,"no"
NA,NA,"Northern Europe",NA,"Raw milk of cattle","Emissions intensity","kg CO2eq/kg",2006,0.7277545454545454,"no"
NA,NA,"Northern Europe",NA,"Raw milk of cattle","Emissions intensity","kg CO2eq/kg",2007,0.7065818181818182,"no"
NA,NA,"Northern Europe",NA,"Raw milk of cattle","Emissions intensity","kg CO2eq/kg",2008,0.7043454545454545,"no"
NA,NA,"Northern Europe",NA,"Raw milk of cattle","Emissions intensity","kg CO2eq/kg",2009,0.6918727272727273,"no"
NA,NA,"Northern Europe",NA,"Raw milk of cattle","Emissions intensity","kg CO2eq/kg",2010,0.6797272727272727,"no"
NA,NA,"Northern Europe",NA,"Raw milk of cattle","Emissions intensity","kg CO2eq/kg",2011,0.6735636363636364,"no"
NA,NA,"Northern Europe",NA,"Raw milk of cattle","Emissions intensity","kg CO2eq/kg",2012,0.6631454545454546,"no"
NA,NA,"Northern Europe",NA,"Raw milk of cattle","Emissions intensity","kg CO2eq/kg",2013,0.6504636363636364,"no"
NA,NA,"Northern Europe",NA,"Raw milk of cattle","Emissions intensity","kg CO2eq/kg",2014,0.6926636363636364,"no"
NA,NA,"Northern Europe",NA,"Raw milk of cattle","Emissions intensity","kg CO2eq/kg",2015,0.6817272727272727,"no"
NA,NA,"Northern Europe",NA,"Raw milk of cattle","Emissions intensity","kg CO2eq/kg",2016,0.6731272727272727,"no"
NA,NA,"Northern Europe",NA,"Raw milk of cattle","Emissions intensity","kg CO2eq/kg",2017,0.6599818181818182,"no"
NA,NA,"Northern Europe",NA,"Raw milk of cattle","Emissions intensity","kg CO2eq/kg",2018,0.6365636363636363,"no"
NA,NA,"Northern Europe",NA,"Raw milk of cattle","Emissions intensity","kg CO2eq/kg",2019,0.6216545454545455,"no"
NA,NA,"Northern Europe",NA,"Raw milk of cattle","Emissions intensity","kg CO2eq/kg",2020,0.6173545454545455,"no"
NA,NA,"Northern Europe",NA,"Raw milk of cattle","Emissions intensity","kg CO2eq/kg",2021,0.6105363636363637,"no"
NA,NA,"Northern Europe",NA,"Raw milk of cattle","Emissions intensity","kg CO2eq/kg",2022,0.5894454545454546,"no"
NA,NA,"Northern Europe",NA,"Raw milk of goats","Emissions intensity","kg CO2eq/kg",1992,0.33815,"no"
NA,NA,"Northern Europe",NA,"Raw milk of goats","Emissions intensity","kg CO2eq/kg",1993,0.455675,"no"
NA,NA,"Northern Europe",NA,"Raw milk of goats","Emissions intensity","kg CO2eq/kg",1994,0.38725,"no"
NA,NA,"Northern Europe",NA,"Raw milk of goats","Emissions intensity","kg CO2eq/kg",1995,0.2806,"no"
NA,NA,"Northern Europe",NA,"Raw milk of goats","Emissions intensity","kg CO2eq/kg",1996,0.35835,"no"
NA,NA,"Northern Europe",NA,"Raw milk of goats","Emissions intensity","kg CO2eq/kg",1997,0.380325,"no"
NA,NA,"Northern Europe",NA,"Raw milk of goats","Emissions intensity","kg CO2eq/kg",1998,0.6108,"no"
NA,NA,"Northern Europe",NA,"Raw milk of goats","Emissions intensity","kg CO2eq/kg",1999,0.664925,"no"
NA,NA,"Northern Europe",NA,"Raw milk of goats","Emissions intensity","kg CO2eq/kg",2000,0.562775,"no"
NA,NA,"Northern Europe",NA,"Raw milk of goats","Emissions intensity","kg CO2eq/kg",2001,0.61215,"no"
NA,NA,"Northern Europe",NA,"Raw milk of goats","Emissions intensity","kg CO2eq/kg",2002,0.764925,"no"
NA,NA,"Northern Europe",NA,"Raw milk of goats","Emissions intensity","kg CO2eq/kg",2003,0.741525,"no"
NA,NA,"Northern Europe",NA,"Raw milk of goats","Emissions intensity","kg CO2eq/kg",2004,0.7665,"no"
NA,NA,"Northern Europe",NA,"Raw milk of goats","Emissions intensity","kg CO2eq/kg",2005,0.617425,"no"
NA,NA,"Northern Europe",NA,"Raw milk of goats","Emissions intensity","kg CO2eq/kg",2006,0.702725,"no"
NA,NA,"Northern Europe",NA,"Raw milk of goats","Emissions intensity","kg CO2eq/kg",2007,0.7169,"no"
NA,NA,"Northern Europe",NA,"Raw milk of goats","Emissions intensity","kg CO2eq/kg",2008,0.7042499999999999,"no"
NA,NA,"Northern Europe",NA,"Raw milk of goats","Emissions intensity","kg CO2eq/kg",2009,0.7801750000000001,"no"
NA,NA,"Northern Europe",NA,"Raw milk of goats","Emissions intensity","kg CO2eq/kg",2010,0.69125,"no"
NA,NA,"Northern Europe",NA,"Raw milk of goats","Emissions intensity","kg CO2eq/kg",2011,0.7260249999999999,"no"
NA,NA,"Northern Europe",NA,"Raw milk of goats","Emissions intensity","kg CO2eq/kg",2012,0.8042,"no"
NA,NA,"Northern Europe",NA,"Raw milk of goats","Emissions intensity","kg CO2eq/kg",2013,0.9284250000000001,"no"
NA,NA,"Northern Europe",NA,"Raw milk of goats","Emissions intensity","kg CO2eq/kg",2014,0.7753,"no"
NA,NA,"Northern Europe",NA,"Raw milk of goats","Emissions intensity","kg CO2eq/kg",2015,0.706975,"no"
NA,NA,"Northern Europe",NA,"Raw milk of goats","Emissions intensity","kg CO2eq/kg",2016,0.73,"no"
NA,NA,"Northern Europe",NA,"Raw milk of goats","Emissions intensity","kg CO2eq/kg",2017,0.705975,"no"
NA,NA,"Northern Europe",NA,"Raw milk of goats","Emissions intensity","kg CO2eq/kg",2018,0.443425,"no"
NA,NA,"Northern Europe",NA,"Raw milk of goats","Emissions intensity","kg CO2eq/kg",2019,0.463175,"no"
NA,NA,"Northern Europe",NA,"Raw milk of goats","Emissions intensity","kg CO2eq/kg",2020,0.5144,"no"
NA,NA,"Northern Europe",NA,"Raw milk of goats","Emissions intensity","kg CO2eq/kg",2021,0.5228,"no"
NA,NA,"Northern Europe",NA,"Raw milk of goats","Emissions intensity","kg CO2eq/kg",2022,0.576425,"no"
