"ISO3","Area","Partner","cpc_name1","Item","Element","Unit","Year","value"
"DJI","Djibouti","Argentina","Cereals","Maize (corn)","Import value","1000 USD",2022,1821
"DJI","Djibouti","Bangladesh","Stimulant, spice and aromatic crops","Other stimulant, spice and aromatic crops, n.e.c.","Import value","1000 USD",2022,10
"DJI","Djibouti","Belgium","Stimulant, spice and aromatic crops","Coffee, green","Import value","1000 USD",2023,13
"DJI","Djibouti","Belgium","Eggs of hens or other birds in shell, fresh","Hen eggs in shell, fresh","Import value","1000 USD",2022,235
"DJI","Djibouti","Belgium","Tobacco products","Tobacco products","Import value","1000 USD",2023,958
"DJI","Djibouti","Brazil","Grain mill products, starches and starch products; other food products","Grain mill products, starches and starch products; other food products","Import value","1000 USD",2023,74753
"DJI","Djibouti","Brazil","Forage products; fibre crops; plants used in perfumery, pharmacy, or for insecticidal, fungicidal or similar purposes; beet, forage plant and flower seeds; natural rubber; living plants, cut flowers and flower buds; unmanufactured tobacco; other raw vegetable materials","Vegetable products, fresh or dry n.e.c.","Import value","1000 USD",2023,1118
"DJI","Djibouti","Canada","Vegetables","Cucumbers and gherkins","Export value","1000 USD",2022,10
"DJI","Djibouti","Canada","Cereals","Sorghum","Export value","1000 USD",2023,8
"DJI","Djibouti","Canada","Stimulant, spice and aromatic crops","Tea leaves","Export value","1000 USD",2022,66
"DJI","Djibouti","Sri Lanka","Stimulant, spice and aromatic crops","Nutmeg, mace, cardamoms, raw","Import value","1000 USD",2021,125
"DJI","Djibouti","China","Fruits and nuts","Almonds, in shell","Import value","1000 USD",2023,34
"DJI","Djibouti","China","Pulses (dried leguminous vegetables)","Beans, dry","Export value","1000 USD",2021,440
"DJI","Djibouti","China","Pulses (dried leguminous vegetables)","Beans, dry","Export value","1000 USD",2022,439
"DJI","Djibouti","China","Pulses (dried leguminous vegetables)","Beans, dry","Export value","1000 USD",2023,2186
"DJI","Djibouti","China","Pulses (dried leguminous vegetables)","Beans, dry","Import value","1000 USD",2023,162
"DJI","Djibouti","China","Beverages","Beverages","Import value","1000 USD",2022,4446
"DJI","Djibouti","China","Pulses (dried leguminous vegetables)","Chick peas, dry","Export value","1000 USD",2021,189
"DJI","Djibouti","China","Stimulant, spice and aromatic crops","Chillies and peppers, dry (Capsicum spp., Pimenta spp.), raw","Import value","1000 USD",2023,18
"DJI","Djibouti","China","Stimulant, spice and aromatic crops","Cinnamon and cinnamon-tree flowers, raw","Import value","1000 USD",2021,568
"DJI","Djibouti","China","Stimulant, spice and aromatic crops","Cinnamon and cinnamon-tree flowers, raw","Import value","1000 USD",2022,558
"DJI","Djibouti","China","Stimulant, spice and aromatic crops","Cinnamon and cinnamon-tree flowers, raw","Import value","1000 USD",2023,425
"DJI","Djibouti","China","Stimulant, spice and aromatic crops","Cloves (whole stems), raw","Import value","1000 USD",2021,49
"DJI","Djibouti","China","Stimulant, spice and aromatic crops","Cloves (whole stems), raw","Import value","1000 USD",2022,64
"DJI","Djibouti","China","Stimulant, spice and aromatic crops","Coffee, green","Import value","1000 USD",2022,42
"DJI","Djibouti","China","Stimulant, spice and aromatic crops","Ginger, raw","Import value","1000 USD",2022,60
"DJI","Djibouti","China","Stimulant, spice and aromatic crops","Ginger, raw","Import value","1000 USD",2023,27
"DJI","Djibouti","China","Oilseeds and oleaginous fruits","Groundnuts, excluding shelled","Export value","1000 USD",2023,1249
"DJI","Djibouti","China","Stimulant, spice and aromatic crops","Hop cones","Import value","1000 USD",2022,103
"DJI","Djibouti","China","Forage products; fibre crops; plants used in perfumery, pharmacy, or for insecticidal, fungicidal or similar purposes; beet, forage plant and flower seeds; natural rubber; living plants, cut flowers and flower buds; unmanufactured tobacco; other raw vegetable materials","Jute, raw or retted","Import value","1000 USD",2022,6
"DJI","Djibouti","China","Other animal products","Natural honey","Import value","1000 USD",2021,12
"DJI","Djibouti","China","Other animal products","Natural honey","Import value","1000 USD",2022,6
"DJI","Djibouti","China","Forage products; fibre crops; plants used in perfumery, pharmacy, or for insecticidal, fungicidal or similar purposes; beet, forage plant and flower seeds; natural rubber; living plants, cut flowers and flower buds; unmanufactured tobacco; other raw vegetable materials","Natural rubber in primary forms","Import value","1000 USD",2021,133
"DJI","Djibouti","China","Forage products; fibre crops; plants used in perfumery, pharmacy, or for insecticidal, fungicidal or similar purposes; beet, forage plant and flower seeds; natural rubber; living plants, cut flowers and flower buds; unmanufactured tobacco; other raw vegetable materials","Natural rubber in primary forms","Import value","1000 USD",2022,2249
"DJI","Djibouti","China","Forage products; fibre crops; plants used in perfumery, pharmacy, or for insecticidal, fungicidal or similar purposes; beet, forage plant and flower seeds; natural rubber; living plants, cut flowers and flower buds; unmanufactured tobacco; other raw vegetable materials","Natural rubber in primary forms","Import value","1000 USD",2023,230
"DJI","Djibouti","China","Fruits and nuts","Other citrus fruit, n.e.c.","Export value","1000 USD",2021,59
"DJI","Djibouti","China","Fruits and nuts","Other fruits, n.e.c.","Export value","1000 USD",2022,139
"DJI","Djibouti","China","Fruits and nuts","Other fruits, n.e.c.","Export value","1000 USD",2023,81
"DJI","Djibouti","China","Stimulant, spice and aromatic crops","Pepper (Piper spp.), raw","Import value","1000 USD",2021,575
"DJI","Djibouti","China","Stimulant, spice and aromatic crops","Pepper (Piper spp.), raw","Import value","1000 USD",2022,36
"DJI","Djibouti","China","Stimulant, spice and aromatic crops","Pepper (Piper spp.), raw","Import value","1000 USD",2023,13
"DJI","Djibouti","China","Oilseeds and oleaginous fruits","Sesame seed","Export value","1000 USD",2021,3886
"DJI","Djibouti","China","Oilseeds and oleaginous fruits","Sesame seed","Export value","1000 USD",2022,1905
"DJI","Djibouti","China","Oilseeds and oleaginous fruits","Sesame seed","Import value","1000 USD",2023,45
"DJI","Djibouti","China","Other animal products","Skins, dry-salted of sheep","Import value","1000 USD",2021,49
"DJI","Djibouti","China","Other animal products","Skins, dry-salted of sheep","Import value","1000 USD",2022,12
"DJI","Djibouti","China","Oilseeds and oleaginous fruits","Soya beans","Import value","1000 USD",2023,32
"DJI","Djibouti","China","Forage products; fibre crops; plants used in perfumery, pharmacy, or for insecticidal, fungicidal or similar purposes; beet, forage plant and flower seeds; natural rubber; living plants, cut flowers and flower buds; unmanufactured tobacco; other raw vegetable materials","Unmanufactured tobacco","Import value","1000 USD",2021,10
"DJI","Djibouti","China","Forage products; fibre crops; plants used in perfumery, pharmacy, or for insecticidal, fungicidal or similar purposes; beet, forage plant and flower seeds; natural rubber; living plants, cut flowers and flower buds; unmanufactured tobacco; other raw vegetable materials","Unmanufactured tobacco","Import value","1000 USD",2022,11
"DJI","Djibouti","China","Stimulant, spice and aromatic crops","Vanilla, raw","Import value","1000 USD",2023,41
"DJI","Djibouti","China","Yarn and thread; woven and tufted textile fabrics","Yarn and thread; woven and tufted textile fabrics","Import value","1000 USD",2022,42
"DJI","Djibouti","Colombia","Stimulant, spice and aromatic crops","Nutmeg, mace, cardamoms, raw","Import value","1000 USD",2023,49
"DJI","Djibouti","Ethiopia","Stimulant, spice and aromatic crops","Anise, badian, coriander, cumin, caraway, fennel and juniper berries, raw","Export value","1000 USD",2021,288
"DJI","Djibouti","Ethiopia","Stimulant, spice and aromatic crops","Anise, badian, coriander, cumin, caraway, fennel and juniper berries, raw","Export value","1000 USD",2022,464
"DJI","Djibouti","Ethiopia","Stimulant, spice and aromatic crops","Anise, badian, coriander, cumin, caraway, fennel and juniper berries, raw","Export value","1000 USD",2023,861
"DJI","Djibouti","Ethiopia","Fruits and nuts","Apples","Export value","1000 USD",2021,217
"DJI","Djibouti","Ethiopia","Fruits and nuts","Apples","Export value","1000 USD",2022,962
"DJI","Djibouti","Ethiopia","Fruits and nuts","Apples","Export value","1000 USD",2023,706
"DJI","Djibouti","Ethiopia","Fruits and nuts","Avocados","Export value","1000 USD",2021,1
"DJI","Djibouti","Ethiopia","Fruits and nuts","Avocados","Export value","1000 USD",2022,2
"DJI","Djibouti","Ethiopia","Fruits and nuts","Avocados","Import value","1000 USD",2021,136
"DJI","Djibouti","Ethiopia","Fruits and nuts","Avocados","Import value","1000 USD",2022,312
"DJI","Djibouti","Ethiopia","Fruits and nuts","Avocados","Import value","1000 USD",2023,183
"DJI","Djibouti","Ethiopia","Fruits and nuts","Bananas","Import value","1000 USD",2021,2250
"DJI","Djibouti","Ethiopia","Fruits and nuts","Bananas","Import value","1000 USD",2022,2490
"DJI","Djibouti","Ethiopia","Fruits and nuts","Bananas","Import value","1000 USD",2023,1914
"DJI","Djibouti","Ethiopia","Cereals","Barley","Export value","1000 USD",2022,261
"DJI","Djibouti","Ethiopia","Pulses (dried leguminous vegetables)","Beans, dry","Export value","1000 USD",2021,1104
"DJI","Djibouti","Ethiopia","Pulses (dried leguminous vegetables)","Beans, dry","Export value","1000 USD",2022,120
"DJI","Djibouti","Ethiopia","Pulses (dried leguminous vegetables)","Beans, dry","Import value","1000 USD",2021,781
"DJI","Djibouti","Ethiopia","Pulses (dried leguminous vegetables)","Beans, dry","Import value","1000 USD",2022,800
"DJI","Djibouti","Ethiopia","Other animal products","Beeswax","Export value","1000 USD",2021,554
"DJI","Djibouti","Ethiopia","Other animal products","Beeswax","Export value","1000 USD",2022,605
"DJI","Djibouti","Ethiopia","Other animal products","Beeswax","Export value","1000 USD",2023,662
"DJI","Djibouti","Ethiopia","Beverages","Beverages","Export value","1000 USD",2021,7089
"DJI","Djibouti","Ethiopia","Beverages","Beverages","Export value","1000 USD",2022,10514
"DJI","Djibouti","Ethiopia","Beverages","Beverages","Export value","1000 USD",2023,4777
"DJI","Djibouti","Ethiopia","Pulses (dried leguminous vegetables)","Broad beans and horse beans, dry","Import value","1000 USD",2021,93
"DJI","Djibouti","Ethiopia","Pulses (dried leguminous vegetables)","Broad beans and horse beans, dry","Import value","1000 USD",2022,22
"DJI","Djibouti","Ethiopia","Vegetables","Cabbages","Export value","1000 USD",2022,79
"DJI","Djibouti","Ethiopia","Vegetables","Carrots and turnips","Import value","1000 USD",2021,584
"DJI","Djibouti","Ethiopia","Vegetables","Carrots and turnips","Import value","1000 USD",2022,364
"DJI","Djibouti","Ethiopia","Vegetables","Carrots and turnips","Import value","1000 USD",2023,162
"DJI","Djibouti","Ethiopia","Edible roots and tubers with high starch or inulin content","Cassava, dry","Export value","1000 USD",2023,112
"DJI","Djibouti","Ethiopia","Vegetables","Cauliflowers and broccoli","Import value","1000 USD",2021,1072
"DJI","Djibouti","Ethiopia","Vegetables","Cauliflowers and broccoli","Import value","1000 USD",2022,1586
"DJI","Djibouti","Ethiopia","Vegetables","Cauliflowers and broccoli","Import value","1000 USD",2023,1721
"DJI","Djibouti","Ethiopia","Cereals","Cereals n.e.c.","Export value","1000 USD",2021,137
"DJI","Djibouti","Ethiopia","Cereals","Cereals n.e.c.","Import value","1000 USD",2023,116
"DJI","Djibouti","Ethiopia","Pulses (dried leguminous vegetables)","Chick peas, dry","Import value","1000 USD",2021,189
"DJI","Djibouti","Ethiopia","Pulses (dried leguminous vegetables)","Chick peas, dry","Import value","1000 USD",2022,228
"DJI","Djibouti","Ethiopia","Live animals","Chickens","Export value","1000 USD",2023,151
"DJI","Djibouti","Ethiopia","Stimulant, spice and aromatic crops","Chillies and peppers, dry (Capsicum spp., Pimenta spp.), raw","Export value","1000 USD",2021,900
"DJI","Djibouti","Ethiopia","Stimulant, spice and aromatic crops","Chillies and peppers, dry (Capsicum spp., Pimenta spp.), raw","Export value","1000 USD",2022,36
"DJI","Djibouti","Ethiopia","Vegetables","Chillies and peppers, green (Capsicum spp. and Pimenta spp.)","Import value","1000 USD",2021,998
"DJI","Djibouti","Ethiopia","Vegetables","Chillies and peppers, green (Capsicum spp. and Pimenta spp.)","Import value","1000 USD",2022,1200
"DJI","Djibouti","Ethiopia","Vegetables","Chillies and peppers, green (Capsicum spp. and Pimenta spp.)","Import value","1000 USD",2023,271
"DJI","Djibouti","Ethiopia","Stimulant, spice and aromatic crops","Cinnamon and cinnamon-tree flowers, raw","Export value","1000 USD",2021,861
"DJI","Djibouti","Ethiopia","Stimulant, spice and aromatic crops","Cinnamon and cinnamon-tree flowers, raw","Export value","1000 USD",2022,753
"DJI","Djibouti","Ethiopia","Stimulant, spice and aromatic crops","Cinnamon and cinnamon-tree flowers, raw","Export value","1000 USD",2023,486
"DJI","Djibouti","Ethiopia","Stimulant, spice and aromatic crops","Cloves (whole stems), raw","Export value","1000 USD",2021,828
"DJI","Djibouti","Ethiopia","Stimulant, spice and aromatic crops","Cloves (whole stems), raw","Export value","1000 USD",2022,137
"DJI","Djibouti","Ethiopia","Stimulant, spice and aromatic crops","Cloves (whole stems), raw","Export value","1000 USD",2023,159
"DJI","Djibouti","Ethiopia","Stimulant, spice and aromatic crops","Cocoa beans","Export value","1000 USD",2023,163
"DJI","Djibouti","Ethiopia","Oilseeds and oleaginous fruits","Coconuts, in shell","Export value","1000 USD",2022,26
"DJI","Djibouti","Ethiopia","Stimulant, spice and aromatic crops","Coffee, green","Export value","1000 USD",2022,38
"DJI","Djibouti","Ethiopia","Stimulant, spice and aromatic crops","Coffee, green","Import value","1000 USD",2021,44
"DJI","Djibouti","Ethiopia","Stimulant, spice and aromatic crops","Coffee, green","Import value","1000 USD",2022,24
"DJI","Djibouti","Ethiopia","Stimulant, spice and aromatic crops","Coffee, green","Import value","1000 USD",2023,12
"DJI","Djibouti","Ethiopia","Vegetables","Cucumbers and gherkins","Import value","1000 USD",2021,641
"DJI","Djibouti","Ethiopia","Vegetables","Cucumbers and gherkins","Import value","1000 USD",2022,908
"DJI","Djibouti","Ethiopia","Vegetables","Cucumbers and gherkins","Import value","1000 USD",2023,1671
"DJI","Djibouti","Ethiopia","Dairy products and egg products","Dairy products and egg products","Export value","1000 USD",2021,18904
"DJI","Djibouti","Ethiopia","Dairy products and egg products","Dairy products and egg products","Export value","1000 USD",2022,6715
"DJI","Djibouti","Ethiopia","Dairy products and egg products","Dairy products and egg products","Export value","1000 USD",2023,18345
"DJI","Djibouti","Ethiopia","Fruits and nuts","Dates","Export value","1000 USD",2021,3756
"DJI","Djibouti","Ethiopia","Fruits and nuts","Dates","Export value","1000 USD",2022,5191
"DJI","Djibouti","Ethiopia","Fruits and nuts","Dates","Export value","1000 USD",2023,3462
"DJI","Djibouti","Ethiopia","Edible roots and tubers with high starch or inulin content","Edible roots and tubers with high starch or inulin content, n.e.c., fresh","Import value","1000 USD",2023,1
"DJI","Djibouti","Ethiopia","Vegetables","Eggplants (aubergines)","Import value","1000 USD",2022,2
"DJI","Djibouti","Ethiopia","Stimulant, spice and aromatic crops","Ginger, raw","Export value","1000 USD",2021,160
"DJI","Djibouti","Ethiopia","Grain mill products, starches and starch products; other food products","Grain mill products, starches and starch products; other food products","Export value","1000 USD",2021,635326
"DJI","Djibouti","Ethiopia","Grain mill products, starches and starch products; other food products","Grain mill products, starches and starch products; other food products","Export value","1000 USD",2022,628269
"DJI","Djibouti","Ethiopia","Grain mill products, starches and starch products; other food products","Grain mill products, starches and starch products; other food products","Export value","1000 USD",2023,719628
"DJI","Djibouti","Ethiopia","Fruits and nuts","Grapes","Export value","1000 USD",2021,25
"DJI","Djibouti","Ethiopia","Fruits and nuts","Grapes","Export value","1000 USD",2022,39
"DJI","Djibouti","Ethiopia","Vegetables","Green garlic","Import value","1000 USD",2021,1531
"DJI","Djibouti","Ethiopia","Vegetables","Green garlic","Import value","1000 USD",2022,1206
"DJI","Djibouti","Ethiopia","Vegetables","Green garlic","Import value","1000 USD",2023,739
"DJI","Djibouti","Ethiopia","Eggs of hens or other birds in shell, fresh","Hen eggs in shell, fresh","Export value","1000 USD",2023,24
"DJI","Djibouti","Ethiopia","Other animal products","Hides nes, dry salted","Import value","1000 USD",2021,1
"DJI","Djibouti","Ethiopia","Other animal products","Hides, wet-salted of cattle","Import value","1000 USD",2022,79
"DJI","Djibouti","Ethiopia","Other animal products","Hides, wet-salted of cattle","Import value","1000 USD",2023,48
"DJI","Djibouti","Ethiopia","Stimulant, spice and aromatic crops","Hop cones","Export value","1000 USD",2021,33
"DJI","Djibouti","Ethiopia","Stimulant, spice and aromatic crops","Hop cones","Export value","1000 USD",2022,141
"DJI","Djibouti","Ethiopia","Forage products; fibre crops; plants used in perfumery, pharmacy, or for insecticidal, fungicidal or similar purposes; beet, forage plant and flower seeds; natural rubber; living plants, cut flowers and flower buds; unmanufactured tobacco; other raw vegetable materials","Jute, raw or retted","Export value","1000 USD",2021,240
"DJI","Djibouti","Ethiopia","Forage products; fibre crops; plants used in perfumery, pharmacy, or for insecticidal, fungicidal or similar purposes; beet, forage plant and flower seeds; natural rubber; living plants, cut flowers and flower buds; unmanufactured tobacco; other raw vegetable materials","Jute, raw or retted","Export value","1000 USD",2022,122
"DJI","Djibouti","Ethiopia","Forage products; fibre crops; plants used in perfumery, pharmacy, or for insecticidal, fungicidal or similar purposes; beet, forage plant and flower seeds; natural rubber; living plants, cut flowers and flower buds; unmanufactured tobacco; other raw vegetable materials","Jute, raw or retted","Export value","1000 USD",2023,35
"DJI","Djibouti","Ethiopia","Fruits and nuts","Kiwi fruit","Import value","1000 USD",2021,4
"DJI","Djibouti","Ethiopia","Vegetables","Leeks and other alliaceous vegetables","Import value","1000 USD",2021,454
"DJI","Djibouti","Ethiopia","Vegetables","Leeks and other alliaceous vegetables","Import value","1000 USD",2022,664
"DJI","Djibouti","Ethiopia","Vegetables","Leeks and other alliaceous vegetables","Import value","1000 USD",2023,311
"DJI","Djibouti","Ethiopia","Fruits and nuts","Lemons and limes","Import value","1000 USD",2021,1378
"DJI","Djibouti","Ethiopia","Fruits and nuts","Lemons and limes","Import value","1000 USD",2022,796
"DJI","Djibouti","Ethiopia","Fruits and nuts","Lemons and limes","Import value","1000 USD",2023,666
"DJI","Djibouti","Ethiopia","Pulses (dried leguminous vegetables)","Lentils, dry","Export value","1000 USD",2021,94892
"DJI","Djibouti","Ethiopia","Pulses (dried leguminous vegetables)","Lentils, dry","Export value","1000 USD",2022,111295
"DJI","Djibouti","Ethiopia","Pulses (dried leguminous vegetables)","Lentils, dry","Export value","1000 USD",2023,84018
"DJI","Djibouti","Ethiopia","Vegetables","Lettuce and chicory","Import value","1000 USD",2021,701
"DJI","Djibouti","Ethiopia","Vegetables","Lettuce and chicory","Import value","1000 USD",2022,694
"DJI","Djibouti","Ethiopia","Vegetables","Lettuce and chicory","Import value","1000 USD",2023,336
"DJI","Djibouti","Ethiopia","Cereals","Maize (corn)","Export value","1000 USD",2021,8412
"DJI","Djibouti","Ethiopia","Cereals","Maize (corn)","Export value","1000 USD",2022,4285
"DJI","Djibouti","Ethiopia","Cereals","Maize (corn)","Export value","1000 USD",2023,6943
"DJI","Djibouti","Ethiopia","Fruits and nuts","Mangoes, guavas and mangosteens","Export value","1000 USD",2021,168
"DJI","Djibouti","Ethiopia","Fruits and nuts","Mangoes, guavas and mangosteens","Import value","1000 USD",2021,765
"DJI","Djibouti","Ethiopia","Fruits and nuts","Mangoes, guavas and mangosteens","Import value","1000 USD",2022,886
"DJI","Djibouti","Ethiopia","Fruits and nuts","Mangoes, guavas and mangosteens","Import value","1000 USD",2023,2159
"DJI","Djibouti","Ethiopia","Meat, fish, fruits, vegetables, oils and fats","Meat, fish, fruits, vegetables, oils and fats","Export value","1000 USD",2021,832745
"DJI","Djibouti","Ethiopia","Meat, fish, fruits, vegetables, oils and fats","Meat, fish, fruits, vegetables, oils and fats","Export value","1000 USD",2022,1045300
"DJI","Djibouti","Ethiopia","Meat, fish, fruits, vegetables, oils and fats","Meat, fish, fruits, vegetables, oils and fats","Export value","1000 USD",2023,930688
"DJI","Djibouti","Ethiopia","Other animal products","Natural honey","Import value","1000 USD",2022,11
"DJI","Djibouti","Ethiopia","Forage products; fibre crops; plants used in perfumery, pharmacy, or for insecticidal, fungicidal or similar purposes; beet, forage plant and flower seeds; natural rubber; living plants, cut flowers and flower buds; unmanufactured tobacco; other raw vegetable materials","Natural rubber in primary forms","Export value","1000 USD",2021,133
"DJI","Djibouti","Ethiopia","Forage products; fibre crops; plants used in perfumery, pharmacy, or for insecticidal, fungicidal or similar purposes; beet, forage plant and flower seeds; natural rubber; living plants, cut flowers and flower buds; unmanufactured tobacco; other raw vegetable materials","Natural rubber in primary forms","Export value","1000 USD",2022,1263
"DJI","Djibouti","Ethiopia","Forage products; fibre crops; plants used in perfumery, pharmacy, or for insecticidal, fungicidal or similar purposes; beet, forage plant and flower seeds; natural rubber; living plants, cut flowers and flower buds; unmanufactured tobacco; other raw vegetable materials","Natural rubber in primary forms","Export value","1000 USD",2023,46
"DJI","Djibouti","Ethiopia","Stimulant, spice and aromatic crops","Nutmeg, mace, cardamoms, raw","Export value","1000 USD",2021,736
"DJI","Djibouti","Ethiopia","Stimulant, spice and aromatic crops","Nutmeg, mace, cardamoms, raw","Export value","1000 USD",2022,120
"DJI","Djibouti","Ethiopia","Stimulant, spice and aromatic crops","Nutmeg, mace, cardamoms, raw","Export value","1000 USD",2023,147
"DJI","Djibouti","Ethiopia","Cereals","Oats","Export value","1000 USD",2021,37
"DJI","Djibouti","Ethiopia","Cereals","Oats","Export value","1000 USD",2022,51
"DJI","Djibouti","Ethiopia","Vegetables","Onions and shallots, dry (excluding dehydrated)","Import value","1000 USD",2021,6489
"DJI","Djibouti","Ethiopia","Vegetables","Onions and shallots, dry (excluding dehydrated)","Import value","1000 USD",2022,6557
"DJI","Djibouti","Ethiopia","Vegetables","Onions and shallots, dry (excluding dehydrated)","Import value","1000 USD",2023,6822
"DJI","Djibouti","Ethiopia","Fruits and nuts","Oranges","Export value","1000 USD",2021,16
"DJI","Djibouti","Ethiopia","Fruits and nuts","Oranges","Import value","1000 USD",2021,2542
"DJI","Djibouti","Ethiopia","Fruits and nuts","Oranges","Import value","1000 USD",2022,2135
"DJI","Djibouti","Ethiopia","Fruits and nuts","Oranges","Import value","1000 USD",2023,3334
"DJI","Djibouti","Ethiopia","Vegetables","Other beans, green","Import value","1000 USD",2021,3
"DJI","Djibouti","Ethiopia","Forage products; fibre crops; plants used in perfumery, pharmacy, or for insecticidal, fungicidal or similar purposes; beet, forage plant and flower seeds; natural rubber; living plants, cut flowers and flower buds; unmanufactured tobacco; other raw vegetable materials","Other forage products, n.e.c.","Import value","1000 USD",2021,606
"DJI","Djibouti","Ethiopia","Forage products; fibre crops; plants used in perfumery, pharmacy, or for insecticidal, fungicidal or similar purposes; beet, forage plant and flower seeds; natural rubber; living plants, cut flowers and flower buds; unmanufactured tobacco; other raw vegetable materials","Other forage products, n.e.c.","Import value","1000 USD",2022,277
"DJI","Djibouti","Ethiopia","Forage products; fibre crops; plants used in perfumery, pharmacy, or for insecticidal, fungicidal or similar purposes; beet, forage plant and flower seeds; natural rubber; living plants, cut flowers and flower buds; unmanufactured tobacco; other raw vegetable materials","Other forage products, n.e.c.","Import value","1000 USD",2023,511
"DJI","Djibouti","Ethiopia","Fruits and nuts","Other nuts (excluding wild edible nuts and groundnuts), in shell, n.e.c.","Export value","1000 USD",2021,26
"DJI","Djibouti","Ethiopia","Pulses (dried leguminous vegetables)","Other pulses n.e.c.","Export value","1000 USD",2021,6108
"DJI","Djibouti","Ethiopia","Pulses (dried leguminous vegetables)","Other pulses n.e.c.","Export value","1000 USD",2022,2445
"DJI","Djibouti","Ethiopia","Pulses (dried leguminous vegetables)","Other pulses n.e.c.","Export value","1000 USD",2023,4753
"DJI","Djibouti","Ethiopia","Pulses (dried leguminous vegetables)","Other pulses n.e.c.","Import value","1000 USD",2022,251
"DJI","Djibouti","Ethiopia","Stimulant, spice and aromatic crops","Other stimulant, spice and aromatic crops, n.e.c.","Export value","1000 USD",2021,1343
"DJI","Djibouti","Ethiopia","Stimulant, spice and aromatic crops","Other stimulant, spice and aromatic crops, n.e.c.","Export value","1000 USD",2022,167
"DJI","Djibouti","Ethiopia","Stimulant, spice and aromatic crops","Other stimulant, spice and aromatic crops, n.e.c.","Import value","1000 USD",2023,11
"DJI","Djibouti","Ethiopia","Vegetables","Other vegetables, fresh n.e.c.","Import value","1000 USD",2021,233
"DJI","Djibouti","Ethiopia","Vegetables","Other vegetables, fresh n.e.c.","Import value","1000 USD",2022,337
"DJI","Djibouti","Ethiopia","Vegetables","Other vegetables, fresh n.e.c.","Import value","1000 USD",2023,205
"DJI","Djibouti","Ethiopia","Fruits and nuts","Papayas","Import value","1000 USD",2021,925
"DJI","Djibouti","Ethiopia","Fruits and nuts","Papayas","Import value","1000 USD",2022,1026
"DJI","Djibouti","Ethiopia","Fruits and nuts","Papayas","Import value","1000 USD",2023,2215
"DJI","Djibouti","Ethiopia","Pulses (dried leguminous vegetables)","Peas, dry","Export value","1000 USD",2021,6174
"DJI","Djibouti","Ethiopia","Pulses (dried leguminous vegetables)","Peas, dry","Export value","1000 USD",2022,7205
"DJI","Djibouti","Ethiopia","Pulses (dried leguminous vegetables)","Peas, dry","Export value","1000 USD",2023,1356
"DJI","Djibouti","Ethiopia","Pulses (dried leguminous vegetables)","Peas, dry","Import value","1000 USD",2023,235
"DJI","Djibouti","Ethiopia","Vegetables","Peas, green","Export value","1000 USD",2023,346
"DJI","Djibouti","Ethiopia","Stimulant, spice and aromatic crops","Pepper (Piper spp.), raw","Export value","1000 USD",2021,3281
"DJI","Djibouti","Ethiopia","Stimulant, spice and aromatic crops","Pepper (Piper spp.), raw","Export value","1000 USD",2022,117
"DJI","Djibouti","Ethiopia","Stimulant, spice and aromatic crops","Pepper (Piper spp.), raw","Export value","1000 USD",2023,108
"DJI","Djibouti","Ethiopia","Stimulant, spice and aromatic crops","Pepper (Piper spp.), raw","Import value","1000 USD",2022,21
"DJI","Djibouti","Ethiopia","Fruits and nuts","Pomelos and grapefruits","Export value","1000 USD",2022,1
"DJI","Djibouti","Ethiopia","Raw milk","Raw milk of cattle","Export value","1000 USD",2023,42
"DJI","Djibouti","Ethiopia","Cereals","Rice","Export value","1000 USD",2021,741
"DJI","Djibouti","Ethiopia","Cereals","Rice","Export value","1000 USD",2022,1511
"DJI","Djibouti","Ethiopia","Cereals","Rice","Export value","1000 USD",2023,508
"DJI","Djibouti","Ethiopia","Oilseeds and oleaginous fruits","Sesame seed","Import value","1000 USD",2021,3766
"DJI","Djibouti","Ethiopia","Oilseeds and oleaginous fruits","Sesame seed","Import value","1000 USD",2022,1445
"DJI","Djibouti","Ethiopia","Other animal products","Skins, dry-salted of sheep","Export value","1000 USD",2021,106
"DJI","Djibouti","Ethiopia","Other animal products","Skins, dry-salted of sheep","Export value","1000 USD",2022,12
"DJI","Djibouti","Ethiopia","Cereals","Sorghum","Export value","1000 USD",2021,137
"DJI","Djibouti","Ethiopia","Cereals","Sorghum","Export value","1000 USD",2022,8711
"DJI","Djibouti","Ethiopia","Sugar crops","Sugar beet","Export value","1000 USD",2021,96
"DJI","Djibouti","Ethiopia","Tobacco products","Tobacco products","Export value","1000 USD",2021,5939
"DJI","Djibouti","Ethiopia","Tobacco products","Tobacco products","Export value","1000 USD",2022,5087
"DJI","Djibouti","Ethiopia","Tobacco products","Tobacco products","Export value","1000 USD",2023,8869
"DJI","Djibouti","Ethiopia","Vegetables","Tomatoes","Export value","1000 USD",2023,293
"DJI","Djibouti","Ethiopia","Vegetables","Tomatoes","Import value","1000 USD",2021,2970
"DJI","Djibouti","Ethiopia","Vegetables","Tomatoes","Import value","1000 USD",2022,3322
"DJI","Djibouti","Ethiopia","Vegetables","Tomatoes","Import value","1000 USD",2023,4536
"DJI","Djibouti","Ethiopia","Stimulant, spice and aromatic crops","Vanilla, raw","Export value","1000 USD",2023,41
"DJI","Djibouti","Ethiopia","Forage products; fibre crops; plants used in perfumery, pharmacy, or for insecticidal, fungicidal or similar purposes; beet, forage plant and flower seeds; natural rubber; living plants, cut flowers and flower buds; unmanufactured tobacco; other raw vegetable materials","Vegetable products, fresh or dry n.e.c.","Export value","1000 USD",2021,14
"DJI","Djibouti","Ethiopia","Forage products; fibre crops; plants used in perfumery, pharmacy, or for insecticidal, fungicidal or similar purposes; beet, forage plant and flower seeds; natural rubber; living plants, cut flowers and flower buds; unmanufactured tobacco; other raw vegetable materials","Vegetable products, fresh or dry n.e.c.","Export value","1000 USD",2022,4264
"DJI","Djibouti","Ethiopia","Forage products; fibre crops; plants used in perfumery, pharmacy, or for insecticidal, fungicidal or similar purposes; beet, forage plant and flower seeds; natural rubber; living plants, cut flowers and flower buds; unmanufactured tobacco; other raw vegetable materials","Vegetable products, fresh or dry n.e.c.","Export value","1000 USD",2023,4556
"DJI","Djibouti","Ethiopia","Vegetables","Watermelons","Import value","1000 USD",2021,247
"DJI","Djibouti","Ethiopia","Vegetables","Watermelons","Import value","1000 USD",2022,432
"DJI","Djibouti","Ethiopia","Vegetables","Watermelons","Import value","1000 USD",2023,466
"DJI","Djibouti","Ethiopia","Cereals","Wheat","Export value","1000 USD",2021,26886
"DJI","Djibouti","Ethiopia","Cereals","Wheat","Export value","1000 USD",2022,24168
"DJI","Djibouti","Ethiopia","Cereals","Wheat","Export value","1000 USD",2023,1775
"DJI","Djibouti","Ethiopia","Yarn and thread; woven and tufted textile fabrics","Yarn and thread; woven and tufted textile fabrics","Export value","1000 USD",2022,42
"DJI","Djibouti","France","Beverages","Beverages","Import value","1000 USD",2021,1555
"DJI","Djibouti","France","Beverages","Beverages","Import value","1000 USD",2022,2494
"DJI","Djibouti","France","Beverages","Beverages","Import value","1000 USD",2023,1807
"DJI","Djibouti","France","Stimulant, spice and aromatic crops","Coffee, green","Import value","1000 USD",2023,34
"DJI","Djibouti","France","Dairy products and egg products","Dairy products and egg products","Import value","1000 USD",2021,3209
"DJI","Djibouti","France","Dairy products and egg products","Dairy products and egg products","Import value","1000 USD",2022,2430
"DJI","Djibouti","France","Dairy products and egg products","Dairy products and egg products","Import value","1000 USD",2023,2738
"DJI","Djibouti","France","Oilseeds and oleaginous fruits","Groundnuts, excluding shelled","Import value","1000 USD",2021,4
"DJI","Djibouti","France","Eggs of hens or other birds in shell, fresh","Hen eggs in shell, fresh","Import value","1000 USD",2021,262
"DJI","Djibouti","France","Oilseeds and oleaginous fruits","Linseed","Import value","1000 USD",2023,8
"DJI","Djibouti","France","Other animal products","Natural honey","Import value","1000 USD",2023,37
"DJI","Djibouti","France","Forage products; fibre crops; plants used in perfumery, pharmacy, or for insecticidal, fungicidal or similar purposes; beet, forage plant and flower seeds; natural rubber; living plants, cut flowers and flower buds; unmanufactured tobacco; other raw vegetable materials","Other forage products, n.e.c.","Import value","1000 USD",2021,475
"DJI","Djibouti","France","Forage products; fibre crops; plants used in perfumery, pharmacy, or for insecticidal, fungicidal or similar purposes; beet, forage plant and flower seeds; natural rubber; living plants, cut flowers and flower buds; unmanufactured tobacco; other raw vegetable materials","Other forage products, n.e.c.","Import value","1000 USD",2022,372
"DJI","Djibouti","France","Stimulant, spice and aromatic crops","Other stimulant, spice and aromatic crops, n.e.c.","Import value","1000 USD",2022,26
"DJI","Djibouti","France","Stimulant, spice and aromatic crops","Other stimulant, spice and aromatic crops, n.e.c.","Import value","1000 USD",2023,35
"DJI","Djibouti","Georgia","Cereals","Cereals n.e.c.","Export value","1000 USD",2021,12
"DJI","Djibouti","Georgia","Live animals","Goats","Export value","1000 USD",2021,2
"DJI","Djibouti","Georgia","Fruits and nuts","Other fruits, n.e.c.","Export value","1000 USD",2021,25
"DJI","Djibouti","Greece","Oilseeds and oleaginous fruits","Sesame seed","Import value","1000 USD",2022,324
"DJI","Djibouti","Greece","Oilseeds and oleaginous fruits","Sesame seed","Import value","1000 USD",2023,33
"DJI","Djibouti","Guatemala","Stimulant, spice and aromatic crops","Nutmeg, mace, cardamoms, raw","Import value","1000 USD",2021,128
"DJI","Djibouti","India","Stimulant, spice and aromatic crops","Anise, badian, coriander, cumin, caraway, fennel and juniper berries, raw","Import value","1000 USD",2021,211
"DJI","Djibouti","India","Stimulant, spice and aromatic crops","Anise, badian, coriander, cumin, caraway, fennel and juniper berries, raw","Import value","1000 USD",2022,204
"DJI","Djibouti","India","Stimulant, spice and aromatic crops","Anise, badian, coriander, cumin, caraway, fennel and juniper berries, raw","Import value","1000 USD",2023,809
"DJI","Djibouti","India","Cereals","Barley","Import value","1000 USD",2022,261
"DJI","Djibouti","India","Pulses (dried leguminous vegetables)","Beans, dry","Export value","1000 USD",2022,280
"DJI","Djibouti","India","Stimulant, spice and aromatic crops","Chillies and peppers, dry (Capsicum spp., Pimenta spp.), raw","Import value","1000 USD",2021,560
"DJI","Djibouti","India","Stimulant, spice and aromatic crops","Cinnamon and cinnamon-tree flowers, raw","Import value","1000 USD",2021,150
"DJI","Djibouti","India","Stimulant, spice and aromatic crops","Cinnamon and cinnamon-tree flowers, raw","Import value","1000 USD",2022,51
"DJI","Djibouti","India","Stimulant, spice and aromatic crops","Cinnamon and cinnamon-tree flowers, raw","Import value","1000 USD",2023,51
"DJI","Djibouti","India","Stimulant, spice and aromatic crops","Ginger, raw","Import value","1000 USD",2021,75
"DJI","Djibouti","India","Grain mill products, starches and starch products; other food products","Grain mill products, starches and starch products; other food products","Import value","1000 USD",2021,465754
"DJI","Djibouti","India","Grain mill products, starches and starch products; other food products","Grain mill products, starches and starch products; other food products","Import value","1000 USD",2022,465333
"DJI","Djibouti","India","Grain mill products, starches and starch products; other food products","Grain mill products, starches and starch products; other food products","Import value","1000 USD",2023,471526
"DJI","Djibouti","India","Other animal products","Hides nes, dry salted","Export value","1000 USD",2021,2
"DJI","Djibouti","India","Stimulant, spice and aromatic crops","Hop cones","Import value","1000 USD",2021,33
"DJI","Djibouti","India","Forage products; fibre crops; plants used in perfumery, pharmacy, or for insecticidal, fungicidal or similar purposes; beet, forage plant and flower seeds; natural rubber; living plants, cut flowers and flower buds; unmanufactured tobacco; other raw vegetable materials","Jute, raw or retted","Import value","1000 USD",2021,233
"DJI","Djibouti","India","Forage products; fibre crops; plants used in perfumery, pharmacy, or for insecticidal, fungicidal or similar purposes; beet, forage plant and flower seeds; natural rubber; living plants, cut flowers and flower buds; unmanufactured tobacco; other raw vegetable materials","Jute, raw or retted","Import value","1000 USD",2022,95
"DJI","Djibouti","India","Forage products; fibre crops; plants used in perfumery, pharmacy, or for insecticidal, fungicidal or similar purposes; beet, forage plant and flower seeds; natural rubber; living plants, cut flowers and flower buds; unmanufactured tobacco; other raw vegetable materials","Jute, raw or retted","Import value","1000 USD",2023,35
"DJI","Djibouti","India","Pulses (dried leguminous vegetables)","Lentils, dry","Import value","1000 USD",2023,17218
"DJI","Djibouti","India","Cereals","Maize (corn)","Import value","1000 USD",2023,627
"DJI","Djibouti","India","Fruits and nuts","Mangoes, guavas and mangosteens","Import value","1000 USD",2021,62
"DJI","Djibouti","India","Other animal products","Natural honey","Import value","1000 USD",2021,25
"DJI","Djibouti","India","Forage products; fibre crops; plants used in perfumery, pharmacy, or for insecticidal, fungicidal or similar purposes; beet, forage plant and flower seeds; natural rubber; living plants, cut flowers and flower buds; unmanufactured tobacco; other raw vegetable materials","Natural rubber in primary forms","Import value","1000 USD",2023,46
"DJI","Djibouti","India","Stimulant, spice and aromatic crops","Nutmeg, mace, cardamoms, raw","Import value","1000 USD",2021,284
"DJI","Djibouti","India","Stimulant, spice and aromatic crops","Nutmeg, mace, cardamoms, raw","Import value","1000 USD",2022,13
"DJI","Djibouti","India","Stimulant, spice and aromatic crops","Nutmeg, mace, cardamoms, raw","Import value","1000 USD",2023,73
"DJI","Djibouti","India","Cereals","Oats","Import value","1000 USD",2022,51
"DJI","Djibouti","India","Pulses (dried leguminous vegetables)","Other pulses n.e.c.","Export value","1000 USD",2022,251
"DJI","Djibouti","India","Pulses (dried leguminous vegetables)","Other pulses n.e.c.","Import value","1000 USD",2021,2951
"DJI","Djibouti","India","Pulses (dried leguminous vegetables)","Other pulses n.e.c.","Import value","1000 USD",2022,213
"DJI","Djibouti","India","Stimulant, spice and aromatic crops","Other stimulant, spice and aromatic crops, n.e.c.","Export value","1000 USD",2023,11
"DJI","Djibouti","India","Stimulant, spice and aromatic crops","Other stimulant, spice and aromatic crops, n.e.c.","Import value","1000 USD",2021,887
"DJI","Djibouti","India","Stimulant, spice and aromatic crops","Pepper (Piper spp.), raw","Import value","1000 USD",2021,920
"DJI","Djibouti","India","Stimulant, spice and aromatic crops","Pepper (Piper spp.), raw","Import value","1000 USD",2023,40
"DJI","Djibouti","India","Cereals","Rice","Import value","1000 USD",2021,741
"DJI","Djibouti","India","Cereals","Rice","Import value","1000 USD",2022,1643
"DJI","Djibouti","India","Cereals","Rice","Import value","1000 USD",2023,299
"DJI","Djibouti","India","Fruits and nuts","Tangerines, mandarins, clementines","Import value","1000 USD",2022,28
"DJI","Djibouti","India","Forage products; fibre crops; plants used in perfumery, pharmacy, or for insecticidal, fungicidal or similar purposes; beet, forage plant and flower seeds; natural rubber; living plants, cut flowers and flower buds; unmanufactured tobacco; other raw vegetable materials","Unmanufactured tobacco","Import value","1000 USD",2021,111
"DJI","Djibouti","India","Forage products; fibre crops; plants used in perfumery, pharmacy, or for insecticidal, fungicidal or similar purposes; beet, forage plant and flower seeds; natural rubber; living plants, cut flowers and flower buds; unmanufactured tobacco; other raw vegetable materials","Unmanufactured tobacco","Import value","1000 USD",2022,129
"DJI","Djibouti","India","Forage products; fibre crops; plants used in perfumery, pharmacy, or for insecticidal, fungicidal or similar purposes; beet, forage plant and flower seeds; natural rubber; living plants, cut flowers and flower buds; unmanufactured tobacco; other raw vegetable materials","Vegetable products, fresh or dry n.e.c.","Import value","1000 USD",2021,862
"DJI","Djibouti","India","Forage products; fibre crops; plants used in perfumery, pharmacy, or for insecticidal, fungicidal or similar purposes; beet, forage plant and flower seeds; natural rubber; living plants, cut flowers and flower buds; unmanufactured tobacco; other raw vegetable materials","Vegetable products, fresh or dry n.e.c.","Import value","1000 USD",2022,2792
"DJI","Djibouti","India","Forage products; fibre crops; plants used in perfumery, pharmacy, or for insecticidal, fungicidal or similar purposes; beet, forage plant and flower seeds; natural rubber; living plants, cut flowers and flower buds; unmanufactured tobacco; other raw vegetable materials","Vegetable products, fresh or dry n.e.c.","Import value","1000 USD",2023,2653
"DJI","Djibouti","India","Cereals","Wheat","Import value","1000 USD",2021,2541
"DJI","Djibouti","India","Cereals","Wheat","Import value","1000 USD",2022,21360
"DJI","Djibouti","India","Cereals","Wheat","Import value","1000 USD",2023,1104
"DJI","Djibouti","Indonesia","Pulses (dried leguminous vegetables)","Beans, dry","Export value","1000 USD",2023,151
"DJI","Djibouti","Indonesia","Stimulant, spice and aromatic crops","Cloves (whole stems), raw","Import value","1000 USD",2021,679
"DJI","Djibouti","Indonesia","Stimulant, spice and aromatic crops","Cloves (whole stems), raw","Import value","1000 USD",2022,40
"DJI","Djibouti","Indonesia","Stimulant, spice and aromatic crops","Cloves (whole stems), raw","Import value","1000 USD",2023,24
"DJI","Djibouti","Indonesia","Meat, fish, fruits, vegetables, oils and fats","Meat, fish, fruits, vegetables, oils and fats","Import value","1000 USD",2021,189727
"DJI","Djibouti","Indonesia","Meat, fish, fruits, vegetables, oils and fats","Meat, fish, fruits, vegetables, oils and fats","Import value","1000 USD",2022,199848
"DJI","Djibouti","Indonesia","Meat, fish, fruits, vegetables, oils and fats","Meat, fish, fruits, vegetables, oils and fats","Import value","1000 USD",2023,232497
"DJI","Djibouti","Indonesia","Stimulant, spice and aromatic crops","Nutmeg, mace, cardamoms, raw","Import value","1000 USD",2021,105
"DJI","Djibouti","Indonesia","Stimulant, spice and aromatic crops","Nutmeg, mace, cardamoms, raw","Import value","1000 USD",2022,54
"DJI","Djibouti","Indonesia","Stimulant, spice and aromatic crops","Pepper (Piper spp.), raw","Import value","1000 USD",2022,84
"DJI","Djibouti","Israel","Other animal products","Skins, dry-salted of sheep","Import value","1000 USD",2021,21
"DJI","Djibouti","Italy","Forage products; fibre crops; plants used in perfumery, pharmacy, or for insecticidal, fungicidal or similar purposes; beet, forage plant and flower seeds; natural rubber; living plants, cut flowers and flower buds; unmanufactured tobacco; other raw vegetable materials","Cereal straw, husks, unprepared, ground, pressed, or in the form of pellets","Import value","1000 USD",2021,146
"DJI","Djibouti","Italy","Stimulant, spice and aromatic crops","Coffee, green","Import value","1000 USD",2023,17
"DJI","Djibouti","Italy","Fruits and nuts","Other fruits, n.e.c.","Import value","1000 USD",2022,51
"DJI","Djibouti","Italy","Fruits and nuts","Pomelos and grapefruits","Import value","1000 USD",2022,1
"DJI","Djibouti","Japan","Oilseeds and oleaginous fruits","Sesame seed","Export value","1000 USD",2022,259
"DJI","Djibouti","Kenya","Pulses (dried leguminous vegetables)","Beans, dry","Export value","1000 USD",2022,65
"DJI","Djibouti","Kenya","Oilseeds and oleaginous fruits","Other oil seeds, n.e.c.","Import value","1000 USD",2023,62
"DJI","Djibouti","Kenya","Pulses (dried leguminous vegetables)","Other pulses n.e.c.","Export value","1000 USD",2023,2346
"DJI","Djibouti","Kenya","Pulses (dried leguminous vegetables)","Peas, dry","Export value","1000 USD",2021,917
"DJI","Djibouti","Kenya","Pulses (dried leguminous vegetables)","Peas, dry","Export value","1000 USD",2022,5192
"DJI","Djibouti","Kenya","Oilseeds and oleaginous fruits","Sesame seed","Import value","1000 USD",2023,11
"DJI","Djibouti","Kenya","Stimulant, spice and aromatic crops","Tea leaves","Import value","1000 USD",2021,47
"DJI","Djibouti","Kenya","Stimulant, spice and aromatic crops","Tea leaves","Import value","1000 USD",2022,85
"DJI","Djibouti","Kenya","Stimulant, spice and aromatic crops","Tea leaves","Import value","1000 USD",2023,89
"DJI","Djibouti","Kuwait","Stimulant, spice and aromatic crops","Ginger, raw","Import value","1000 USD",2022,19
"DJI","Djibouti","Malaysia","Meat, fish, fruits, vegetables, oils and fats","Meat, fish, fruits, vegetables, oils and fats","Import value","1000 USD",2021,74830
"DJI","Djibouti","Malaysia","Meat, fish, fruits, vegetables, oils and fats","Meat, fish, fruits, vegetables, oils and fats","Import value","1000 USD",2022,215138
"DJI","Djibouti","Malaysia","Meat, fish, fruits, vegetables, oils and fats","Meat, fish, fruits, vegetables, oils and fats","Import value","1000 USD",2023,196470
"DJI","Djibouti","Mozambique","Oilseeds and oleaginous fruits","Groundnuts, excluding shelled","Import value","1000 USD",2023,371
"DJI","Djibouti","Oman","Stimulant, spice and aromatic crops","Anise, badian, coriander, cumin, caraway, fennel and juniper berries, raw","Import value","1000 USD",2023,51
"DJI","Djibouti","Oman","Pulses (dried leguminous vegetables)","Beans, dry","Import value","1000 USD",2023,208
"DJI","Djibouti","Oman","Other animal products","Beeswax","Import value","1000 USD",2021,554
"DJI","Djibouti","Oman","Other animal products","Beeswax","Import value","1000 USD",2023,222
"DJI","Djibouti","Oman","Beverages","Beverages","Export value","1000 USD",2022,3847
"DJI","Djibouti","Oman","Beverages","Beverages","Import value","1000 USD",2023,3759
"DJI","Djibouti","Oman","Forage products; fibre crops; plants used in perfumery, pharmacy, or for insecticidal, fungicidal or similar purposes; beet, forage plant and flower seeds; natural rubber; living plants, cut flowers and flower buds; unmanufactured tobacco; other raw vegetable materials","Cereal straw, husks, unprepared, ground, pressed, or in the form of pellets","Export value","1000 USD",2022,1
"DJI","Djibouti","Oman","Cereals","Cereals n.e.c.","Import value","1000 USD",2021,137
"DJI","Djibouti","Oman","Stimulant, spice and aromatic crops","Chillies and peppers, dry (Capsicum spp., Pimenta spp.), raw","Import value","1000 USD",2021,92
"DJI","Djibouti","Oman","Stimulant, spice and aromatic crops","Cloves (whole stems), raw","Import value","1000 USD",2023,54
"DJI","Djibouti","Oman","Stimulant, spice and aromatic crops","Coffee, green","Import value","1000 USD",2023,21
"DJI","Djibouti","Oman","Dairy products and egg products","Dairy products and egg products","Import value","1000 USD",2021,1788
"DJI","Djibouti","Oman","Dairy products and egg products","Dairy products and egg products","Import value","1000 USD",2022,5256
"DJI","Djibouti","Oman","Dairy products and egg products","Dairy products and egg products","Import value","1000 USD",2023,4041
"DJI","Djibouti","Oman","Stimulant, spice and aromatic crops","Ginger, raw","Import value","1000 USD",2021,28
"DJI","Djibouti","Oman","Stimulant, spice and aromatic crops","Ginger, raw","Import value","1000 USD",2022,25
"DJI","Djibouti","Oman","Grain mill products, starches and starch products; other food products","Grain mill products, starches and starch products; other food products","Import value","1000 USD",2021,38758
"DJI","Djibouti","Oman","Grain mill products, starches and starch products; other food products","Grain mill products, starches and starch products; other food products","Import value","1000 USD",2022,41796
"DJI","Djibouti","Oman","Eggs of hens or other birds in shell, fresh","Hen eggs in shell, fresh","Export value","1000 USD",2022,14
"DJI","Djibouti","Oman","Meat, fish, fruits, vegetables, oils and fats","Meat, fish, fruits, vegetables, oils and fats","Import value","1000 USD",2021,70342
"DJI","Djibouti","Oman","Fruits and nuts","Other nuts (excluding wild edible nuts and groundnuts), in shell, n.e.c.","Import value","1000 USD",2021,38
"DJI","Djibouti","Oman","Pulses (dried leguminous vegetables)","Other pulses n.e.c.","Import value","1000 USD",2021,795
"DJI","Djibouti","Oman","Stimulant, spice and aromatic crops","Other stimulant, spice and aromatic crops, n.e.c.","Import value","1000 USD",2023,14
"DJI","Djibouti","Oman","Pulses (dried leguminous vegetables)","Peas, dry","Import value","1000 USD",2022,1700
"DJI","Djibouti","Oman","Stimulant, spice and aromatic crops","Pepper (Piper spp.), raw","Import value","1000 USD",2021,362
"DJI","Djibouti","Oman","Stimulant, spice and aromatic crops","Pepper (Piper spp.), raw","Import value","1000 USD",2023,28
"DJI","Djibouti","Oman","Raw milk","Raw milk of cattle","Import value","1000 USD",2021,28
"DJI","Djibouti","Oman","Oilseeds and oleaginous fruits","Sesame seed","Import value","1000 USD",2023,45
"DJI","Djibouti","Oman","Fruits and nuts","Tangerines, mandarins, clementines","Import value","1000 USD",2023,27
"DJI","Djibouti","Oman","Stimulant, spice and aromatic crops","Tea leaves","Import value","1000 USD",2021,211
"DJI","Djibouti","Oman","Stimulant, spice and aromatic crops","Tea leaves","Import value","1000 USD",2022,119
"DJI","Djibouti","Oman","Stimulant, spice and aromatic crops","Tea leaves","Import value","1000 USD",2023,154
"DJI","Djibouti","Oman","Tobacco products","Tobacco products","Import value","1000 USD",2021,3631
"DJI","Djibouti","Oman","Tobacco products","Tobacco products","Import value","1000 USD",2022,733
"DJI","Djibouti","Oman","Forage products; fibre crops; plants used in perfumery, pharmacy, or for insecticidal, fungicidal or similar purposes; beet, forage plant and flower seeds; natural rubber; living plants, cut flowers and flower buds; unmanufactured tobacco; other raw vegetable materials","Unmanufactured tobacco","Import value","1000 USD",2023,19
"DJI","Djibouti","Netherlands (Kingdom of the)","Dairy products and egg products","Dairy products and egg products","Import value","1000 USD",2022,1648
"DJI","Djibouti","Netherlands (Kingdom of the)","Fruits and nuts","Mangoes, guavas and mangosteens","Import value","1000 USD",2021,106
"DJI","Djibouti","New Zealand","Dairy products and egg products","Dairy products and egg products","Import value","1000 USD",2021,2148
"DJI","Djibouti","New Zealand","Dairy products and egg products","Dairy products and egg products","Import value","1000 USD",2022,1843
"DJI","Djibouti","New Zealand","Dairy products and egg products","Dairy products and egg products","Import value","1000 USD",2023,2216
"DJI","Djibouti","Niger","Stimulant, spice and aromatic crops","Ginger, raw","Import value","1000 USD",2021,28
"DJI","Djibouti","Niger","Other animal products","Hides nes, dry salted","Export value","1000 USD",2021,3
"DJI","Djibouti","Nigeria","Stimulant, spice and aromatic crops","Ginger, raw","Import value","1000 USD",2021,76
"DJI","Djibouti","Nigeria","Other animal products","Hides nes, dry salted","Export value","1000 USD",2021,20
"DJI","Djibouti","Nigeria","Other animal products","Hides nes, dry salted","Export value","1000 USD",2022,126
"DJI","Djibouti","Nigeria","Other animal products","Hides nes, dry salted","Export value","1000 USD",2023,175
"DJI","Djibouti","Nigeria","Other animal products","Hides, wet-salted of cattle","Export value","1000 USD",2021,4
"DJI","Djibouti","Pakistan","Pulses (dried leguminous vegetables)","Beans, dry","Export value","1000 USD",2021,218
"DJI","Djibouti","Pakistan","Pulses (dried leguminous vegetables)","Chick peas, dry","Export value","1000 USD",2022,228
"DJI","Djibouti","Pakistan","Grain mill products, starches and starch products; other food products","Grain mill products, starches and starch products; other food products","Import value","1000 USD",2023,72179
"DJI","Djibouti","Pakistan","Cereals","Rice","Import value","1000 USD",2023,209
"DJI","Djibouti","Romania","Cereals","Sorghum","Import value","1000 USD",2022,10016
"DJI","Djibouti","Romania","Cereals","Wheat","Import value","1000 USD",2021,4051
"DJI","Djibouti","Saudi Arabia","Fruits and nuts","Apples","Import value","1000 USD",2021,164
"DJI","Djibouti","Saudi Arabia","Fruits and nuts","Apples","Import value","1000 USD",2022,146
"DJI","Djibouti","Saudi Arabia","Pulses (dried leguminous vegetables)","Beans, dry","Import value","1000 USD",2021,624
"DJI","Djibouti","Saudi Arabia","Beverages","Beverages","Import value","1000 USD",2021,1647
"DJI","Djibouti","Saudi Arabia","Beverages","Beverages","Import value","1000 USD",2022,9388
"DJI","Djibouti","Saudi Arabia","Beverages","Beverages","Import value","1000 USD",2023,2330
"DJI","Djibouti","Saudi Arabia","Forage products; fibre crops; plants used in perfumery, pharmacy, or for insecticidal, fungicidal or similar purposes; beet, forage plant and flower seeds; natural rubber; living plants, cut flowers and flower buds; unmanufactured tobacco; other raw vegetable materials","Cereal straw, husks, unprepared, ground, pressed, or in the form of pellets","Export value","1000 USD",2023,5
"DJI","Djibouti","Saudi Arabia","Stimulant, spice and aromatic crops","Cloves (whole stems), raw","Import value","1000 USD",2023,16
"DJI","Djibouti","Saudi Arabia","Stimulant, spice and aromatic crops","Cocoa beans","Import value","1000 USD",2023,118
"DJI","Djibouti","Saudi Arabia","Stimulant, spice and aromatic crops","Coffee, green","Import value","1000 USD",2021,12
"DJI","Djibouti","Saudi Arabia","Dairy products and egg products","Dairy products and egg products","Import value","1000 USD",2021,12086
"DJI","Djibouti","Saudi Arabia","Dairy products and egg products","Dairy products and egg products","Import value","1000 USD",2022,7078
"DJI","Djibouti","Saudi Arabia","Dairy products and egg products","Dairy products and egg products","Import value","1000 USD",2023,11931
"DJI","Djibouti","Saudi Arabia","Fruits and nuts","Dates","Import value","1000 USD",2021,2776
"DJI","Djibouti","Saudi Arabia","Fruits and nuts","Dates","Import value","1000 USD",2022,2863
"DJI","Djibouti","Saudi Arabia","Fruits and nuts","Dates","Import value","1000 USD",2023,2524
"DJI","Djibouti","Saudi Arabia","Stimulant, spice and aromatic crops","Ginger, raw","Import value","1000 USD",2021,41
"DJI","Djibouti","Saudi Arabia","Eggs of hens or other birds in shell, fresh","Hen eggs in shell, fresh","Import value","1000 USD",2021,935
"DJI","Djibouti","Saudi Arabia","Eggs of hens or other birds in shell, fresh","Hen eggs in shell, fresh","Import value","1000 USD",2022,582
"DJI","Djibouti","Saudi Arabia","Eggs of hens or other birds in shell, fresh","Hen eggs in shell, fresh","Import value","1000 USD",2023,356
"DJI","Djibouti","Saudi Arabia","Pulses (dried leguminous vegetables)","Lentils, dry","Import value","1000 USD",2021,3595
"DJI","Djibouti","Saudi Arabia","Meat, fish, fruits, vegetables, oils and fats","Meat, fish, fruits, vegetables, oils and fats","Import value","1000 USD",2021,39592
"DJI","Djibouti","Saudi Arabia","Stimulant, spice and aromatic crops","Other stimulant, spice and aromatic crops, n.e.c.","Import value","1000 USD",2021,103
"DJI","Djibouti","Saudi Arabia","Pulses (dried leguminous vegetables)","Peas, dry","Import value","1000 USD",2021,701
"DJI","Djibouti","Saudi Arabia","Stimulant, spice and aromatic crops","Pepper (Piper spp.), raw","Import value","1000 USD",2022,22
"DJI","Djibouti","Saudi Arabia","Oilseeds and oleaginous fruits","Sesame seed","Export value","1000 USD",2023,33
"DJI","Djibouti","Saudi Arabia","Oilseeds and oleaginous fruits","Sesame seed","Import value","1000 USD",2022,395
"DJI","Djibouti","Saudi Arabia","Other animal products","Skins, dry-salted of sheep","Import value","1000 USD",2021,17
"DJI","Djibouti","Saudi Arabia","Cereals","Sorghum","Export value","1000 USD",2021,15
"DJI","Djibouti","Saudi Arabia","Sugar crops","Sugar beet","Import value","1000 USD",2021,41
"DJI","Djibouti","Saudi Arabia","Stimulant, spice and aromatic crops","Tea leaves","Import value","1000 USD",2021,103
"DJI","Djibouti","Saudi Arabia","Stimulant, spice and aromatic crops","Tea leaves","Import value","1000 USD",2022,104
"DJI","Djibouti","Saudi Arabia","Stimulant, spice and aromatic crops","Tea leaves","Import value","1000 USD",2023,36
"DJI","Djibouti","Saudi Arabia","Tobacco products","Tobacco products","Import value","1000 USD",2021,2754
"DJI","Djibouti","Saudi Arabia","Tobacco products","Tobacco products","Import value","1000 USD",2022,1936
"DJI","Djibouti","Saudi Arabia","Tobacco products","Tobacco products","Import value","1000 USD",2023,2203
"DJI","Djibouti","Singapore","Vegetables","Cabbages","Import value","1000 USD",2022,79
"DJI","Djibouti","Singapore","Oilseeds and oleaginous fruits","Groundnuts, excluding shelled","Import value","1000 USD",2023,2257
"DJI","Djibouti","Singapore","Stimulant, spice and aromatic crops","Nutmeg, mace, cardamoms, raw","Import value","1000 USD",2022,53
"DJI","Djibouti","Singapore","Stimulant, spice and aromatic crops","Nutmeg, mace, cardamoms, raw","Import value","1000 USD",2023,24
"DJI","Djibouti","Singapore","Cereals","Oats","Import value","1000 USD",2021,37
"DJI","Djibouti","Singapore","Stimulant, spice and aromatic crops","Pepper (Piper spp.), raw","Import value","1000 USD",2021,1310
"DJI","Djibouti","Viet Nam","Cereals","Rice","Import value","1000 USD",2023,71
"DJI","Djibouti","Somalia","Fruits and nuts","Apples","Export value","1000 USD",2023,45
"DJI","Djibouti","Somalia","Stimulant, spice and aromatic crops","Coffee, green","Export value","1000 USD",2022,4
"DJI","Djibouti","Somalia","Dairy products and egg products","Dairy products and egg products","Export value","1000 USD",2022,887
"DJI","Djibouti","Somalia","Dairy products and egg products","Dairy products and egg products","Export value","1000 USD",2023,1016
"DJI","Djibouti","Somalia","Fruits and nuts","Dates","Export value","1000 USD",2022,299
"DJI","Djibouti","Somalia","Stimulant, spice and aromatic crops","Ginger, raw","Export value","1000 USD",2021,24
"DJI","Djibouti","Somalia","Eggs of hens or other birds in shell, fresh","Hen eggs in shell, fresh","Export value","1000 USD",2021,32
"DJI","Djibouti","Somalia","Oilseeds and oleaginous fruits","Linseed","Export value","1000 USD",2023,5
"DJI","Djibouti","Somalia","Cereals","Maize (corn)","Export value","1000 USD",2021,1275
"DJI","Djibouti","Somalia","Other animal products","Natural honey","Export value","1000 USD",2023,2
"DJI","Djibouti","Somalia","Fruits and nuts","Oranges","Export value","1000 USD",2021,15
"DJI","Djibouti","Somalia","Pulses (dried leguminous vegetables)","Peas, dry","Export value","1000 USD",2022,1241
"DJI","Djibouti","Somalia","Other animal products","Skins, pig, wet salted","Export value","1000 USD",2022,1
"DJI","Djibouti","Somalia","Stimulant, spice and aromatic crops","Tea leaves","Export value","1000 USD",2023,32
"DJI","Djibouti","Somalia","Stimulant, spice and aromatic crops","Tea leaves","Import value","1000 USD",2023,17
"DJI","Djibouti","Somalia","Tobacco products","Tobacco products","Export value","1000 USD",2021,1349
"DJI","Djibouti","Somalia","Tobacco products","Tobacco products","Export value","1000 USD",2022,1666
"DJI","Djibouti","Somalia","Tobacco products","Tobacco products","Export value","1000 USD",2023,1382
"DJI","Djibouti","South Africa","Pulses (dried leguminous vegetables)","Beans, dry","Import value","1000 USD",2023,490
"DJI","Djibouti","Spain","Fruits and nuts","Apples","Import value","1000 USD",2023,215
"DJI","Djibouti","Spain","Eggs of hens or other birds in shell, fresh","Hen eggs in shell, fresh","Import value","1000 USD",2021,252
"DJI","Djibouti","Spain","Other animal products","Natural honey","Import value","1000 USD",2023,10
"DJI","Djibouti","Spain","Fruits and nuts","Other citrus fruit, n.e.c.","Import value","1000 USD",2021,32
"DJI","Djibouti","Spain","Stimulant, spice and aromatic crops","Other stimulant, spice and aromatic crops, n.e.c.","Import value","1000 USD",2023,13
"DJI","Djibouti","South Sudan","Cereals","Maize (corn)","Export value","1000 USD",2022,303
"DJI","Djibouti","Sudan","Cereals","Barley","Export value","1000 USD",2023,726
"DJI","Djibouti","Sudan","Pulses (dried leguminous vegetables)","Broad beans and horse beans, dry","Export value","1000 USD",2021,93
"DJI","Djibouti","Sudan","Cereals","Maize (corn)","Export value","1000 USD",2021,3372
"DJI","Djibouti","Sudan","Cereals","Maize (corn)","Export value","1000 USD",2022,754
"DJI","Djibouti","Sudan","Oilseeds and oleaginous fruits","Poppy seed","Import value","1000 USD",2023,59
"DJI","Djibouti","Thailand","Fruits and nuts","Other nuts (excluding wild edible nuts and groundnuts), in shell, n.e.c.","Import value","1000 USD",2023,34
"DJI","Djibouti","Togo","Other animal products","Hides nes, dry salted","Export value","1000 USD",2021,11
"DJI","Djibouti","Togo","Other animal products","Hides nes, dry salted","Export value","1000 USD",2022,26
"DJI","Djibouti","Togo","Other animal products","Hides, wet-salted of cattle","Export value","1000 USD",2021,1
"DJI","Djibouti","Tonga","Other animal products","Hides nes, dry salted","Export value","1000 USD",2022,15
"DJI","Djibouti","United Arab Emirates","Stimulant, spice and aromatic crops","Anise, badian, coriander, cumin, caraway, fennel and juniper berries, raw","Import value","1000 USD",2021,80
"DJI","Djibouti","United Arab Emirates","Stimulant, spice and aromatic crops","Anise, badian, coriander, cumin, caraway, fennel and juniper berries, raw","Import value","1000 USD",2022,137
"DJI","Djibouti","United Arab Emirates","Fruits and nuts","Apples","Import value","1000 USD",2021,973
"DJI","Djibouti","United Arab Emirates","Fruits and nuts","Apples","Import value","1000 USD",2022,1208
"DJI","Djibouti","United Arab Emirates","Fruits and nuts","Apples","Import value","1000 USD",2023,1295
"DJI","Djibouti","United Arab Emirates","Fruits and nuts","Avocados","Export value","1000 USD",2021,4
"DJI","Djibouti","United Arab Emirates","Fruits and nuts","Avocados","Import value","1000 USD",2022,19
"DJI","Djibouti","United Arab Emirates","Pulses (dried leguminous vegetables)","Beans, dry","Import value","1000 USD",2021,613
"DJI","Djibouti","United Arab Emirates","Pulses (dried leguminous vegetables)","Beans, dry","Import value","1000 USD",2023,1890
"DJI","Djibouti","United Arab Emirates","Other animal products","Beeswax","Import value","1000 USD",2021,37
"DJI","Djibouti","United Arab Emirates","Other animal products","Beeswax","Import value","1000 USD",2022,424
"DJI","Djibouti","United Arab Emirates","Beverages","Beverages","Export value","1000 USD",2021,2880
"DJI","Djibouti","United Arab Emirates","Beverages","Beverages","Export value","1000 USD",2022,8102
"DJI","Djibouti","United Arab Emirates","Beverages","Beverages","Export value","1000 USD",2023,19036
"DJI","Djibouti","United Arab Emirates","Beverages","Beverages","Import value","1000 USD",2021,862
"DJI","Djibouti","United Arab Emirates","Beverages","Beverages","Import value","1000 USD",2022,2339
"DJI","Djibouti","United Arab Emirates","Pulses (dried leguminous vegetables)","Broad beans and horse beans, dry","Export value","1000 USD",2022,22
"DJI","Djibouti","United Arab Emirates","Edible roots and tubers with high starch or inulin content","Cassava, dry","Import value","1000 USD",2023,112
"DJI","Djibouti","United Arab Emirates","Forage products; fibre crops; plants used in perfumery, pharmacy, or for insecticidal, fungicidal or similar purposes; beet, forage plant and flower seeds; natural rubber; living plants, cut flowers and flower buds; unmanufactured tobacco; other raw vegetable materials","Cereal straw, husks, unprepared, ground, pressed, or in the form of pellets","Export value","1000 USD",2021,2
"DJI","Djibouti","United Arab Emirates","Forage products; fibre crops; plants used in perfumery, pharmacy, or for insecticidal, fungicidal or similar purposes; beet, forage plant and flower seeds; natural rubber; living plants, cut flowers and flower buds; unmanufactured tobacco; other raw vegetable materials","Cereal straw, husks, unprepared, ground, pressed, or in the form of pellets","Import value","1000 USD",2021,162
"DJI","Djibouti","United Arab Emirates","Cereals","Cereals n.e.c.","Import value","1000 USD",2022,9
"DJI","Djibouti","United Arab Emirates","Live animals","Chickens","Import value","1000 USD",2023,50
"DJI","Djibouti","United Arab Emirates","Stimulant, spice and aromatic crops","Chillies and peppers, dry (Capsicum spp., Pimenta spp.), raw","Import value","1000 USD",2021,146
"DJI","Djibouti","United Arab Emirates","Stimulant, spice and aromatic crops","Chillies and peppers, dry (Capsicum spp., Pimenta spp.), raw","Import value","1000 USD",2022,37
"DJI","Djibouti","United Arab Emirates","Stimulant, spice and aromatic crops","Chillies and peppers, dry (Capsicum spp., Pimenta spp.), raw","Import value","1000 USD",2023,22
"DJI","Djibouti","United Arab Emirates","Stimulant, spice and aromatic crops","Cinnamon and cinnamon-tree flowers, raw","Import value","1000 USD",2021,145
"DJI","Djibouti","United Arab Emirates","Stimulant, spice and aromatic crops","Cinnamon and cinnamon-tree flowers, raw","Import value","1000 USD",2022,141
"DJI","Djibouti","United Arab Emirates","Stimulant, spice and aromatic crops","Cloves (whole stems), raw","Import value","1000 USD",2021,136
"DJI","Djibouti","United Arab Emirates","Stimulant, spice and aromatic crops","Cloves (whole stems), raw","Import value","1000 USD",2022,45
"DJI","Djibouti","United Arab Emirates","Stimulant, spice and aromatic crops","Cloves (whole stems), raw","Import value","1000 USD",2023,131
"DJI","Djibouti","United Arab Emirates","Stimulant, spice and aromatic crops","Cocoa beans","Import value","1000 USD",2021,3
"DJI","Djibouti","United Arab Emirates","Stimulant, spice and aromatic crops","Cocoa beans","Import value","1000 USD",2023,45
"DJI","Djibouti","United Arab Emirates","Oilseeds and oleaginous fruits","Coconuts, in shell","Import value","1000 USD",2022,26
"DJI","Djibouti","United Arab Emirates","Oilseeds and oleaginous fruits","Coconuts, in shell","Import value","1000 USD",2023,1
"DJI","Djibouti","United Arab Emirates","Stimulant, spice and aromatic crops","Coffee, green","Import value","1000 USD",2021,69
"DJI","Djibouti","United Arab Emirates","Stimulant, spice and aromatic crops","Coffee, green","Import value","1000 USD",2022,22
"DJI","Djibouti","United Arab Emirates","Stimulant, spice and aromatic crops","Coffee, green","Import value","1000 USD",2023,23
"DJI","Djibouti","United Arab Emirates","Fruits and nuts","Cranberries","Import value","1000 USD",2023,29
"DJI","Djibouti","United Arab Emirates","Dairy products and egg products","Dairy products and egg products","Import value","1000 USD",2021,6896
"DJI","Djibouti","United Arab Emirates","Dairy products and egg products","Dairy products and egg products","Import value","1000 USD",2022,6267
"DJI","Djibouti","United Arab Emirates","Dairy products and egg products","Dairy products and egg products","Import value","1000 USD",2023,9516
"DJI","Djibouti","United Arab Emirates","Fruits and nuts","Dates","Import value","1000 USD",2021,2730
"DJI","Djibouti","United Arab Emirates","Fruits and nuts","Dates","Import value","1000 USD",2022,3658
"DJI","Djibouti","United Arab Emirates","Fruits and nuts","Dates","Import value","1000 USD",2023,2559
"DJI","Djibouti","United Arab Emirates","Stimulant, spice and aromatic crops","Ginger, raw","Import value","1000 USD",2021,275
"DJI","Djibouti","United Arab Emirates","Stimulant, spice and aromatic crops","Ginger, raw","Import value","1000 USD",2022,225
"DJI","Djibouti","United Arab Emirates","Stimulant, spice and aromatic crops","Ginger, raw","Import value","1000 USD",2023,390
"DJI","Djibouti","United Arab Emirates","Grain mill products, starches and starch products; other food products","Grain mill products, starches and starch products; other food products","Import value","1000 USD",2022,36606
"DJI","Djibouti","United Arab Emirates","Grain mill products, starches and starch products; other food products","Grain mill products, starches and starch products; other food products","Import value","1000 USD",2023,50586
"DJI","Djibouti","United Arab Emirates","Fruits and nuts","Grapes","Import value","1000 USD",2022,96
"DJI","Djibouti","United Arab Emirates","Fruits and nuts","Grapes","Import value","1000 USD",2023,150
"DJI","Djibouti","United Arab Emirates","Oilseeds and oleaginous fruits","Groundnuts, excluding shelled","Import value","1000 USD",2021,2
"DJI","Djibouti","United Arab Emirates","Eggs of hens or other birds in shell, fresh","Hen eggs in shell, fresh","Export value","1000 USD",2021,33
"DJI","Djibouti","United Arab Emirates","Eggs of hens or other birds in shell, fresh","Hen eggs in shell, fresh","Export value","1000 USD",2022,43
"DJI","Djibouti","United Arab Emirates","Eggs of hens or other birds in shell, fresh","Hen eggs in shell, fresh","Export value","1000 USD",2023,14
"DJI","Djibouti","United Arab Emirates","Eggs of hens or other birds in shell, fresh","Hen eggs in shell, fresh","Import value","1000 USD",2021,633
"DJI","Djibouti","United Arab Emirates","Eggs of hens or other birds in shell, fresh","Hen eggs in shell, fresh","Import value","1000 USD",2022,349
"DJI","Djibouti","United Arab Emirates","Eggs of hens or other birds in shell, fresh","Hen eggs in shell, fresh","Import value","1000 USD",2023,693
"DJI","Djibouti","United Arab Emirates","Fruits and nuts","Kiwi fruit","Import value","1000 USD",2021,1
"DJI","Djibouti","United Arab Emirates","Pulses (dried leguminous vegetables)","Lentils, dry","Import value","1000 USD",2021,49545
"DJI","Djibouti","United Arab Emirates","Pulses (dried leguminous vegetables)","Lentils, dry","Import value","1000 USD",2022,85472
"DJI","Djibouti","United Arab Emirates","Pulses (dried leguminous vegetables)","Lentils, dry","Import value","1000 USD",2023,59338
"DJI","Djibouti","United Arab Emirates","Cereals","Maize (corn)","Import value","1000 USD",2022,1728
"DJI","Djibouti","United Arab Emirates","Cereals","Maize (corn)","Import value","1000 USD",2023,3068
"DJI","Djibouti","United Arab Emirates","Stimulant, spice and aromatic crops","Maté leaves","Import value","1000 USD",2022,2
"DJI","Djibouti","United Arab Emirates","Meat, fish, fruits, vegetables, oils and fats","Meat, fish, fruits, vegetables, oils and fats","Import value","1000 USD",2021,32802
"DJI","Djibouti","United Arab Emirates","Meat, fish, fruits, vegetables, oils and fats","Meat, fish, fruits, vegetables, oils and fats","Import value","1000 USD",2022,62511
"DJI","Djibouti","United Arab Emirates","Meat, fish, fruits, vegetables, oils and fats","Meat, fish, fruits, vegetables, oils and fats","Import value","1000 USD",2023,57862
"DJI","Djibouti","United Arab Emirates","Other animal products","Natural honey","Import value","1000 USD",2021,40
"DJI","Djibouti","United Arab Emirates","Other animal products","Natural honey","Import value","1000 USD",2022,48
"DJI","Djibouti","United Arab Emirates","Other animal products","Natural honey","Import value","1000 USD",2023,43
"DJI","Djibouti","United Arab Emirates","Stimulant, spice and aromatic crops","Nutmeg, mace, cardamoms, raw","Import value","1000 USD",2021,98
"DJI","Djibouti","United Arab Emirates","Vegetables","Onions and shallots, dry (excluding dehydrated)","Export value","1000 USD",2022,1
"DJI","Djibouti","United Arab Emirates","Vegetables","Onions and shallots, dry (excluding dehydrated)","Import value","1000 USD",2023,761
"DJI","Djibouti","United Arab Emirates","Fruits and nuts","Oranges","Import value","1000 USD",2021,924
"DJI","Djibouti","United Arab Emirates","Fruits and nuts","Oranges","Import value","1000 USD",2022,1058
"DJI","Djibouti","United Arab Emirates","Fruits and nuts","Oranges","Import value","1000 USD",2023,615
"DJI","Djibouti","United Arab Emirates","Fruits and nuts","Other citrus fruit, n.e.c.","Import value","1000 USD",2021,422
"DJI","Djibouti","United Arab Emirates","Fruits and nuts","Other citrus fruit, n.e.c.","Import value","1000 USD",2022,31
"DJI","Djibouti","United Arab Emirates","Forage products; fibre crops; plants used in perfumery, pharmacy, or for insecticidal, fungicidal or similar purposes; beet, forage plant and flower seeds; natural rubber; living plants, cut flowers and flower buds; unmanufactured tobacco; other raw vegetable materials","Other forage products, n.e.c.","Import value","1000 USD",2021,680
"DJI","Djibouti","United Arab Emirates","Forage products; fibre crops; plants used in perfumery, pharmacy, or for insecticidal, fungicidal or similar purposes; beet, forage plant and flower seeds; natural rubber; living plants, cut flowers and flower buds; unmanufactured tobacco; other raw vegetable materials","Other forage products, n.e.c.","Import value","1000 USD",2022,1347
"DJI","Djibouti","United Arab Emirates","Forage products; fibre crops; plants used in perfumery, pharmacy, or for insecticidal, fungicidal or similar purposes; beet, forage plant and flower seeds; natural rubber; living plants, cut flowers and flower buds; unmanufactured tobacco; other raw vegetable materials","Other forage products, n.e.c.","Import value","1000 USD",2023,1045
"DJI","Djibouti","United Arab Emirates","Fruits and nuts","Other fruits, n.e.c.","Export value","1000 USD",2021,43
"DJI","Djibouti","United Arab Emirates","Fruits and nuts","Other fruits, n.e.c.","Import value","1000 USD",2021,672
"DJI","Djibouti","United Arab Emirates","Fruits and nuts","Other fruits, n.e.c.","Import value","1000 USD",2022,602
"DJI","Djibouti","United Arab Emirates","Fruits and nuts","Other fruits, n.e.c.","Import value","1000 USD",2023,461
"DJI","Djibouti","United Arab Emirates","Fruits and nuts","Other nuts (excluding wild edible nuts and groundnuts), in shell, n.e.c.","Import value","1000 USD",2021,25
"DJI","Djibouti","United Arab Emirates","Pulses (dried leguminous vegetables)","Other pulses n.e.c.","Import value","1000 USD",2021,2291
"DJI","Djibouti","United Arab Emirates","Pulses (dried leguminous vegetables)","Other pulses n.e.c.","Import value","1000 USD",2022,684
"DJI","Djibouti","United Arab Emirates","Pulses (dried leguminous vegetables)","Other pulses n.e.c.","Import value","1000 USD",2023,3191
"DJI","Djibouti","United Arab Emirates","Stimulant, spice and aromatic crops","Other stimulant, spice and aromatic crops, n.e.c.","Import value","1000 USD",2021,151
"DJI","Djibouti","United Arab Emirates","Stimulant, spice and aromatic crops","Other stimulant, spice and aromatic crops, n.e.c.","Import value","1000 USD",2022,123
"DJI","Djibouti","United Arab Emirates","Stimulant, spice and aromatic crops","Other stimulant, spice and aromatic crops, n.e.c.","Import value","1000 USD",2023,57
"DJI","Djibouti","United Arab Emirates","Fruits and nuts","Pears","Import value","1000 USD",2022,30
"DJI","Djibouti","United Arab Emirates","Pulses (dried leguminous vegetables)","Peas, dry","Import value","1000 USD",2021,1491
"DJI","Djibouti","United Arab Emirates","Pulses (dried leguminous vegetables)","Peas, dry","Import value","1000 USD",2022,1014
"DJI","Djibouti","United Arab Emirates","Pulses (dried leguminous vegetables)","Peas, dry","Import value","1000 USD",2023,716
"DJI","Djibouti","United Arab Emirates","Stimulant, spice and aromatic crops","Pepper (Piper spp.), raw","Import value","1000 USD",2022,32
"DJI","Djibouti","United Arab Emirates","Stimulant, spice and aromatic crops","Pepper (Piper spp.), raw","Import value","1000 USD",2023,87
"DJI","Djibouti","United Arab Emirates","Fruits and nuts","Pineapples","Import value","1000 USD",2021,32
"DJI","Djibouti","United Arab Emirates","Fruits and nuts","Pineapples","Import value","1000 USD",2023,28
"DJI","Djibouti","United Arab Emirates","Edible roots and tubers with high starch or inulin content","Potatoes","Import value","1000 USD",2023,6
"DJI","Djibouti","United Arab Emirates","Raw milk","Raw milk of cattle","Export value","1000 USD",2022,10
"DJI","Djibouti","United Arab Emirates","Raw milk","Raw milk of cattle","Import value","1000 USD",2021,113
"DJI","Djibouti","United Arab Emirates","Raw milk","Raw milk of cattle","Import value","1000 USD",2022,285
"DJI","Djibouti","United Arab Emirates","Raw milk","Raw milk of cattle","Import value","1000 USD",2023,222
"DJI","Djibouti","United Arab Emirates","Cereals","Rice","Import value","1000 USD",2023,42
"DJI","Djibouti","United Arab Emirates","Other animal products","Skins, dry-salted of sheep","Import value","1000 USD",2023,90
"DJI","Djibouti","United Arab Emirates","Fruits and nuts","Strawberries","Import value","1000 USD",2023,1
"DJI","Djibouti","United Arab Emirates","Fruits and nuts","Tangerines, mandarins, clementines","Import value","1000 USD",2021,182
"DJI","Djibouti","United Arab Emirates","Fruits and nuts","Tangerines, mandarins, clementines","Import value","1000 USD",2022,136
"DJI","Djibouti","United Arab Emirates","Fruits and nuts","Tangerines, mandarins, clementines","Import value","1000 USD",2023,30
"DJI","Djibouti","United Arab Emirates","Stimulant, spice and aromatic crops","Tea leaves","Export value","1000 USD",2021,199
"DJI","Djibouti","United Arab Emirates","Stimulant, spice and aromatic crops","Tea leaves","Export value","1000 USD",2022,215
"DJI","Djibouti","United Arab Emirates","Stimulant, spice and aromatic crops","Tea leaves","Import value","1000 USD",2022,87
"DJI","Djibouti","United Arab Emirates","Stimulant, spice and aromatic crops","Tea leaves","Import value","1000 USD",2023,17
"DJI","Djibouti","United Arab Emirates","Tobacco products","Tobacco products","Export value","1000 USD",2022,1105
"DJI","Djibouti","United Arab Emirates","Tobacco products","Tobacco products","Export value","1000 USD",2023,1135
"DJI","Djibouti","United Arab Emirates","Tobacco products","Tobacco products","Import value","1000 USD",2021,6540
"DJI","Djibouti","United Arab Emirates","Tobacco products","Tobacco products","Import value","1000 USD",2022,5235
"DJI","Djibouti","United Arab Emirates","Tobacco products","Tobacco products","Import value","1000 USD",2023,9625
"DJI","Djibouti","United Arab Emirates","Forage products; fibre crops; plants used in perfumery, pharmacy, or for insecticidal, fungicidal or similar purposes; beet, forage plant and flower seeds; natural rubber; living plants, cut flowers and flower buds; unmanufactured tobacco; other raw vegetable materials","Unmanufactured tobacco","Import value","1000 USD",2021,9
"DJI","Djibouti","United Arab Emirates","Forage products; fibre crops; plants used in perfumery, pharmacy, or for insecticidal, fungicidal or similar purposes; beet, forage plant and flower seeds; natural rubber; living plants, cut flowers and flower buds; unmanufactured tobacco; other raw vegetable materials","Unmanufactured tobacco","Import value","1000 USD",2023,19
"DJI","Djibouti","United Arab Emirates","Forage products; fibre crops; plants used in perfumery, pharmacy, or for insecticidal, fungicidal or similar purposes; beet, forage plant and flower seeds; natural rubber; living plants, cut flowers and flower buds; unmanufactured tobacco; other raw vegetable materials","Vegetable products, fresh or dry n.e.c.","Import value","1000 USD",2022,487
"DJI","Djibouti","Türkiye","Fruits and nuts","Apples","Export value","1000 USD",2023,41
"DJI","Djibouti","Türkiye","Fruits and nuts","Apples","Import value","1000 USD",2021,152
"DJI","Djibouti","Türkiye","Fruits and nuts","Apples","Import value","1000 USD",2022,624
"DJI","Djibouti","Türkiye","Fruits and nuts","Apples","Import value","1000 USD",2023,349
"DJI","Djibouti","Türkiye","Other animal products","Beeswax","Import value","1000 USD",2023,440
"DJI","Djibouti","Türkiye","Pulses (dried leguminous vegetables)","Chick peas, dry","Export value","1000 USD",2021,84
"DJI","Djibouti","Türkiye","Grain mill products, starches and starch products; other food products","Grain mill products, starches and starch products; other food products","Import value","1000 USD",2021,62235
"DJI","Djibouti","Türkiye","Grain mill products, starches and starch products; other food products","Grain mill products, starches and starch products; other food products","Import value","1000 USD",2023,63389
"DJI","Djibouti","Türkiye","Fruits and nuts","Grapes","Import value","1000 USD",2021,25
"DJI","Djibouti","Türkiye","Fruits and nuts","Grapes","Import value","1000 USD",2022,39
"DJI","Djibouti","Türkiye","Eggs of hens or other birds in shell, fresh","Hen eggs in shell, fresh","Import value","1000 USD",2023,316
"DJI","Djibouti","Türkiye","Stimulant, spice and aromatic crops","Hop cones","Import value","1000 USD",2022,38
"DJI","Djibouti","Türkiye","Cereals","Maize (corn)","Import value","1000 USD",2023,846
"DJI","Djibouti","Türkiye","Meat, fish, fruits, vegetables, oils and fats","Meat, fish, fruits, vegetables, oils and fats","Import value","1000 USD",2021,114134
"DJI","Djibouti","Türkiye","Meat, fish, fruits, vegetables, oils and fats","Meat, fish, fruits, vegetables, oils and fats","Import value","1000 USD",2022,182640
"DJI","Djibouti","Türkiye","Meat, fish, fruits, vegetables, oils and fats","Meat, fish, fruits, vegetables, oils and fats","Import value","1000 USD",2023,198507
"DJI","Djibouti","Türkiye","Other animal products","Natural honey","Import value","1000 USD",2023,18
"DJI","Djibouti","Türkiye","Stimulant, spice and aromatic crops","Other stimulant, spice and aromatic crops, n.e.c.","Import value","1000 USD",2021,160
"DJI","Djibouti","Türkiye","Oilseeds and oleaginous fruits","Sesame seed","Export value","1000 USD",2023,45
"DJI","Djibouti","Türkiye","Vegetables","Tomatoes","Import value","1000 USD",2023,247
"DJI","Djibouti","Türkiye","Forage products; fibre crops; plants used in perfumery, pharmacy, or for insecticidal, fungicidal or similar purposes; beet, forage plant and flower seeds; natural rubber; living plants, cut flowers and flower buds; unmanufactured tobacco; other raw vegetable materials","Vegetable products, fresh or dry n.e.c.","Import value","1000 USD",2023,256
"DJI","Djibouti","Ukraine","Live animals","Chickens","Import value","1000 USD",2023,101
"DJI","Djibouti","Ukraine","Stimulant, spice and aromatic crops","Chillies and peppers, dry (Capsicum spp., Pimenta spp.), raw","Import value","1000 USD",2021,61
"DJI","Djibouti","Ukraine","Pulses (dried leguminous vegetables)","Other pulses n.e.c.","Import value","1000 USD",2022,287
"DJI","Djibouti","Ukraine","Pulses (dried leguminous vegetables)","Peas, dry","Import value","1000 USD",2022,602
"DJI","Djibouti","Ukraine","Cereals","Sorghum","Import value","1000 USD",2021,3030
"DJI","Djibouti","Ukraine","Cereals","Wheat","Import value","1000 USD",2021,10100
"DJI","Djibouti","Ukraine","Cereals","Wheat","Import value","1000 USD",2023,17851
"DJI","Djibouti","Egypt","Fruits and nuts","Apples","Import value","1000 USD",2021,175
"DJI","Djibouti","Egypt","Fruits and nuts","Apples","Import value","1000 USD",2022,421
"DJI","Djibouti","Egypt","Fruits and nuts","Apples","Import value","1000 USD",2023,287
"DJI","Djibouti","Egypt","Live animals","Bees","Export value","1000 USD",2021,7
"DJI","Djibouti","Egypt","Forage products; fibre crops; plants used in perfumery, pharmacy, or for insecticidal, fungicidal or similar purposes; beet, forage plant and flower seeds; natural rubber; living plants, cut flowers and flower buds; unmanufactured tobacco; other raw vegetable materials","Cereal straw, husks, unprepared, ground, pressed, or in the form of pellets","Export value","1000 USD",2021,2
"DJI","Djibouti","Egypt","Forage products; fibre crops; plants used in perfumery, pharmacy, or for insecticidal, fungicidal or similar purposes; beet, forage plant and flower seeds; natural rubber; living plants, cut flowers and flower buds; unmanufactured tobacco; other raw vegetable materials","Cereal straw, husks, unprepared, ground, pressed, or in the form of pellets","Export value","1000 USD",2022,2
"DJI","Djibouti","Egypt","Forage products; fibre crops; plants used in perfumery, pharmacy, or for insecticidal, fungicidal or similar purposes; beet, forage plant and flower seeds; natural rubber; living plants, cut flowers and flower buds; unmanufactured tobacco; other raw vegetable materials","Cereal straw, husks, unprepared, ground, pressed, or in the form of pellets","Import value","1000 USD",2023,420
"DJI","Djibouti","Egypt","Fruits and nuts","Grapes","Import value","1000 USD",2021,16
"DJI","Djibouti","Egypt","Eggs of hens or other birds in shell, fresh","Hen eggs in shell, fresh","Import value","1000 USD",2021,995
"DJI","Djibouti","Egypt","Eggs of hens or other birds in shell, fresh","Hen eggs in shell, fresh","Import value","1000 USD",2022,1483
"DJI","Djibouti","Egypt","Eggs of hens or other birds in shell, fresh","Hen eggs in shell, fresh","Import value","1000 USD",2023,1450
"DJI","Djibouti","Egypt","Meat, fish, fruits, vegetables, oils and fats","Meat, fish, fruits, vegetables, oils and fats","Import value","1000 USD",2021,35313
"DJI","Djibouti","Egypt","Meat, fish, fruits, vegetables, oils and fats","Meat, fish, fruits, vegetables, oils and fats","Import value","1000 USD",2022,59447
"DJI","Djibouti","Egypt","Meat, fish, fruits, vegetables, oils and fats","Meat, fish, fruits, vegetables, oils and fats","Import value","1000 USD",2023,64996
"DJI","Djibouti","Egypt","Vegetables","Onions and shallots, dry (excluding dehydrated)","Import value","1000 USD",2022,668
"DJI","Djibouti","Egypt","Fruits and nuts","Oranges","Import value","1000 USD",2021,1372
"DJI","Djibouti","Egypt","Fruits and nuts","Oranges","Import value","1000 USD",2022,2011
"DJI","Djibouti","Egypt","Fruits and nuts","Oranges","Import value","1000 USD",2023,1850
"DJI","Djibouti","Egypt","Forage products; fibre crops; plants used in perfumery, pharmacy, or for insecticidal, fungicidal or similar purposes; beet, forage plant and flower seeds; natural rubber; living plants, cut flowers and flower buds; unmanufactured tobacco; other raw vegetable materials","Other forage products, n.e.c.","Import value","1000 USD",2021,173
"DJI","Djibouti","Egypt","Forage products; fibre crops; plants used in perfumery, pharmacy, or for insecticidal, fungicidal or similar purposes; beet, forage plant and flower seeds; natural rubber; living plants, cut flowers and flower buds; unmanufactured tobacco; other raw vegetable materials","Other forage products, n.e.c.","Import value","1000 USD",2022,149
"DJI","Djibouti","Egypt","Forage products; fibre crops; plants used in perfumery, pharmacy, or for insecticidal, fungicidal or similar purposes; beet, forage plant and flower seeds; natural rubber; living plants, cut flowers and flower buds; unmanufactured tobacco; other raw vegetable materials","Other forage products, n.e.c.","Import value","1000 USD",2023,271
"DJI","Djibouti","Egypt","Edible roots and tubers with high starch or inulin content","Potatoes","Import value","1000 USD",2021,11
"DJI","Djibouti","Egypt","Edible roots and tubers with high starch or inulin content","Potatoes","Import value","1000 USD",2023,10
"DJI","Djibouti","Egypt","Fruits and nuts","Tangerines, mandarins, clementines","Import value","1000 USD",2021,60
"DJI","Djibouti","Egypt","Fruits and nuts","Tangerines, mandarins, clementines","Import value","1000 USD",2022,56
"DJI","Djibouti","Egypt","Stimulant, spice and aromatic crops","Tea leaves","Import value","1000 USD",2021,147
"DJI","Djibouti","Egypt","Stimulant, spice and aromatic crops","Tea leaves","Import value","1000 USD",2022,204
"DJI","Djibouti","United Kingdom of Great Britain and Northern Ireland","Beverages","Beverages","Import value","1000 USD",2021,4619
"DJI","Djibouti","United Kingdom of Great Britain and Northern Ireland","Beverages","Beverages","Import value","1000 USD",2022,10048
"DJI","Djibouti","United Kingdom of Great Britain and Northern Ireland","Beverages","Beverages","Import value","1000 USD",2023,18860
"DJI","Djibouti","United States of America","Cereals","Barley","Import value","1000 USD",2023,470
"DJI","Djibouti","United States of America","Beverages","Beverages","Import value","1000 USD",2021,1314
"DJI","Djibouti","United States of America","Cereals","Buckwheat","Import value","1000 USD",2022,3
"DJI","Djibouti","United States of America","Cereals","Cereals n.e.c.","Export value","1000 USD",2021,30
"DJI","Djibouti","United States of America","Cereals","Cereals n.e.c.","Export value","1000 USD",2022,26
"DJI","Djibouti","United States of America","Cereals","Cereals n.e.c.","Import value","1000 USD",2021,129
"DJI","Djibouti","United States of America","Cereals","Cereals n.e.c.","Import value","1000 USD",2022,38
"DJI","Djibouti","United States of America","Cereals","Cereals n.e.c.","Import value","1000 USD",2023,142
"DJI","Djibouti","United States of America","Stimulant, spice and aromatic crops","Chillies and peppers, dry (Capsicum spp., Pimenta spp.), raw","Import value","1000 USD",2022,2
"DJI","Djibouti","United States of America","Stimulant, spice and aromatic crops","Chillies and peppers, dry (Capsicum spp., Pimenta spp.), raw","Import value","1000 USD",2023,7
"DJI","Djibouti","United States of America","Oilseeds and oleaginous fruits","Coconuts, in shell","Import value","1000 USD",2023,3
"DJI","Djibouti","United States of America","Stimulant, spice and aromatic crops","Coffee, green","Import value","1000 USD",2021,13
"DJI","Djibouti","United States of America","Stimulant, spice and aromatic crops","Coffee, green","Import value","1000 USD",2023,7
"DJI","Djibouti","United States of America","Dairy products and egg products","Dairy products and egg products","Export value","1000 USD",2022,563
"DJI","Djibouti","United States of America","Stimulant, spice and aromatic crops","Ginger, raw","Import value","1000 USD",2023,30
"DJI","Djibouti","United States of America","Eggs of hens or other birds in shell, fresh","Hen eggs in shell, fresh","Export value","1000 USD",2021,60
"DJI","Djibouti","United States of America","Eggs of hens or other birds in shell, fresh","Hen eggs in shell, fresh","Export value","1000 USD",2023,34
"DJI","Djibouti","United States of America","Eggs of hens or other birds in shell, fresh","Hen eggs in shell, fresh","Import value","1000 USD",2021,210
"DJI","Djibouti","United States of America","Eggs of hens or other birds in shell, fresh","Hen eggs in shell, fresh","Import value","1000 USD",2022,219
"DJI","Djibouti","United States of America","Eggs of hens or other birds in shell, fresh","Hen eggs in shell, fresh","Import value","1000 USD",2023,299
"DJI","Djibouti","United States of America","Pulses (dried leguminous vegetables)","Lentils, dry","Import value","1000 USD",2021,5013
"DJI","Djibouti","United States of America","Pulses (dried leguminous vegetables)","Lentils, dry","Import value","1000 USD",2022,11380
"DJI","Djibouti","United States of America","Cereals","Maize (corn)","Import value","1000 USD",2021,14792
"DJI","Djibouti","United States of America","Cereals","Maize (corn)","Import value","1000 USD",2023,2119
"DJI","Djibouti","United States of America","Cereals","Millet","Import value","1000 USD",2021,12
"DJI","Djibouti","United States of America","Cereals","Millet","Import value","1000 USD",2022,9
"DJI","Djibouti","United States of America","Cereals","Millet","Import value","1000 USD",2023,3
"DJI","Djibouti","United States of America","Other animal products","Natural honey","Export value","1000 USD",2022,9
"DJI","Djibouti","United States of America","Other animal products","Natural honey","Import value","1000 USD",2022,17
"DJI","Djibouti","United States of America","Other animal products","Natural honey","Import value","1000 USD",2023,40
"DJI","Djibouti","United States of America","Stimulant, spice and aromatic crops","Nutmeg, mace, cardamoms, raw","Import value","1000 USD",2023,25
"DJI","Djibouti","United States of America","Vegetables","Onions and shallots, dry (excluding dehydrated)","Export value","1000 USD",2022,5
"DJI","Djibouti","United States of America","Vegetables","Other beans, green","Import value","1000 USD",2022,2
"DJI","Djibouti","United States of America","Live animals","Other live animals, n.e.c.","Export value","1000 USD",2022,26
"DJI","Djibouti","United States of America","Live animals","Other live animals, n.e.c.","Import value","1000 USD",2022,36
"DJI","Djibouti","United States of America","Pulses (dried leguminous vegetables)","Other pulses n.e.c.","Import value","1000 USD",2022,994
"DJI","Djibouti","United States of America","Pulses (dried leguminous vegetables)","Other pulses n.e.c.","Import value","1000 USD",2023,7096
"DJI","Djibouti","United States of America","Pulses (dried leguminous vegetables)","Peas, dry","Import value","1000 USD",2021,6015
"DJI","Djibouti","United States of America","Pulses (dried leguminous vegetables)","Peas, dry","Import value","1000 USD",2022,666
"DJI","Djibouti","United States of America","Pulses (dried leguminous vegetables)","Peas, dry","Import value","1000 USD",2023,384
"DJI","Djibouti","United States of America","Stimulant, spice and aromatic crops","Pepper (Piper spp.), raw","Import value","1000 USD",2023,16
"DJI","Djibouti","United States of America","Edible roots and tubers with high starch or inulin content","Potatoes","Import value","1000 USD",2021,5
"DJI","Djibouti","United States of America","Edible roots and tubers with high starch or inulin content","Potatoes","Import value","1000 USD",2022,1
"DJI","Djibouti","United States of America","Raw milk","Raw milk of cattle","Export value","1000 USD",2021,2078
"DJI","Djibouti","United States of America","Raw milk","Raw milk of cattle","Import value","1000 USD",2021,23
"DJI","Djibouti","United States of America","Raw milk","Raw milk of cattle","Import value","1000 USD",2023,14
"DJI","Djibouti","United States of America","Cereals","Rice","Import value","1000 USD",2023,42
"DJI","Djibouti","United States of America","Other animal products","Skins, dry-salted of sheep","Import value","1000 USD",2021,35
"DJI","Djibouti","United States of America","Cereals","Sorghum","Import value","1000 USD",2021,478
"DJI","Djibouti","United States of America","Cereals","Sorghum","Import value","1000 USD",2022,3915
"DJI","Djibouti","United States of America","Cereals","Sorghum","Import value","1000 USD",2023,5672
"DJI","Djibouti","United States of America","Cereals","Wheat","Import value","1000 USD",2021,7934
"DJI","Djibouti","Yemen","Pulses (dried leguminous vegetables)","Beans, dry","Export value","1000 USD",2021,93
"DJI","Djibouti","Yemen","Forage products; fibre crops; plants used in perfumery, pharmacy, or for insecticidal, fungicidal or similar purposes; beet, forage plant and flower seeds; natural rubber; living plants, cut flowers and flower buds; unmanufactured tobacco; other raw vegetable materials","Cereal straw, husks, unprepared, ground, pressed, or in the form of pellets","Import value","1000 USD",2021,423
"DJI","Djibouti","Yemen","Forage products; fibre crops; plants used in perfumery, pharmacy, or for insecticidal, fungicidal or similar purposes; beet, forage plant and flower seeds; natural rubber; living plants, cut flowers and flower buds; unmanufactured tobacco; other raw vegetable materials","Cereal straw, husks, unprepared, ground, pressed, or in the form of pellets","Import value","1000 USD",2022,1008
"DJI","Djibouti","Yemen","Forage products; fibre crops; plants used in perfumery, pharmacy, or for insecticidal, fungicidal or similar purposes; beet, forage plant and flower seeds; natural rubber; living plants, cut flowers and flower buds; unmanufactured tobacco; other raw vegetable materials","Cereal straw, husks, unprepared, ground, pressed, or in the form of pellets","Import value","1000 USD",2023,521
"DJI","Djibouti","Yemen","Stimulant, spice and aromatic crops","Chillies and peppers, dry (Capsicum spp., Pimenta spp.), raw","Import value","1000 USD",2023,7
"DJI","Djibouti","Yemen","Other animal products","Natural honey","Import value","1000 USD",2021,21
"DJI","Djibouti","Yemen","Other animal products","Natural honey","Import value","1000 USD",2022,29
"DJI","Djibouti","Yemen","Other animal products","Natural honey","Import value","1000 USD",2023,9
"DJI","Djibouti","Yemen","Vegetables","Onions and shallots, dry (excluding dehydrated)","Import value","1000 USD",2022,432
"DJI","Djibouti","Yemen","Vegetables","Onions and shallots, dry (excluding dehydrated)","Import value","1000 USD",2023,604
"DJI","Djibouti","Yemen","Fruits and nuts","Other citrus fruit, n.e.c.","Import value","1000 USD",2021,28
"DJI","Djibouti","Yemen","Fruits and nuts","Other fruits, n.e.c.","Import value","1000 USD",2023,27
"DJI","Djibouti","Yemen","Pulses (dried leguminous vegetables)","Peas, dry","Import value","1000 USD",2021,2984
"DJI","Djibouti","Yemen","Pulses (dried leguminous vegetables)","Peas, dry","Import value","1000 USD",2022,3555
"DJI","Djibouti","Yemen","Oilseeds and oleaginous fruits","Poppy seed","Export value","1000 USD",2023,59
"DJI","Djibouti","Yemen","Fruits and nuts","Tangerines, mandarins, clementines","Import value","1000 USD",2022,18
"DJI","Djibouti","Yemen","Fruits and nuts","Tangerines, mandarins, clementines","Import value","1000 USD",2023,20
"DJI","Djibouti","Yemen","Vegetables","Watermelons","Import value","1000 USD",2022,24
