"de_recipientcode","donor_name","flow_name","sector_group","year","usd_disbursement","usd_disbursement_defl"
"MNG","Adaptation Fund","ODA Grants","Other Multisector",2018,0.985661,1.078214
"MNG","Adaptation Fund","ODA Grants","Other Multisector",2020,1.978915,2.135877
"MNG","Adaptation Fund","ODA Grants","Other Multisector",2021,1.216793,1.237897
"MNG","Adaptation Fund","ODA Grants","Other Multisector",2022,0.313866,0.328953
"MNG","Adaptation Fund","ODA Grants","Other Multisector",2023,1.674,1.674
"MNG","Adaptation Fund","ODA Grants","Water Supply & Sanitation",2011,2.529744,2.606253
"MNG","Adaptation Fund","ODA Grants","Water Supply & Sanitation",2015,0.863922,0.995186
"MNG","Adaptation Fund","ODA Grants","Water Supply & Sanitation",2016,0.512363,0.59627
"MNG","Asian Development Bank","ODA Grants","Energy",2017,0.17583,0.200405
"MNG","Asian Development Bank","ODA Grants","Government & Civil Society",2017,0.004844,0.005521
"MNG","Asian Development Bank","ODA Loans","Other Multisector",2018,0,0
"MNG","Asian Development Bank","ODA Loans","Transport & Storage",2017,2.502947,2.852777
"MNG","Asian Development Bank","ODA Loans","Transport & Storage",2018,0.34847,0.381191
"MNG","Asian Development Bank","Other Official Flows (non Export Credit)","Energy",2018,46.2,50.538161
"MNG","Asian Development Bank","Other Official Flows (non Export Credit)","Government & Civil Society",2018,15.4,16.846054
"MNG","Asian Development Bank","Other Official Flows (non Export Credit)","Health",2018,7.6,8.313637
"MNG","Asian Development Bank","Other Official Flows (non Export Credit)","Other Multisector",2018,23.1,25.269081
"MNG","Asian Development Bank","Other Official Flows (non Export Credit)","Other Social Infrastructure & Services",2018,0,0
"MNG","Asian Development Bank","Other Official Flows (non Export Credit)","Transport & Storage",2017,0.045547,0.051912
"MNG","Asian Development Bank","Other Official Flows (non Export Credit)","Transport & Storage",2018,7.74687,8.474298
"MNG","Australia","ODA Grants","Agriculture, Forestry, Fishing",2020,0.087095,0.099625
"MNG","Australia","ODA Grants","Banking & Financial Services",2012,0.354627,0.304244
"MNG","Australia","ODA Grants","Disaster Prevention & Preparedness",2012,0.172533,0.148021
"MNG","Australia","ODA Grants","Disaster Prevention & Preparedness",2019,0.027917,0.032005
"MNG","Australia","ODA Grants","Disaster Prevention & Preparedness",2020,0.121977,0.139527
"MNG","Australia","ODA Grants","Disaster Prevention & Preparedness",2023,0.267058,0.267058
"MNG","Australia","ODA Grants","Education",2019,0.112207,0.12864
"MNG","Australia","ODA Grants","Education",2020,0.117001,0.133834
"MNG","Australia","ODA Grants","Education",2021,0.133443,0.13231300000000001
"MNG","Australia","ODA Grants","Education",2022,0.212005,0.21033200000000002
"MNG","Australia","ODA Grants","Education",2023,0.137602,0.137602
"MNG","Australia","ODA Grants","Emergency Response",2021,0.043202,0.042836
"MNG","Australia","ODA Grants","General Environment Protection",2012,0.973156,0.834897
"MNG","Australia","ODA Grants","General Environment Protection",2013,0.140687,0.127834
"MNG","Australia","ODA Grants","General Environment Protection",2020,0.10988600000000001,0.125696
"MNG","Australia","ODA Grants","Government & Civil Society",2012,0.301824,0.25894300000000003
"MNG","Australia","ODA Grants","Government & Civil Society",2013,0.328858,0.298815
"MNG","Australia","ODA Grants","Government & Civil Society",2019,0.112747,0.129258
"MNG","Australia","ODA Grants","Government & Civil Society",2020,0.051386,0.058778000000000004
"MNG","Australia","ODA Grants","Government & Civil Society",2021,0.100083,0.09923400000000002
"MNG","Australia","ODA Grants","Government & Civil Society",2022,0.147376,0.146213
"MNG","Australia","ODA Grants","Government & Civil Society",2023,0.165214,0.165214
"MNG","Australia","ODA Grants","Health",2019,0.067432,0.077307
"MNG","Australia","ODA Grants","Health",2020,0.058894999999999996,0.067369
"MNG","Australia","ODA Grants","Health",2022,0.046514,0.046147
"MNG","Australia","ODA Grants","Health",2023,0.110077,0.110077
"MNG","Australia","ODA Grants","Industry, Mining, Construction",2013,0.276592,0.251324
"MNG","Australia","ODA Grants","Industry, Mining, Construction",2014,0.155275,0.150592
"MNG","Australia","ODA Grants","Industry, Mining, Construction",2015,0.143647,0.168337
"MNG","Australia","ODA Grants","Other Multisector",2014,0.049622,0.048126
"MNG","Australia","ODA Grants","Other Multisector",2019,1.726389,1.9792130000000001
"MNG","Australia","ODA Grants","Other Multisector",2020,2.0584540000000002,2.3546169999999997
"MNG","Australia","ODA Grants","Other Multisector",2021,1.505417,1.492679
"MNG","Australia","ODA Grants","Other Multisector",2022,1.135348,1.126395
"MNG","Australia","ODA Grants","Other Multisector",2023,2.4073499999999997,2.4073499999999997
"MNG","Australia","ODA Grants","Other Social Infrastructure & Services",2019,0.17964000000000002,0.205947
"MNG","Australia","ODA Grants","Other Social Infrastructure & Services",2020,0.04348,0.049734999999999994
"MNG","Australia","ODA Grants","Other Social Infrastructure & Services",2021,0.066722,0.066156
"MNG","Australia","ODA Grants","Other Social Infrastructure & Services",2022,0.083725,0.083064
"MNG","Australia","ODA Grants","Other Social Infrastructure & Services",2023,0.137588,0.137588
"MNG","Australia","ODA Grants","Population Policies/Programmes",2019,0.067432,0.077307
"MNG","Australia","ODA Grants","Trade Policies & Regulations",2020,0.014626,0.016729
"MNG","Australia","ODA Grants","Unallocated / Unspecified",2023,2.1e-5,2.1e-5
"MNG","Australia","ODA Grants","Water Supply & Sanitation",2018,0.001473,0.001624
"MNG","Australia","ODA Grants","Water Supply & Sanitation",2023,1.7e-5,1.7e-5
"MNG","Austria","ODA Grants","Energy",2019,0,0
"MNG","Austria","ODA Grants","Energy",2020,1.168092,1.261644
"MNG","Austria","ODA Grants","Energy",2021,0.02292,0.023412
"MNG","Austria","ODA Grants","Industry, Mining, Construction",2006,0.016819,0.021165
"MNG","Austria","ODA Grants","Industry, Mining, Construction",2007,0.009719,0.010968
"MNG","Austria","ODA Grants","Industry, Mining, Construction",2008,0.020482,0.021531
"MNG","Austria","ODA Grants","Water Supply & Sanitation",2014,0.112561,0.116292
"MNG","Austria","ODA Grants","Water Supply & Sanitation",2015,0.094107,0.113736
"MNG","Austria","ODA Grants","Water Supply & Sanitation",2016,0.093815,0.111722
"MNG","Austria","ODA Grants","Water Supply & Sanitation",2017,0.068279,0.078989
"MNG","Austria","Other Official Flows (non Export Credit)","Energy",2019,0,0
"MNG","Austria","Other Official Flows (non Export Credit)","Energy",2020,0,0
"MNG","Austria","Other Official Flows (non Export Credit)","Energy",2021,0,0
"MNG","Austria","Other Official Flows (non Export Credit)","Energy",2022,0,0
"MNG","Austria","Private Sector Instruments (PSI)","Energy",2023,0,0
"MNG","Belgium","Other Official Flows (non Export Credit)","Energy",2019,0,0
"MNG","Belgium","Other Official Flows (non Export Credit)","Energy",2020,0,0
"MNG","Belgium","Other Official Flows (non Export Credit)","Energy",2022,0,0
"MNG","Belgium","Other Official Flows (non Export Credit)","Energy",2023,0,0
"MNG","Canada","ODA Grants","Emergency Response",2003,0.142847,0.23809
"MNG","Canada","ODA Grants","General Environment Protection",2020,0.014912,0.017444
"MNG","Canada","ODA Grants","Industry, Mining, Construction",2015,0.00532,0.006392
"MNG","Climate Investment Funds","ODA Grants","Energy",2016,0,0
"MNG","Climate Investment Funds","ODA Grants","Energy",2017,0.524875,0.598235
"MNG","Climate Investment Funds","ODA Grants","Energy",2018,0.971588,1.0628199999999999
"MNG","Czechia","ODA Grants","Agriculture, Forestry, Fishing",2012,0.409771,0.534807
"MNG","Czechia","ODA Grants","Agriculture, Forestry, Fishing",2013,0.071272,0.091947
"MNG","Czechia","ODA Grants","Agriculture, Forestry, Fishing",2015,0.462242,0.721145
"MNG","Czechia","ODA Grants","Agriculture, Forestry, Fishing",2016,0.249102,0.38055
"MNG","Czechia","ODA Grants","Agriculture, Forestry, Fishing",2017,0.304634,0.437952
"MNG","Czechia","ODA Grants","Agriculture, Forestry, Fishing",2018,0.175877,0.228519
"MNG","Czechia","ODA Grants","Agriculture, Forestry, Fishing",2019,0.015711,0.020746
"MNG","Czechia","ODA Grants","Agriculture, Forestry, Fishing",2020,0.007869,0.010064
"MNG","Czechia","ODA Grants","Agriculture, Forestry, Fishing",2021,0.011952,0.013724
"MNG","Czechia","ODA Grants","Business & Other Services",2017,0.004485,0.006447
"MNG","Czechia","ODA Grants","Disaster Prevention & Preparedness",2018,0.030373,0.039464
"MNG","Czechia","ODA Grants","Education",2012,0.102348,0.133579
"MNG","Czechia","ODA Grants","Education",2013,0.102002,0.13159
"MNG","Czechia","ODA Grants","Education",2016,0.037237,0.056887
"MNG","Czechia","ODA Grants","Education",2017,0.042762,0.061475
"MNG","Czechia","ODA Grants","Education",2019,0.061929,0.081774
"MNG","Czechia","ODA Grants","Emergency Response",2017,0.085523,0.122951
"MNG","Czechia","ODA Grants","Energy",2013,0.010078,0.013001
"MNG","Czechia","ODA Grants","Energy",2014,0.539103,0.718689
"MNG","Czechia","ODA Grants","Energy",2015,0.331066,0.516497
"MNG","Czechia","ODA Grants","Energy",2016,0.463304,0.707782
"MNG","Czechia","ODA Grants","Energy",2017,0.08106000000000001,0.116534
"MNG","Czechia","ODA Grants","Energy",2018,0.007676,0.009973
"MNG","Czechia","ODA Grants","Energy",2022,0.038539,0.043852
"MNG","Czechia","ODA Grants","General Environment Protection",2013,0.19007400000000002,0.24520999999999998
"MNG","Czechia","ODA Grants","General Environment Protection",2014,0.011074,0.014763
"MNG","Czechia","ODA Grants","General Environment Protection",2019,0.020355,0.026877
"MNG","Czechia","ODA Grants","Other Social Infrastructure & Services",2019,0.032707,0.043187
"MNG","Czechia","ODA Grants","Water Supply & Sanitation",2012,0.265582,0.34662
"MNG","Czechia","ODA Grants","Water Supply & Sanitation",2013,0.227998,0.294134
"MNG","Czechia","ODA Grants","Water Supply & Sanitation",2014,0.4122,0.549512
"MNG","Czechia","ODA Grants","Water Supply & Sanitation",2015,0.090143,0.140632
"MNG","Czechia","ODA Grants","Water Supply & Sanitation",2016,0.068581,0.10477
"MNG","Czechia","ODA Grants","Water Supply & Sanitation",2019,0.010396,0.013728
"MNG","Czechia","ODA Grants","Water Supply & Sanitation",2023,0.021405,0.021405
"MNG","Denmark","Equity Investment","Energy",2017,0.213984,0.230972
"MNG","Denmark","ODA Grants","Energy",2001,0.064297000000000007,0.115633
"MNG","Denmark","ODA Grants","Energy",2003,0.77943,1.066128
"MNG","Denmark","ODA Grants","Energy",2004,0.220122,0.268525
"MNG","Denmark","ODA Grants","Energy",2011,0.12555,0.117032
"MNG","Denmark","ODA Grants","Energy",2013,0,0
"MNG","Denmark","Other Official Flows (non Export Credit)","Energy",2018,4.956377,5.086065
"MNG","Denmark","Other Official Flows (non Export Credit)","Energy",2019,0.309285,0.332101
"MNG","Denmark","Other Official Flows (non Export Credit)","Energy",2020,0.09593,0.098264
"MNG","Denmark","Other Official Flows (non Export Credit)","Energy",2021,0.082099,0.078655
"MNG","Denmark","Other Official Flows (non Export Credit)","Energy",2022,0.079501,0.078557
"MNG","Denmark","Private Sector Instruments (PSI)","Energy",2023,0.039975,0.039975
"MNG","EU Institutions","ODA Grants","Agriculture, Forestry, Fishing",2010,0.9277099999999999,0.980453
"MNG","EU Institutions","ODA Grants","Agriculture, Forestry, Fishing",2011,0.7708569999999999,0.767471
"MNG","EU Institutions","ODA Grants","Agriculture, Forestry, Fishing",2012,0.817642,0.869581
"MNG","EU Institutions","ODA Grants","Agriculture, Forestry, Fishing",2013,0.403877,0.410768
"MNG","EU Institutions","ODA Grants","Agriculture, Forestry, Fishing",2014,0.21726800000000002,0.219026
"MNG","EU Institutions","ODA Grants","Agriculture, Forestry, Fishing",2015,0.10843,0.128951
"MNG","EU Institutions","ODA Grants","Agriculture, Forestry, Fishing",2016,0.09742400000000001,0.115189
"MNG","EU Institutions","ODA Grants","Agriculture, Forestry, Fishing",2017,0.012456,0.014288
"MNG","EU Institutions","ODA Grants","Agriculture, Forestry, Fishing",2021,1.562465,1.590391
"MNG","EU Institutions","ODA Grants","Agriculture, Forestry, Fishing",2022,1.6593749999999998,1.8071570000000001
"MNG","EU Institutions","ODA Grants","Agriculture, Forestry, Fishing",2023,1.352595,1.352595
"MNG","EU Institutions","ODA Grants","Business & Other Services",2018,0.028526,0.030784
"MNG","EU Institutions","ODA Grants","Education",2010,0.018257,0.019296
"MNG","EU Institutions","ODA Grants","Education",2011,0.008744,0.008706
"MNG","EU Institutions","ODA Grants","Education",2023,0,0
"MNG","EU Institutions","ODA Grants","Energy",2021,6.481917999999999,6.597772
"MNG","EU Institutions","ODA Grants","Energy",2023,3.966761,3.966761
"MNG","EU Institutions","ODA Grants","General Environment Protection",2016,0.363486,0.429768
"MNG","EU Institutions","ODA Grants","General Environment Protection",2018,0.194925,0.210354
"MNG","EU Institutions","ODA Grants","General Environment Protection",2019,0.548875,0.614181
"MNG","EU Institutions","ODA Grants","General Environment Protection",2021,0.054352,0.055323
"MNG","EU Institutions","ODA Grants","General Environment Protection",2022,0.51486,0.560712
"MNG","EU Institutions","ODA Grants","General Environment Protection",2023,0.281801,0.281801
"MNG","EU Institutions","ODA Grants","Industry, Mining, Construction",2008,0.31908,0.315088
"MNG","EU Institutions","ODA Grants","Industry, Mining, Construction",2010,0.241732,0.255475
"MNG","EU Institutions","ODA Grants","Industry, Mining, Construction",2011,0.253765,0.25265
"MNG","EU Institutions","ODA Grants","Industry, Mining, Construction",2012,0.45193,0.480638
"MNG","EU Institutions","ODA Grants","Industry, Mining, Construction",2013,0.6624129999999999,0.673717
"MNG","EU Institutions","ODA Grants","Industry, Mining, Construction",2014,0.359391,0.3623
"MNG","EU Institutions","ODA Grants","Industry, Mining, Construction",2015,0.158957,0.18904
"MNG","EU Institutions","ODA Grants","Industry, Mining, Construction",2017,0.028249,0.032403
"MNG","EU Institutions","ODA Grants","Industry, Mining, Construction",2021,0.351715,0.358001
"MNG","EU Institutions","ODA Grants","Industry, Mining, Construction",2022,0.532611,0.580045
"MNG","EU Institutions","ODA Grants","Industry, Mining, Construction",2023,0.8078069999999999,0.8078069999999999
"MNG","EU Institutions","ODA Grants","Other Multisector",2021,0.694773,0.707191
"MNG","EU Institutions","ODA Grants","Other Multisector",2022,0.420654,0.458117
"MNG","EU Institutions","ODA Grants","Water Supply & Sanitation",2018,1.458043,1.573455
"MNG","EU Institutions","ODA Grants","Water Supply & Sanitation",2020,0.84498,0.911568
"MNG","EU Institutions","ODA Grants","Water Supply & Sanitation",2021,3.0599570000000003,3.114649
"MNG","EU Institutions","ODA Grants","Water Supply & Sanitation",2022,1.78778,1.946997
"MNG","EU Institutions","ODA Grants","Water Supply & Sanitation",2023,0.958932,0.958932
"MNG","European Bank for Reconstruction and Development","Other Official Flows (non Export Credit)","Banking & Financial Services",2015,0,0
"MNG","European Bank for Reconstruction and Development","Other Official Flows (non Export Credit)","Banking & Financial Services",2016,5.235679,6.093093
"MNG","European Bank for Reconstruction and Development","Other Official Flows (non Export Credit)","Banking & Financial Services",2017,2.3508269999999998,2.679396
"MNG","European Bank for Reconstruction and Development","Other Official Flows (non Export Credit)","Banking & Financial Services",2018,2.576419,2.818344
"MNG","European Bank for Reconstruction and Development","Other Official Flows (non Export Credit)","Energy",2016,3.635655,4.231044
"MNG","European Bank for Reconstruction and Development","Other Official Flows (non Export Credit)","Energy",2017,27.524670999999998,31.371724
"MNG","European Bank for Reconstruction and Development","Other Official Flows (non Export Credit)","Energy",2018,20.316298,22.223991
"MNG","European Bank for Reconstruction and Development","Other Official Flows (non Export Credit)","Industry, Mining, Construction",2015,0,0
"MNG","European Bank for Reconstruction and Development","Other Official Flows (non Export Credit)","Industry, Mining, Construction",2016,78.535181,91.3964
"MNG","European Bank for Reconstruction and Development","Other Official Flows (non Export Credit)","Industry, Mining, Construction",2017,0,0
"MNG","European Bank for Reconstruction and Development","Other Official Flows (non Export Credit)","Industry, Mining, Construction",2018,0,0
"MNG","European Bank for Reconstruction and Development","Other Official Flows (non Export Credit)","Unallocated / Unspecified",2017,0,0
"MNG","European Bank for Reconstruction and Development","Other Official Flows (non Export Credit)","Unallocated / Unspecified",2018,0,0
"MNG","European Bank for Reconstruction and Development","Other Official Flows (non Export Credit)","Water Supply & Sanitation",2016,0.427146,0.497096
"MNG","European Bank for Reconstruction and Development","Other Official Flows (non Export Credit)","Water Supply & Sanitation",2017,0,0
"MNG","European Bank for Reconstruction and Development","Other Official Flows (non Export Credit)","Water Supply & Sanitation",2018,0,0
"MNG","Finland","ODA Grants","Agriculture, Forestry, Fishing",2013,0.173769,0.174164
"MNG","Finland","ODA Grants","Agriculture, Forestry, Fishing",2014,0.210534,0.207735
"MNG","Finland","ODA Grants","Agriculture, Forestry, Fishing",2015,0.077894,0.090453
"MNG","Finland","ODA Grants","Agriculture, Forestry, Fishing",2016,0.137208,0.159737
"MNG","Finland","ODA Grants","Disaster Prevention & Preparedness",2009,0.141673,0.147164
"MNG","Finland","Other Official Flows (non Export Credit)","Energy",2019,0,0
"MNG","Finland","Other Official Flows (non Export Credit)","Energy",2020,0,0
"MNG","Finland","Other Official Flows (non Export Credit)","Energy",2021,0,0
"MNG","Finland","Other Official Flows (non Export Credit)","Energy",2022,0,0
"MNG","Finland","Other Official Flows (non Export Credit)","Energy",2023,0,0
"MNG","Food and Agriculture Organisation","ODA Grants","Agriculture, Forestry, Fishing",2019,0.18656399999999998,0.2075
"MNG","Food and Agriculture Organisation","ODA Grants","Agriculture, Forestry, Fishing",2020,0.166323,0.17951699999999998
"MNG","Food and Agriculture Organisation","ODA Grants","Agriculture, Forestry, Fishing",2021,0.19686,0.200274
"MNG","Food and Agriculture Organisation","ODA Grants","Agriculture, Forestry, Fishing",2022,0.301876,0.316387
"MNG","Food and Agriculture Organisation","ODA Grants","Agriculture, Forestry, Fishing",2023,0.33107600000000004,0.33107600000000004
"MNG","Food and Agriculture Organisation","ODA Grants","Emergency Response",2020,0.075425,0.081408
"MNG","Food and Agriculture Organisation","ODA Grants","Emergency Response",2021,0.19332,0.196673
"MNG","Food and Agriculture Organisation","ODA Grants","Emergency Response",2022,0.031062,0.032555
"MNG","Food and Agriculture Organisation","ODA Grants","Other Social Infrastructure & Services",2023,0.090256,0.090256
"MNG","France","ODA Grants","Administrative Costs of Donors",2016,0.012164,0.013872
"MNG","France","ODA Grants","Agriculture, Forestry, Fishing",2017,0.007891,0.008778000000000001
"MNG","France","ODA Grants","Education",2023,0.001081,0.001081
"MNG","France","ODA Grants","Energy",2015,9.98e-4,0.001141
"MNG","France","ODA Grants","General Environment Protection",2017,0.001127,0.001254
"MNG","France","ODA Grants","General Environment Protection",2019,0.034434,0.037689
"MNG","France","ODA Grants","General Environment Protection",2022,0.003155,0.003417
"MNG","France","ODA Grants","Health",2018,0.010622,0.011161
"MNG","France","ODA Grants","Health",2021,0.011826,0.011754
"MNG","France","ODA Grants","Other Multisector",2016,0.009952,0.01135
"MNG","France","ODA Grants","Other Multisector",2017,0.083069,0.09239900000000001
"MNG","France","ODA Grants","Other Multisector",2018,0.024263,0.025494
"MNG","France","ODA Grants","Reconstruction Relief & Rehabilitation",2018,0.003541,0.0037200000000000002
"MNG","France","ODA Loans","General Environment Protection",2008,0,0
"MNG","France","ODA Loans","General Environment Protection",2009,0.419162,0.402972
"MNG","France","ODA Loans","General Environment Protection",2010,1.67947,1.679352
"MNG","France","ODA Loans","General Environment Protection",2011,0,0
"MNG","France","ODA Loans","General Environment Protection",2012,0,0
"MNG","France","ODA Loans","General Environment Protection",2013,0,0
"MNG","France","ODA Loans","General Environment Protection",2014,0,0
"MNG","France","ODA Loans","General Environment Protection",2015,0,0
"MNG","France","ODA Loans","General Environment Protection",2016,0,0
"MNG","France","ODA Loans","General Environment Protection",2017,0,0
"MNG","France","ODA Loans","General Environment Protection",2018,0.073174,0.076885
"MNG","France","ODA Loans","General Environment Protection",2019,0,0
"MNG","France","ODA Loans","General Environment Protection",2020,0,0
"MNG","France","ODA Loans","General Environment Protection",2021,0,0
"MNG","France","ODA Loans","General Environment Protection",2022,0,0
"MNG","France","ODA Loans","General Environment Protection",2023,0,0
"MNG","France","Other Official Flows (non Export Credit)","Banking & Financial Services",2021,13.273903,13.193641
"MNG","France","Other Official Flows (non Export Credit)","Banking & Financial Services",2022,12.781775,13.841038
"MNG","France","Private Sector Instruments (PSI)","Banking & Financial Services",2023,0,0
"MNG","Germany","ODA Grants","Agriculture, Forestry, Fishing",2003,0,0
"MNG","Germany","ODA Grants","Agriculture, Forestry, Fishing",2006,0.0821,0.101923
"MNG","Germany","ODA Grants","Agriculture, Forestry, Fishing",2008,0.193137,0.202952
"MNG","Germany","ODA Grants","Agriculture, Forestry, Fishing",2011,2.644053,2.772634
"MNG","Germany","ODA Grants","Agriculture, Forestry, Fishing",2012,0.472567,0.52846
"MNG","Germany","ODA Grants","Agriculture, Forestry, Fishing",2013,0.272686,0.28944800000000004
"MNG","Germany","ODA Grants","Agriculture, Forestry, Fishing",2014,1.455372,1.517071
"MNG","Germany","ODA Grants","Agriculture, Forestry, Fishing",2015,1.430827,1.75446
"MNG","Germany","ODA Grants","Agriculture, Forestry, Fishing",2016,1.271884,1.5448950000000001
"MNG","Germany","ODA Grants","Agriculture, Forestry, Fishing",2017,0.695373,0.816543
"MNG","Germany","ODA Grants","Agriculture, Forestry, Fishing",2018,0.008467,0.009323
"MNG","Germany","ODA Grants","Agriculture, Forestry, Fishing",2019,0.46678400000000003,0.5311760000000001
"MNG","Germany","ODA Grants","Agriculture, Forestry, Fishing",2020,0.286294,0.314491
"MNG","Germany","ODA Grants","Agriculture, Forestry, Fishing",2021,0.750477,0.7727839999999999
"MNG","Germany","ODA Grants","Agriculture, Forestry, Fishing",2022,0.5733280000000001,0.62572
"MNG","Germany","ODA Grants","Agriculture, Forestry, Fishing",2023,0.38361,0.38361
"MNG","Germany","ODA Grants","Business & Other Services",2011,0.096146,0.10082100000000001
"MNG","Germany","ODA Grants","Education",2011,0.051938,0.054463000000000004
"MNG","Germany","ODA Grants","Energy",1998,0,0
"MNG","Germany","ODA Grants","Energy",2000,0,0
"MNG","Germany","ODA Grants","Energy",2001,0.387784,0.708768
"MNG","Germany","ODA Grants","Energy",2002,0.504194,0.862798
"MNG","Germany","ODA Grants","Energy",2003,1.152774,1.623926
"MNG","Germany","ODA Grants","Energy",2004,0.997304,1.263136
"MNG","Germany","ODA Grants","Energy",2005,0.701566,0.883479
"MNG","Germany","ODA Grants","Energy",2006,0.08255,0.102482
"MNG","Germany","ODA Grants","Energy",2007,0.089648,0.1002
"MNG","Germany","ODA Grants","Energy",2008,0.381592,0.400984
"MNG","Germany","ODA Grants","Energy",2009,0.1637,0.17469
"MNG","Germany","ODA Grants","Energy",2010,0.637691,0.710611
"MNG","Germany","ODA Grants","Energy",2011,3.80487,3.9899009999999997
"MNG","Germany","ODA Grants","Energy",2012,2.284917,2.555164
"MNG","Germany","ODA Grants","Energy",2013,1.080477,1.146892
"MNG","Germany","ODA Grants","Energy",2014,0.9685349999999999,1.0095960000000002
"MNG","Germany","ODA Grants","Energy",2015,1.89674,2.325758
"MNG","Germany","ODA Grants","Energy",2016,1.395301,1.694805
"MNG","Germany","ODA Grants","Energy",2017,1.617315,1.899134
"MNG","Germany","ODA Grants","Energy",2018,2.545611,2.802835
"MNG","Germany","ODA Grants","Energy",2019,2.960222,3.3685709999999998
"MNG","Germany","ODA Grants","Energy",2020,1.342083,1.474259
"MNG","Germany","ODA Grants","Energy",2021,1.548231,1.594254
"MNG","Germany","ODA Grants","Energy",2022,0.8971880000000001,0.979173
"MNG","Germany","ODA Grants","Energy",2023,1.052691,1.052691
"MNG","Germany","ODA Grants","General Environment Protection",2000,0,0
"MNG","Germany","ODA Grants","General Environment Protection",2004,1.345086,1.70362
"MNG","Germany","ODA Grants","General Environment Protection",2006,0.21221,0.263448
"MNG","Germany","ODA Grants","General Environment Protection",2011,0.020046,0.021022
"MNG","Germany","ODA Grants","General Environment Protection",2012,1.068638,1.195031
"MNG","Germany","ODA Grants","General Environment Protection",2013,1.535347,1.629723
"MNG","Germany","ODA Grants","General Environment Protection",2014,1.977307,2.061133
"MNG","Germany","ODA Grants","General Environment Protection",2015,1.905919,2.337014
"MNG","Germany","ODA Grants","General Environment Protection",2016,2.35291,2.8579630000000003
"MNG","Germany","ODA Grants","General Environment Protection",2017,4.476641,5.2567
"MNG","Germany","ODA Grants","General Environment Protection",2018,3.681936,4.053979
"MNG","Germany","ODA Grants","General Environment Protection",2019,4.101902,4.6677409999999995
"MNG","Germany","ODA Grants","General Environment Protection",2020,3.7774,4.14942
"MNG","Germany","ODA Grants","General Environment Protection",2021,5.810791,5.9835199999999995
"MNG","Germany","ODA Grants","General Environment Protection",2022,5.0795829999999995,5.543758
"MNG","Germany","ODA Grants","General Environment Protection",2023,5.206448,5.206448
"MNG","Germany","ODA Grants","Government & Civil Society",2021,0,0
"MNG","Germany","ODA Grants","Government & Civil Society",2022,0.36326,0.396454
"MNG","Germany","ODA Grants","Government & Civil Society",2023,0,0
"MNG","Germany","ODA Grants","Industry, Mining, Construction",2002,0,0
"MNG","Germany","ODA Grants","Industry, Mining, Construction",2015,0.04315,0.05291
"MNG","Germany","ODA Grants","Industry, Mining, Construction",2016,0.049762,0.060444
"MNG","Germany","ODA Grants","Industry, Mining, Construction",2017,0.12939599999999998,0.151943
"MNG","Germany","ODA Grants","Industry, Mining, Construction",2018,0.186803,0.205679
"MNG","Germany","ODA Grants","Industry, Mining, Construction",2019,0.244976,0.278768
"MNG","Germany","ODA Grants","Industry, Mining, Construction",2020,0.12309200000000001,0.135215
"MNG","Germany","ODA Grants","Industry, Mining, Construction",2021,1.9740229999999999,2.032702
"MNG","Germany","ODA Grants","Industry, Mining, Construction",2022,2.1445879999999997,2.340561
"MNG","Germany","ODA Grants","Industry, Mining, Construction",2023,1.485932,1.485932
"MNG","Germany","ODA Grants","Other Multisector",2003,0.935634,1.31804
"MNG","Germany","ODA Grants","Other Multisector",2004,0.005665,0.007175
"MNG","Germany","ODA Grants","Other Multisector",2007,1.645141,1.83878
"MNG","Germany","ODA Grants","Other Multisector",2008,2.58877,2.720322
"MNG","Germany","ODA Grants","Other Multisector",2010,1.577835,1.75826
"MNG","Germany","ODA Grants","Other Multisector",2011,1.468172,1.539569
"MNG","Germany","ODA Grants","Other Multisector",2012,1.170921,1.309411
"MNG","Germany","ODA Grants","Other Multisector",2013,0.695944,0.738722
"MNG","Germany","ODA Grants","Other Multisector",2017,0.045091,0.052948
"MNG","Germany","ODA Grants","Other Multisector",2018,0.008046,0.008859
"MNG","Germany","ODA Grants","Other Multisector",2019,0.043895000000000003,0.04995
"MNG","Germany","ODA Grants","Other Multisector",2021,0.018908,0.019472
"MNG","Germany","ODA Grants","Other Multisector",2023,0.045474,0.045474
"MNG","Germany","ODA Grants","Other Social Infrastructure & Services",2020,0.049658,0.054549
"MNG","Germany","ODA Grants","Other Social Infrastructure & Services",2021,0.081829,0.084262
"MNG","Germany","ODA Grants","Other Social Infrastructure & Services",2022,0.12638,0.137929
"MNG","Germany","ODA Grants","Other Social Infrastructure & Services",2023,0.040928,0.040928
"MNG","Germany","ODA Grants","Tourism",2021,0.012606,0.012981
"MNG","Germany","ODA Grants","Trade Policies & Regulations",2002,0,0
"MNG","Germany","ODA Grants","Water Supply & Sanitation",2018,0.045812,0.050441
"MNG","Germany","ODA Loans","Energy",2008,0,0
"MNG","Germany","ODA Loans","Energy",2010,0.825381,0.919764
"MNG","Germany","ODA Loans","Energy",2011,3.427055,3.593713
"MNG","Germany","ODA Loans","Energy",2012,0.194833,0.217877
"MNG","Germany","ODA Loans","Energy",2013,8.202721,8.706930999999999
"MNG","Germany","ODA Loans","Energy",2014,5.117595,5.33455
"MNG","Germany","ODA Loans","Energy",2015,3.2127149999999998,3.939388
"MNG","Germany","ODA Loans","Energy",2016,2.264643,2.75075
"MNG","Germany","ODA Loans","Energy",2017,0.522915,0.614034
"MNG","Germany","ODA Loans","Energy",2018,7.136436000000001,7.857543
"MNG","Germany","ODA Loans","Energy",2019,2.465645,2.805769
"MNG","Germany","ODA Loans","Energy",2020,0.709174,0.779017
"MNG","Germany","ODA Loans","Energy",2021,1.105688,1.138555
"MNG","Germany","ODA Loans","Energy",2022,0,0
"MNG","Germany","ODA Loans","Energy",2023,0,0
"MNG","Germany","ODA Loans","Transport & Storage",2005,0,0
"MNG","Germany","ODA Loans","Transport & Storage",2008,0.218351,0.229446
"MNG","Germany","ODA Loans","Transport & Storage",2009,0.409123,0.436588
"MNG","Germany","ODA Loans","Transport & Storage",2010,0.145677,0.162336
"MNG","Germany","ODA Loans","Transport & Storage",2011,0.36811,0.386011
"MNG","Germany","ODA Loans","Transport & Storage",2012,0.077954,0.087174
"MNG","Germany","ODA Loans","Transport & Storage",2013,0.157543,0.167227
"MNG","Germany","ODA Loans","Transport & Storage",2015,0,0
"MNG","Germany","ODA Loans","Transport & Storage",2016,0,0
"MNG","Germany","ODA Loans","Transport & Storage",2017,0,0
"MNG","Germany","ODA Loans","Transport & Storage",2018,0,0
"MNG","Germany","ODA Loans","Transport & Storage",2019,0,0
"MNG","Germany","ODA Loans","Transport & Storage",2020,0,0
"MNG","Germany","ODA Loans","Transport & Storage",2021,0,0
"MNG","Germany","ODA Loans","Transport & Storage",2022,0,0
"MNG","Germany","ODA Loans","Transport & Storage",2023,0,0
"MNG","Global Environment Facility","ODA Grants","Agriculture, Forestry, Fishing",2017,0,0
"MNG","Global Environment Facility","ODA Grants","Agriculture, Forestry, Fishing",2020,0,0
"MNG","Global Environment Facility","ODA Grants","Agriculture, Forestry, Fishing",2021,0.2348,0.238872
"MNG","Global Environment Facility","ODA Grants","Agriculture, Forestry, Fishing",2022,0.665097,0.697068
"MNG","Global Environment Facility","ODA Grants","Agriculture, Forestry, Fishing",2023,0.555226,0.555226
"MNG","Global Environment Facility","ODA Grants","General Environment Protection",2012,0,0
"MNG","Global Environment Facility","ODA Grants","General Environment Protection",2014,0,0
"MNG","Global Environment Facility","ODA Grants","General Environment Protection",2016,0.540621,0.629155
"MNG","Global Environment Facility","ODA Grants","General Environment Protection",2017,0,0
"MNG","Global Environment Facility","ODA Grants","General Environment Protection",2019,0,0
"MNG","Global Environment Facility","ODA Grants","General Environment Protection",2020,0,0
"MNG","Global Environment Facility","ODA Grants","General Environment Protection",2021,0,0
"MNG","Global Environment Facility","ODA Grants","General Environment Protection",2022,0,0
"MNG","Global Environment Facility","ODA Grants","General Environment Protection",2023,0,0
"MNG","Global Environment Facility","ODA Grants","Industry, Mining, Construction",2014,0,0
"MNG","Global Environment Facility","ODA Grants","Industry, Mining, Construction",2023,0,0
"MNG","Global Environment Facility","ODA Grants","Other Multisector",2014,0,0
"MNG","Global Environment Facility","ODA Grants","Other Multisector",2017,0,0
"MNG","Global Environment Facility","ODA Grants","Transport & Storage",2017,0.1306,0.148854
"MNG","Global Green Growth Institute","ODA Grants","General Environment Protection",2016,0.936198,1.089513
"MNG","Global Green Growth Institute","ODA Grants","General Environment Protection",2017,0.9570890000000001,1.090859
"MNG","Global Green Growth Institute","ODA Grants","General Environment Protection",2018,0.93323,1.02086
"MNG","Green Climate Fund","ODA Grants","Energy",2016,0,0
"MNG","Green Climate Fund","ODA Grants","Energy",2018,0,0
"MNG","Green Climate Fund","ODA Grants","Other Social Infrastructure & Services",2018,0,0
"MNG","Green Climate Fund","Other Official Flows (non Export Credit)","Energy",2016,0,0
"MNG","Green Climate Fund","Other Official Flows (non Export Credit)","Energy",2017,0,0
"MNG","Green Climate Fund","Other Official Flows (non Export Credit)","Energy",2018,0,0
"MNG","Green Climate Fund","Other Official Flows (non Export Credit)","Other Social Infrastructure & Services",2018,0,0
"MNG","Hungary","ODA Grants","Agriculture, Forestry, Fishing",2020,0.048702,0.059065
"MNG","Hungary","ODA Grants","Industry, Mining, Construction",2020,0.208561,0.25294
"MNG","Hungary","ODA Grants","Water Supply & Sanitation",2019,0.001285,0.001565
"MNG","IFAD","ODA Loans","Agriculture, Forestry, Fishing",2016,0,0
"MNG","International Development Association","ODA Grants","Education",2006,0,0
"MNG","International Development Association","ODA Grants","Education",2007,0.004348,0.004843
"MNG","International Development Association","ODA Grants","Education",2009,0.009731,0.010734
"MNG","International Development Association","ODA Grants","Education",2010,0.02193,0.023943
"MNG","International Development Association","ODA Grants","Education",2011,4.14e-4,4.27e-4
"MNG","International Development Association","ODA Grants","Energy",2006,0,0
"MNG","International Development Association","ODA Grants","Energy",2007,0.391304,0.435863
"MNG","International Development Association","ODA Grants","Energy",2009,0.875778,0.966096
"MNG","International Development Association","ODA Grants","Energy",2010,1.97372,2.154843
"MNG","International Development Association","ODA Grants","Energy",2011,0.037175,0.0383
"MNG","International Development Association","ODA Grants","Health",2006,0,0
"MNG","International Development Association","ODA Grants","Health",2007,0.004348,0.004843
"MNG","International Development Association","ODA Grants","Health",2009,0.009731,0.010734
"MNG","International Development Association","ODA Grants","Health",2010,0.02193,0.023943
"MNG","International Development Association","ODA Grants","Health",2011,4.14e-4,4.27e-4
"MNG","Italy","ODA Grants","General Environment Protection",2023,0.003244,0.003244
"MNG","Japan","ODA Grants","Agriculture, Forestry, Fishing",2003,0,0
"MNG","Japan","ODA Grants","Agriculture, Forestry, Fishing",2004,0,0
"MNG","Japan","ODA Grants","Agriculture, Forestry, Fishing",2010,0.181767,0.121607
"MNG","Japan","ODA Grants","Agriculture, Forestry, Fishing",2013,0.081975,0.062687
"MNG","Japan","ODA Grants","Agriculture, Forestry, Fishing",2017,0.008566,0.007227
"MNG","Japan","ODA Grants","Agriculture, Forestry, Fishing",2019,0.028722,0.023406
"MNG","Japan","ODA Grants","Agriculture, Forestry, Fishing",2021,0.002535,0.002065
"MNG","Japan","ODA Grants","Agriculture, Forestry, Fishing",2022,1.051776,1.021525
"MNG","Japan","ODA Grants","Agriculture, Forestry, Fishing",2023,0.394098,0.394098
"MNG","Japan","ODA Grants","Education",2020,0.648323,0.512481
"MNG","Japan","ODA Grants","Education",2023,0,0
"MNG","Japan","ODA Grants","Energy",2001,0,0
"MNG","Japan","ODA Grants","Energy",2002,5.351438,4.672125
"MNG","Japan","ODA Grants","Energy",2003,0.172563,0.141745
"MNG","Japan","ODA Grants","Energy",2005,0.031826,0.02542
"MNG","Japan","ODA Grants","Energy",2007,0.003922,0.003405
"MNG","Japan","ODA Grants","Energy",2008,0.002899,0.002231
"MNG","Japan","ODA Grants","Energy",2009,0.005086,0.003553
"MNG","Japan","ODA Grants","Energy",2010,6.722835,4.497764
"MNG","Japan","ODA Grants","Energy",2016,0.084603,0.069176
"MNG","Japan","ODA Grants","Energy",2017,0.027393,0.023110000000000002
"MNG","Japan","ODA Grants","Energy",2019,0.058045,0.047303
"MNG","Japan","ODA Grants","Energy",2020,7.97e-4,6.3e-4
"MNG","Japan","ODA Grants","Energy",2021,0.010896,0.008872999999999999
"MNG","Japan","ODA Grants","Energy",2022,0.015215000000000001,0.014777
"MNG","Japan","ODA Grants","Energy",2023,15.646567000000001,15.646567000000001
"MNG","Japan","ODA Grants","General Environment Protection",2003,0,0
"MNG","Japan","ODA Grants","General Environment Protection",2004,0,0
"MNG","Japan","ODA Grants","General Environment Protection",2005,0.008483,0.006776
"MNG","Japan","ODA Grants","General Environment Protection",2006,0.014227,0.012118
"MNG","Japan","ODA Grants","General Environment Protection",2007,0.014389,0.012491
"MNG","Japan","ODA Grants","General Environment Protection",2008,0.588898,0.453314
"MNG","Japan","ODA Grants","General Environment Protection",2009,0.78363,0.547466
"MNG","Japan","ODA Grants","General Environment Protection",2010,1.13456,0.759052
"MNG","Japan","ODA Grants","General Environment Protection",2011,2.199499,1.35852
"MNG","Japan","ODA Grants","General Environment Protection",2012,1.552004,0.967193
"MNG","Japan","ODA Grants","General Environment Protection",2013,0.529085,0.40459599999999996
"MNG","Japan","ODA Grants","General Environment Protection",2014,1.234048,1.00655
"MNG","Japan","ODA Grants","General Environment Protection",2015,3.481182,3.178842
"MNG","Japan","ODA Grants","General Environment Protection",2016,1.226669,1.00299
"MNG","Japan","ODA Grants","General Environment Protection",2017,2.309947,1.948863
"MNG","Japan","ODA Grants","General Environment Protection",2018,0.656505,0.545266
"MNG","Japan","ODA Grants","General Environment Protection",2019,0.23008399999999998,0.187499
"MNG","Japan","ODA Grants","General Environment Protection",2020,1.643555,1.299182
"MNG","Japan","ODA Grants","General Environment Protection",2021,0.035061,0.02855
"MNG","Japan","ODA Grants","General Environment Protection",2022,0.568981,0.552616
"MNG","Japan","ODA Grants","General Environment Protection",2023,0.748851,0.748851
"MNG","Japan","ODA Grants","Government & Civil Society",2018,0.003577,0.002971
"MNG","Japan","ODA Grants","Government & Civil Society",2022,0.045563,0.044252
"MNG","Japan","ODA Grants","Health",2020,12.086674,9.554169
"MNG","Japan","ODA Grants","Health",2021,21.772379,17.729925
"MNG","Japan","ODA Grants","Health",2022,0.948844,0.921554
"MNG","Japan","ODA Grants","Industry, Mining, Construction",2017,0.016357,0.0138
"MNG","Japan","ODA Grants","Other Multisector",2019,1.2353470000000002,1.006705
"MNG","Japan","ODA Grants","Other Multisector",2020,1.092162,0.8633230000000001
"MNG","Japan","ODA Grants","Other Multisector",2021,2.76e-4,2.25e-4
"MNG","Japan","ODA Grants","Other Multisector",2022,1.663532,1.6156840000000001
"MNG","Japan","ODA Grants","Other Multisector",2023,0.126779,0.126779
"MNG","Japan","ODA Grants","Other Social Infrastructure & Services",2007,1.733353,1.504783
"MNG","Japan","ODA Grants","Other Social Infrastructure & Services",2021,0.026584,0.021647
"MNG","Japan","ODA Grants","Other Social Infrastructure & Services",2022,0.030536999999999998,0.029658999999999998
"MNG","Japan","ODA Grants","Population Policies/Programmes",2022,0.049296,0.047878
"MNG","Japan","ODA Grants","Transport & Storage",2009,1.001445,0.699638
"MNG","Japan","ODA Grants","Transport & Storage",2010,8.555343,5.723763
"MNG","Japan","ODA Grants","Transport & Storage",2011,22.646374,13.987529
"MNG","Japan","ODA Grants","Transport & Storage",2012,8.45257,5.2675529999999995
"MNG","Japan","ODA Grants","Transport & Storage",2013,0.203082,0.155298
"MNG","Japan","ODA Grants","Transport & Storage",2017,0.064778,0.054652
"MNG","Japan","ODA Grants","Transport & Storage",2019,1.155384,0.941543
"MNG","Japan","ODA Grants","Transport & Storage",2021,0.11643300000000001,0.094816
"MNG","Japan","ODA Grants","Transport & Storage",2022,1.195225,1.160846
"MNG","Japan","ODA Grants","Transport & Storage",2023,0.440498,0.440498
"MNG","Japan","ODA Grants","Water Supply & Sanitation",2003,0,0
"MNG","Japan","ODA Grants","Water Supply & Sanitation",2008,0.0065119999999999996,0.005013
"MNG","Japan","ODA Grants","Water Supply & Sanitation",2009,1.044656,0.729826
"MNG","Japan","ODA Grants","Water Supply & Sanitation",2010,9.106866,6.092747
"MNG","Japan","ODA Grants","Water Supply & Sanitation",2011,3.6786450000000004,2.272115
"MNG","Japan","ODA Grants","Water Supply & Sanitation",2012,12.360600000000002,7.702997
"MNG","Japan","ODA Grants","Water Supply & Sanitation",2013,13.105035,10.021505
"MNG","Japan","ODA Grants","Water Supply & Sanitation",2014,4.929876,4.021045
"MNG","Japan","ODA Grants","Water Supply & Sanitation",2017,0.009761,0.008235
"MNG","Japan","ODA Grants","Water Supply & Sanitation",2018,0.005551,0.00461
"MNG","Japan","ODA Grants","Water Supply & Sanitation",2021,0.117451,0.095644
"MNG","Japan","ODA Grants","Water Supply & Sanitation",2022,0.40757499999999997,0.39585200000000004
"MNG","Japan","ODA Grants","Water Supply & Sanitation",2023,0.7218019999999999,0.7218019999999999
"MNG","Japan","ODA Loans","Energy",2001,0,0
"MNG","Japan","ODA Loans","Energy",2002,0.335463,0.292879
"MNG","Japan","ODA Loans","Energy",2003,4.495255,3.692464
"MNG","Japan","ODA Loans","Energy",2004,21.526364,16.679669
"MNG","Japan","ODA Loans","Energy",2005,18.410536,14.704885
"MNG","Japan","ODA Loans","Energy",2006,4.237543,3.609398
"MNG","Japan","ODA Loans","Energy",2007,3.10017,2.691362
"MNG","Japan","ODA Loans","Energy",2008,2.85913,2.200861
"MNG","Japan","ODA Loans","Energy",2013,0,0
"MNG","Japan","ODA Loans","Energy",2015,0.499247,0.455887
"MNG","Japan","ODA Loans","Energy",2016,19.113501,15.628192
"MNG","Japan","ODA Loans","Energy",2017,51.330721999999994,43.306850000000004
"MNG","Japan","ODA Loans","Energy",2018,21.857667,18.154089
"MNG","Japan","ODA Loans","Energy",2019,1.750942,1.426873
"MNG","Japan","ODA Loans","Energy",2020,3.233915,2.556317
"MNG","Japan","ODA Loans","Energy",2021,0.997635,0.812405
"MNG","Japan","ODA Loans","Energy",2022,0,0
"MNG","Japan","ODA Loans","Industry, Mining, Construction",2006,0,0
"MNG","Japan","ODA Loans","Industry, Mining, Construction",2007,6.776061,5.882528
"MNG","Japan","ODA Loans","Industry, Mining, Construction",2008,17.307826,13.322973
"MNG","Japan","ODA Loans","Industry, Mining, Construction",2009,3.82045,2.669073
"MNG","Japan","ODA Loans","Industry, Mining, Construction",2010,0,0
"MNG","Japan","ODA Loans","Industry, Mining, Construction",2011,11.093784000000001,6.852074
"MNG","Japan","ODA Loans","Industry, Mining, Construction",2012,35.681887999999994,22.236582000000002
"MNG","Japan","ODA Loans","Industry, Mining, Construction",2013,9.548625999999999,7.301895999999999
"MNG","Japan","ODA Loans","Industry, Mining, Construction",2014,1.635938,1.334351
"MNG","Japan","ODA Loans","Industry, Mining, Construction",2015,0.641723,0.58599
"MNG","Japan","ODA Loans","Industry, Mining, Construction",2016,0.47370199999999996,0.387323
"MNG","Japan","ODA Loans","Industry, Mining, Construction",2017,0.26058200000000004,0.21984800000000002
"MNG","Japan","ODA Loans","Industry, Mining, Construction",2018,0,0
"MNG","Japan","ODA Loans","Industry, Mining, Construction",2019,0,0
"MNG","Japan","ODA Loans","Industry, Mining, Construction",2020,0,0
"MNG","Japan","ODA Loans","Industry, Mining, Construction",2021,0,0
"MNG","Japan","ODA Loans","Industry, Mining, Construction",2022,0,0
"MNG","Korea","ODA Grants","Agriculture, Forestry, Fishing",2007,0.5,0.476622
"MNG","Korea","ODA Grants","Agriculture, Forestry, Fishing",2008,1.013657,1.1211170000000001
"MNG","Korea","ODA Grants","Agriculture, Forestry, Fishing",2009,1.182438,1.449998
"MNG","Korea","ODA Grants","Agriculture, Forestry, Fishing",2010,2.632822,2.850793
"MNG","Korea","ODA Grants","Agriculture, Forestry, Fishing",2011,1.618566,1.658414
"MNG","Korea","ODA Grants","Agriculture, Forestry, Fishing",2012,1.324626,1.362465
"MNG","Korea","ODA Grants","Agriculture, Forestry, Fishing",2013,1.32523,1.3110819999999999
"MNG","Korea","ODA Grants","Agriculture, Forestry, Fishing",2014,2.156466,2.031066
"MNG","Korea","ODA Grants","Agriculture, Forestry, Fishing",2015,1.659494,1.6266129999999999
"MNG","Korea","ODA Grants","Agriculture, Forestry, Fishing",2016,1.7097710000000002,1.684525
"MNG","Korea","ODA Grants","Agriculture, Forestry, Fishing",2017,1.898972,1.786577
"MNG","Korea","ODA Grants","Agriculture, Forestry, Fishing",2018,2.093282,1.905554
"MNG","Korea","ODA Grants","Agriculture, Forestry, Fishing",2019,2.065574,2.004116
"MNG","Korea","ODA Grants","Agriculture, Forestry, Fishing",2020,2.014189,1.948216
"MNG","Korea","ODA Grants","Agriculture, Forestry, Fishing",2021,2.144008,1.949107
"MNG","Korea","ODA Grants","Agriculture, Forestry, Fishing",2022,2.168144,2.184644
"MNG","Korea","ODA Grants","Agriculture, Forestry, Fishing",2023,2.846961,2.846961
"MNG","Korea","ODA Grants","Business & Other Services",2018,0.17018,0.154918
"MNG","Korea","ODA Grants","Communications",2017,0.012215,0.011492
"MNG","Korea","ODA Grants","Communications",2018,0.01941,0.017669
"MNG","Korea","ODA Grants","Communications",2022,0.108009,0.108831
"MNG","Korea","ODA Grants","Disaster Prevention & Preparedness",2011,0.012990999999999999,0.013309999999999999
"MNG","Korea","ODA Grants","Disaster Prevention & Preparedness",2012,0.023034,0.023692
"MNG","Korea","ODA Grants","Disaster Prevention & Preparedness",2013,0.253646,0.250938
"MNG","Korea","ODA Grants","Disaster Prevention & Preparedness",2014,0.110145,0.10374
"MNG","Korea","ODA Grants","Disaster Prevention & Preparedness",2019,1.387754,1.346463
"MNG","Korea","ODA Grants","Education",2011,0.141786,0.145277
"MNG","Korea","ODA Grants","Education",2012,0.009528,0.0098
"MNG","Korea","ODA Grants","Education",2013,0.015503,0.015338
"MNG","Korea","ODA Grants","Education",2023,0.015314,0.015314
"MNG","Korea","ODA Grants","Energy",2008,0,0
"MNG","Korea","ODA Grants","Energy",2009,0,0
"MNG","Korea","ODA Grants","Energy",2010,3.9206179999999997,4.245204
"MNG","Korea","ODA Grants","Energy",2011,2.187162,2.2410110000000003
"MNG","Korea","ODA Grants","Energy",2012,2.2564640000000002,2.320925
"MNG","Korea","ODA Grants","Energy",2013,1.846131,1.8264239999999998
"MNG","Korea","ODA Grants","Energy",2014,0.18779,0.17687
"MNG","Korea","ODA Grants","Energy",2015,0.127312,0.12478900000000001
"MNG","Korea","ODA Grants","Energy",2018,2.8952679999999997,2.6356159999999997
"MNG","Korea","ODA Grants","Energy",2019,0.094703,0.091886
"MNG","Korea","ODA Grants","Energy",2020,0.054227000000000004,0.052451
"MNG","Korea","ODA Grants","Energy",2021,0.065292,0.059357
"MNG","Korea","ODA Grants","Energy",2022,0.003525,0.003552
"MNG","Korea","ODA Grants","Energy",2023,0.019556,0.019556
"MNG","Korea","ODA Grants","General Environment Protection",2008,0.604047,0.668083
"MNG","Korea","ODA Grants","General Environment Protection",2012,0.668512,0.687609
"MNG","Korea","ODA Grants","General Environment Protection",2013,0.217952,0.215625
"MNG","Korea","ODA Grants","General Environment Protection",2014,1.4685730000000001,1.383175
"MNG","Korea","ODA Grants","General Environment Protection",2015,0.880557,0.86311
"MNG","Korea","ODA Grants","General Environment Protection",2016,0.044235,0.043582
"MNG","Korea","ODA Grants","General Environment Protection",2017,0.009729,0.009153
"MNG","Korea","ODA Grants","General Environment Protection",2018,0.058927,0.053642
"MNG","Korea","ODA Grants","General Environment Protection",2019,0.034585000000000005,0.033556
"MNG","Korea","ODA Grants","General Environment Protection",2020,0.797793,0.771662
"MNG","Korea","ODA Grants","General Environment Protection",2021,0.26354,0.23958300000000002
"MNG","Korea","ODA Grants","General Environment Protection",2022,0.551076,0.555269
"MNG","Korea","ODA Grants","General Environment Protection",2023,0.054012,0.054012
"MNG","Korea","ODA Grants","Government & Civil Society",2008,1.032057,1.141468
"MNG","Korea","ODA Grants","Government & Civil Society",2012,0.09754499999999999,0.100332
"MNG","Korea","ODA Grants","Government & Civil Society",2013,0.461394,0.456469
"MNG","Korea","ODA Grants","Government & Civil Society",2014,0.253513,0.238771
"MNG","Korea","ODA Grants","Government & Civil Society",2016,0.011016,0.010853
"MNG","Korea","ODA Grants","Government & Civil Society",2018,1.04346,0.949881
"MNG","Korea","ODA Grants","Government & Civil Society",2019,0.036517,0.03543
"MNG","Korea","ODA Grants","Government & Civil Society",2021,0.018187,0.016534
"MNG","Korea","ODA Grants","Government & Civil Society",2022,0.090972,0.091664
"MNG","Korea","ODA Grants","Government & Civil Society",2023,0.232948,0.232948
"MNG","Korea","ODA Grants","Health",2016,0.009664,0.009521
"MNG","Korea","ODA Grants","Health",2023,0.13859,0.13859
"MNG","Korea","ODA Grants","Industry, Mining, Construction",2016,0.036844,0.0363
"MNG","Korea","ODA Grants","Industry, Mining, Construction",2017,0.018152,0.017078
"MNG","Korea","ODA Grants","Industry, Mining, Construction",2019,0.396404,0.38461
"MNG","Korea","ODA Grants","Industry, Mining, Construction",2020,0.434625,0.420389
"MNG","Korea","ODA Grants","Industry, Mining, Construction",2021,0.133622,0.121475
"MNG","Korea","ODA Grants","Industry, Mining, Construction",2022,0.022743,0.022916
"MNG","Korea","ODA Grants","Industry, Mining, Construction",2023,0.006519,0.006519
"MNG","Korea","ODA Grants","Other Multisector",2007,0.065931,0.062848
"MNG","Korea","ODA Grants","Other Multisector",2012,0.339038,0.348723
"MNG","Korea","ODA Grants","Other Multisector",2013,0.179245,0.17733100000000002
"MNG","Korea","ODA Grants","Other Multisector",2014,0.42743,0.402575
"MNG","Korea","ODA Grants","Other Multisector",2016,0.03068,0.030227
"MNG","Korea","ODA Grants","Other Multisector",2017,0.482906,0.454324
"MNG","Korea","ODA Grants","Other Multisector",2018,0.010933,0.009953
"MNG","Korea","ODA Grants","Other Multisector",2020,0.008525,0.008246
"MNG","Korea","ODA Grants","Other Multisector",2021,0.081958,0.074507
"MNG","Korea","ODA Grants","Other Multisector",2022,0.346634,0.349271
"MNG","Korea","ODA Grants","Other Multisector",2023,1.490969,1.490969
"MNG","Korea","ODA Grants","Trade Policies & Regulations",2015,0.04867,0.047706
"MNG","Korea","ODA Grants","Transport & Storage",2011,0.006408,0.006566
"MNG","Korea","ODA Grants","Transport & Storage",2013,0.010436,0.010325
"MNG","Korea","ODA Grants","Transport & Storage",2016,0.005548,0.005466
"MNG","Korea","ODA Grants","Transport & Storage",2018,0.017311,0.015759
"MNG","Korea","ODA Grants","Transport & Storage",2023,0.457168,0.457168
"MNG","Korea","ODA Grants","Water Supply & Sanitation",2010,0.035043,0.037944
"MNG","Korea","ODA Grants","Water Supply & Sanitation",2011,9.27036,9.498596
"MNG","Korea","ODA Grants","Water Supply & Sanitation",2012,10.788351,11.09654
"MNG","Korea","ODA Grants","Water Supply & Sanitation",2013,5.417727,5.359895
"MNG","Korea","ODA Grants","Water Supply & Sanitation",2014,1.361991,1.282791
"MNG","Korea","ODA Grants","Water Supply & Sanitation",2015,0.198169,0.194242
"MNG","Korea","ODA Grants","Water Supply & Sanitation",2016,0.010376,0.010223
"MNG","Korea","ODA Grants","Water Supply & Sanitation",2017,0.040352,0.037964
"MNG","Korea","ODA Grants","Water Supply & Sanitation",2018,0.063771,0.058052
"MNG","Korea","ODA Grants","Water Supply & Sanitation",2019,0.028479,0.027632
"MNG","Korea","ODA Grants","Water Supply & Sanitation",2020,0.00504,0.004875
"MNG","Korea","ODA Loans","Energy",2007,0,0
"MNG","Korea","ODA Loans","Energy",2022,31.677188,31.918248
"MNG","Korea","ODA Loans","Energy",2023,16.112164,16.112164
"MNG","Korea","ODA Loans","General Environment Protection",2019,0,0
"MNG","Korea","ODA Loans","General Environment Protection",2020,0,0
"MNG","Korea","ODA Loans","General Environment Protection",2021,3.133528,2.848675
"MNG","Korea","ODA Loans","General Environment Protection",2022,0,0
"MNG","Korea","ODA Loans","General Environment Protection",2023,0.339018,0.339018
"MNG","Korea","ODA Loans","Other Social Infrastructure & Services",2022,8.962915,9.031121
"MNG","Korea","ODA Loans","Other Social Infrastructure & Services",2023,23.293301,23.293301
"MNG","Netherlands","ODA Grants","Agriculture, Forestry, Fishing",2006,0.88844,1.086867
"MNG","Netherlands","ODA Grants","Agriculture, Forestry, Fishing",2008,0.685,0.697972
"MNG","Netherlands","ODA Grants","Agriculture, Forestry, Fishing",2010,0.790344,0.867222
"MNG","Netherlands","ODA Grants","Agriculture, Forestry, Fishing",2011,1.169255,1.219087
"MNG","Netherlands","ODA Grants","Energy",2000,0,0
"MNG","Netherlands","ODA Grants","Energy",2002,0.356234,0.628583
"MNG","Netherlands","ODA Grants","Energy",2006,0.47427,0.580195
"MNG","Netherlands","ODA Grants","Energy",2007,1.67723,1.8435840000000001
"MNG","Netherlands","ODA Grants","Energy",2010,1.382649,1.517141
"MNG","Netherlands","ODA Grants","General Environment Protection",2002,0.049006,0.086472
"MNG","Netherlands","ODA Grants","General Environment Protection",2003,0.5003,0.720092
"MNG","Netherlands","ODA Grants","General Environment Protection",2004,6.714709999999999,8.678934
"MNG","Netherlands","ODA Grants","General Environment Protection",2005,0,0
"MNG","Netherlands","ODA Grants","General Environment Protection",2006,2.9606399999999997,3.621879
"MNG","Netherlands","ODA Grants","General Environment Protection",2007,3.66873,4.032609
"MNG","Netherlands","ODA Grants","General Environment Protection",2008,2.016,2.054178
"MNG","Netherlands","ODA Grants","General Environment Protection",2010,0.788595,0.865302
"MNG","Netherlands","ODA Grants","General Environment Protection",2011,0.849271,0.885466
"MNG","Netherlands","ODA Grants","General Environment Protection",2012,0.303832,0.338188
"MNG","Netherlands","ODA Grants","General Environment Protection",2013,0.14881,0.158509
"MNG","Netherlands","ODA Grants","Other Multisector",2006,0.38249,0.467917
"MNG","Netherlands","ODA Grants","Other Multisector",2007,0.51578,0.566937
"MNG","Netherlands","ODA Grants","Other Multisector",2008,0.357,0.363761
"MNG","Netherlands","ODA Grants","Water Supply & Sanitation",1999,0,0
"MNG","Netherlands","ODA Grants","Water Supply & Sanitation",2002,0.364716,0.643549
"MNG","Netherlands","ODA Grants","Water Supply & Sanitation",2004,0.16194,0.209311
"MNG","Netherlands","ODA Grants","Water Supply & Sanitation",2006,0.05609,0.068617
"MNG","Netherlands","ODA Grants","Water Supply & Sanitation",2007,0.03993,0.04389
"MNG","Norway","ODA Grants","Energy",1998,0,0
"MNG","Norway","ODA Grants","Energy",1999,0,0
"MNG","Norway","ODA Grants","General Environment Protection",2001,0,0
"MNG","Norway","ODA Grants","General Environment Protection",2003,0.494413,0.761855
"MNG","Norway","ODA Grants","General Environment Protection",2010,0.16544,0.151764
"MNG","Norway","ODA Grants","General Environment Protection",2012,0.06449,0.051621
"MNG","Spain","ODA Grants","Government & Civil Society",2012,0.002893,0.002951
"MNG","Spain","ODA Grants","Water Supply & Sanitation",2008,0.084158,0.076649
"MNG","Spain","ODA Loans","Unallocated / Unspecified",2013,0,0
"MNG","Spain","ODA Loans","Unallocated / Unspecified",2014,0,0
"MNG","Spain","ODA Loans","Unallocated / Unspecified",2015,0,0
"MNG","Spain","ODA Loans","Unallocated / Unspecified",2016,0,0
"MNG","Spain","ODA Loans","Unallocated / Unspecified",2017,0,0
"MNG","Spain","ODA Loans","Unallocated / Unspecified",2018,0,0
"MNG","Spain","ODA Loans","Unallocated / Unspecified",2019,0,0
"MNG","Spain","ODA Loans","Unallocated / Unspecified",2020,0,0
"MNG","Spain","ODA Loans","Unallocated / Unspecified",2021,0,0
"MNG","Spain","ODA Loans","Water Supply & Sanitation",2008,0.002439,0.002221
"MNG","Spain","ODA Loans","Water Supply & Sanitation",2009,0,0
"MNG","Spain","ODA Loans","Water Supply & Sanitation",2010,0,0
"MNG","Spain","ODA Loans","Water Supply & Sanitation",2013,0,0
"MNG","Spain","ODA Loans","Water Supply & Sanitation",2014,0,0
"MNG","Spain","ODA Loans","Water Supply & Sanitation",2015,0,0
"MNG","Spain","ODA Loans","Water Supply & Sanitation",2016,0,0
"MNG","Spain","ODA Loans","Water Supply & Sanitation",2017,0,0
"MNG","Spain","ODA Loans","Water Supply & Sanitation",2018,0,0
"MNG","Spain","ODA Loans","Water Supply & Sanitation",2019,0,0
"MNG","Spain","ODA Loans","Water Supply & Sanitation",2020,0,0
"MNG","Spain","ODA Loans","Water Supply & Sanitation",2021,0,0
"MNG","Spain","ODA Loans","Water Supply & Sanitation",2022,0,0
"MNG","Sweden","ODA Grants","Energy",2010,0.084756,0.079234
"MNG","Sweden","ODA Grants","Energy",2011,0.007724,0.006432
"MNG","Sweden","ODA Grants","General Environment Protection",2022,0.057877,0.058553
"MNG","Sweden","ODA Grants","Other Multisector",2021,0.01539,0.013966
"MNG","Sweden","ODA Grants","Reconstruction Relief & Rehabilitation",2021,0,0
"MNG","Sweden","ODA Grants","Water Supply & Sanitation",2021,0.087444,0.07935
"MNG","Sweden","ODA Grants","Water Supply & Sanitation",2022,0.074201,0.075068
"MNG","Switzerland","ODA Grants","Administrative Costs of Donors",2017,0,0
"MNG","Switzerland","ODA Grants","Agriculture, Forestry, Fishing",2010,0.215345,0.25549299999999997
"MNG","Switzerland","ODA Grants","Agriculture, Forestry, Fishing",2011,0.788999,0.796693
"MNG","Switzerland","ODA Grants","Agriculture, Forestry, Fishing",2012,0.565333,0.602857
"MNG","Switzerland","ODA Grants","Agriculture, Forestry, Fishing",2013,2.592723,2.735707
"MNG","Switzerland","ODA Grants","Agriculture, Forestry, Fishing",2014,2.25346,2.362857
"MNG","Switzerland","ODA Grants","Agriculture, Forestry, Fishing",2015,2.2462619999999998,2.508524
"MNG","Switzerland","ODA Grants","Agriculture, Forestry, Fishing",2016,2.320526,2.668522
"MNG","Switzerland","ODA Grants","Agriculture, Forestry, Fishing",2017,1.583878,1.8274199999999998
"MNG","Switzerland","ODA Grants","Agriculture, Forestry, Fishing",2018,2.456133,2.7929019999999998
"MNG","Switzerland","ODA Grants","Agriculture, Forestry, Fishing",2019,1.7382659999999999,2.0108230000000002
"MNG","Switzerland","ODA Grants","Agriculture, Forestry, Fishing",2020,2.365645,2.60372
"MNG","Switzerland","ODA Grants","Agriculture, Forestry, Fishing",2021,2.044902,2.16231
"MNG","Switzerland","ODA Grants","Agriculture, Forestry, Fishing",2022,0.5206409999999999,0.558103
"MNG","Switzerland","ODA Grants","Agriculture, Forestry, Fishing",2023,0.11528,0.11528
"MNG","Switzerland","ODA Grants","Business & Other Services",2020,0.330671,0.363949
"MNG","Switzerland","ODA Grants","Business & Other Services",2021,0.268169,0.283567
"MNG","Switzerland","ODA Grants","Business & Other Services",2022,0.09886900000000001,0.105983
"MNG","Switzerland","ODA Grants","Business & Other Services",2023,0.114852,0.114852
"MNG","Switzerland","ODA Grants","Disaster Prevention & Preparedness",2011,-0.0030819999999999997,-0.003112
"MNG","Switzerland","ODA Grants","Disaster Prevention & Preparedness",2018,0.029214,0.033219
"MNG","Switzerland","ODA Grants","Disaster Prevention & Preparedness",2020,0.00977,0.010753
"MNG","Switzerland","ODA Grants","Disaster Prevention & Preparedness",2021,0,0
"MNG","Switzerland","ODA Grants","Education",2017,2.7e-5,3.1e-5
"MNG","Switzerland","ODA Grants","Education",2018,0.014055,0.015982
"MNG","Switzerland","ODA Grants","Education",2021,0.861489,0.910954
"MNG","Switzerland","ODA Grants","Education",2022,0.77851,0.834529
"MNG","Switzerland","ODA Grants","Education",2023,0.335747,0.335747
"MNG","Switzerland","ODA Grants","Emergency Response",2011,0.450857,0.455253
"MNG","Switzerland","ODA Grants","Emergency Response",2012,0.426667,0.454986
"MNG","Switzerland","ODA Grants","Emergency Response",2013,0.003111,0.003282
"MNG","Switzerland","ODA Grants","Emergency Response",2014,0.65714,0.689041
"MNG","Switzerland","ODA Grants","Emergency Response",2015,3.1e-5,3.5e-5
"MNG","Switzerland","ODA Grants","Energy",2017,0.274805,0.317059
"MNG","Switzerland","ODA Grants","Energy",2018,0.101237,0.115118
"MNG","Switzerland","ODA Grants","Energy",2019,0.496436,0.574277
"MNG","Switzerland","ODA Grants","Energy",2020,0.562164,0.61874
"MNG","Switzerland","ODA Grants","Energy",2021,0.05744,0.060738
"MNG","Switzerland","ODA Grants","Energy",2022,0.054199,0.058099
"MNG","Switzerland","ODA Grants","General Environment Protection",2008,0.020974,0.026375
"MNG","Switzerland","ODA Grants","General Environment Protection",2009,0.222861,0.275718
"MNG","Switzerland","ODA Grants","General Environment Protection",2010,0.937133,1.111845
"MNG","Switzerland","ODA Grants","General Environment Protection",2012,0.709333,0.756414
"MNG","Switzerland","ODA Grants","General Environment Protection",2017,0.051033,0.05888
"MNG","Switzerland","ODA Grants","General Environment Protection",2018,0.444013,0.504893
"MNG","Switzerland","ODA Grants","General Environment Protection",2019,0.8265939999999999,0.9562029999999999
"MNG","Switzerland","ODA Grants","General Environment Protection",2020,0.6347670000000001,0.6986490000000001
"MNG","Switzerland","ODA Grants","General Environment Protection",2021,0.482918,0.510646
"MNG","Switzerland","ODA Grants","General Environment Protection",2022,0.268037,0.28732599999999997
"MNG","Switzerland","ODA Grants","General Environment Protection",2023,0.309009,0.309009
"MNG","Switzerland","ODA Grants","Government & Civil Society",2012,0.029811,0.03179
"MNG","Switzerland","ODA Grants","Government & Civil Society",2013,0.032882,0.034695
"MNG","Switzerland","ODA Grants","Government & Civil Society",2014,1.771844,1.85786
"MNG","Switzerland","ODA Grants","Government & Civil Society",2015,1.670997,1.866093
"MNG","Switzerland","ODA Grants","Government & Civil Society",2016,1.38767,1.595771
"MNG","Switzerland","ODA Grants","Government & Civil Society",2017,0.641278,0.739882
"MNG","Switzerland","ODA Grants","Government & Civil Society",2018,0.987177,1.122532
"MNG","Switzerland","ODA Grants","Government & Civil Society",2019,2.767491,3.201432
"MNG","Switzerland","ODA Grants","Government & Civil Society",2020,1.232162,1.3561649999999998
"MNG","Switzerland","ODA Grants","Government & Civil Society",2021,0.780633,0.825455
"MNG","Switzerland","ODA Grants","Government & Civil Society",2022,0.751258,0.805314
"MNG","Switzerland","ODA Grants","Government & Civil Society",2023,0.48112499999999997,0.48112499999999997
"MNG","Switzerland","ODA Grants","Health",2018,0.286328,0.325587
"MNG","Switzerland","ODA Grants","Health",2019,0.249145,0.28821
"MNG","Switzerland","ODA Grants","Health",2020,0.404686,0.445413
"MNG","Switzerland","ODA Grants","Health",2021,0.00547,0.005785
"MNG","Switzerland","ODA Grants","Health",2022,0.0604,0.064746
"MNG","Switzerland","ODA Grants","Health",2023,1.5e-5,1.5e-5
"MNG","Switzerland","ODA Grants","Industry, Mining, Construction",2010,0.034526,0.040962
"MNG","Switzerland","ODA Grants","Industry, Mining, Construction",2020,0.636339,0.700378
"MNG","Switzerland","ODA Grants","Industry, Mining, Construction",2021,0.733497,0.775613
"MNG","Switzerland","ODA Grants","Industry, Mining, Construction",2022,0.001259,0.00135
"MNG","Switzerland","ODA Grants","Other Multisector",2008,0.357469,0.449518
"MNG","Switzerland","ODA Grants","Other Multisector",2009,1.335874,1.652707
"MNG","Switzerland","ODA Grants","Other Multisector",2010,6.117917,7.258496
"MNG","Switzerland","ODA Grants","Other Multisector",2011,4.8292530000000005,4.876344
"MNG","Switzerland","ODA Grants","Other Multisector",2012,4.056465,4.3257069999999995
"MNG","Switzerland","ODA Grants","Other Multisector",2013,0.933209,0.9846739999999999
"MNG","Switzerland","ODA Grants","Other Multisector",2014,0.190302,0.19954
"MNG","Switzerland","ODA Grants","Other Multisector",2015,0,0
"MNG","Switzerland","ODA Grants","Other Multisector",2017,4e-5,4.6e-5
"MNG","Switzerland","ODA Grants","Other Multisector",2018,0.021082,0.023973
"MNG","Switzerland","ODA Grants","Other Multisector",2019,0.037064,0.042875
"MNG","Switzerland","ODA Grants","Other Multisector",2021,0.475749,0.503065
"MNG","Switzerland","ODA Grants","Other Multisector",2022,0.165874,0.17781
"MNG","Switzerland","ODA Grants","Other Multisector",2023,0.28713,0.28713
"MNG","Switzerland","ODA Grants","Other Social Infrastructure & Services",2017,0,0
"MNG","Switzerland","ODA Grants","Other Social Infrastructure & Services",2020,0.028251000000000002,0.031093000000000003
"MNG","Switzerland","ODA Grants","Other Social Infrastructure & Services",2021,0.161669,0.17095000000000002
"MNG","Switzerland","ODA Grants","Other Social Infrastructure & Services",2022,0.009008,0.009656
"MNG","Switzerland","ODA Grants","Unallocated / Unspecified",2013,0.271903,0.286898
"MNG","Switzerland","ODA Grants","Unallocated / Unspecified",2014,0.490283,0.514084
"MNG","Switzerland","ODA Grants","Unallocated / Unspecified",2015,0.257958,0.288076
"MNG","Switzerland","ODA Grants","Unallocated / Unspecified",2016,0.245874,0.282746
"MNG","Switzerland","ODA Grants","Unallocated / Unspecified",2020,0.06393,0.070364
"MNG","Switzerland","ODA Grants","Water Supply & Sanitation",2019,0.070245,0.081259
"MNG","Switzerland","ODA Grants","Water Supply & Sanitation",2020,0.079097,0.087057
"MNG","Switzerland","ODA Grants","Water Supply & Sanitation",2021,0.02847,0.030104
"MNG","Switzerland","ODA Grants","Water Supply & Sanitation",2022,0.00288,0.003087
"MNG","UNFPA","ODA Grants","Population Policies/Programmes",2022,0.00201,0.002107
"MNG","United Arab Emirates","ODA Grants","General Environment Protection",2021,0.013002,0.013227
"MNG","United Arab Emirates","ODA Loans","Energy",2015,0,0
"MNG","United Arab Emirates","ODA Loans","Energy",2016,0,0
"MNG","United Arab Emirates","ODA Loans","Energy",2017,0,0
"MNG","United Arab Emirates","ODA Loans","Energy",2018,0,0
"MNG","United Arab Emirates","ODA Loans","Energy",2019,0,0
"MNG","United Arab Emirates","ODA Loans","Energy",2020,0,0
"MNG","United Arab Emirates","ODA Loans","Energy",2021,0,0
"MNG","United Arab Emirates","ODA Loans","Energy",2023,0,0
"MNG","United Kingdom","ODA Grants","General Environment Protection",2011,0.023778,0.025048
"MNG","United Kingdom","ODA Grants","General Environment Protection",2012,0.015027,0.015771
"MNG","United Kingdom","ODA Grants","General Environment Protection",2015,0.038197,0.039925
"MNG","United Kingdom","ODA Grants","General Environment Protection",2017,0.065662,0.078411
"MNG","United Kingdom","ODA Grants","General Environment Protection",2022,0.206054,0.222934
"MNG","United Kingdom","ODA Grants","Government & Civil Society",2012,0.039144,0.041083
"MNG","United Kingdom","ODA Grants","Government & Civil Society",2013,0.039087,0.040716999999999996
"MNG","United Kingdom","ODA Grants","Government & Civil Society",2014,0.041159,0.040187
"MNG","United Kingdom","ODA Grants","Other Multisector",2019,0.630603,0.729948
"MNG","United Kingdom","ODA Grants","Other Multisector",2020,0.9474,1.039533
"MNG","United Kingdom","ODA Grants","Other Multisector",2021,0.194087,0.198435
"MNG","United States","ODA Grants","Agriculture, Forestry, Fishing",2022,0,0
"MNG","United States","ODA Grants","Agriculture, Forestry, Fishing",2023,1.654125,1.654125
"MNG","United States","ODA Grants","Business & Other Services",2010,0,0
"MNG","United States","ODA Grants","Business & Other Services",2011,0.05,0.06683
"MNG","United States","ODA Grants","Business & Other Services",2020,0,0
"MNG","United States","ODA Grants","Business & Other Services",2022,0.875278,0.906774
"MNG","United States","ODA Grants","Business & Other Services",2023,0.927147,0.927147
"MNG","United States","ODA Grants","Emergency Response",2020,0,0
"MNG","United States","ODA Grants","Energy",2010,0,0
"MNG","United States","ODA Grants","Energy",2012,1.71315,2.247931
"MNG","United States","ODA Grants","Energy",2013,1.26634,1.633838
"MNG","United States","ODA Grants","Energy",2014,0,0
"MNG","United States","ODA Grants","General Environment Protection",2010,1.18308,1.613925
"MNG","United States","ODA Grants","General Environment Protection",2011,11.84082,15.826404
"MNG","United States","ODA Grants","General Environment Protection",2012,21.5255,28.244949000000002
"MNG","United States","ODA Grants","General Environment Protection",2013,1.26429,1.631193
"MNG","United States","ODA Grants","General Environment Protection",2014,0,0
"MNG","United States","ODA Grants","General Environment Protection",2022,0.05,0.051799
"MNG","United States","ODA Grants","General Environment Protection",2023,0.05,0.05
"MNG","United States","ODA Grants","Government & Civil Society",2011,0.0507,0.067765
"MNG","United States","ODA Grants","Government & Civil Society",2014,0,0
"MNG","United States","ODA Grants","Government & Civil Society",2016,0.025,0.031116
"MNG","United States","ODA Grants","Government & Civil Society",2020,0.0904,0.104911
"MNG","United States","ODA Grants","Government & Civil Society",2021,0.1276,0.141616
"MNG","United States","ODA Grants","Government & Civil Society",2022,0.9724090000000001,1.0074
"MNG","United States","ODA Grants","Government & Civil Society",2023,1.175941,1.175941
"MNG","United States","ODA Grants","Health",2021,0,0
"MNG","United States","ODA Grants","Health",2022,2.631536,2.726229
"MNG","United States","ODA Grants","Health",2023,0.31861,0.31861
"MNG","United States","ODA Grants","Trade Policies & Regulations",2020,0.136365,0.158254
"MNG","United States","ODA Grants","Trade Policies & Regulations",2021,0.06192,0.068722
"MNG","United States","ODA Grants","Trade Policies & Regulations",2022,0.21418700000000002,0.22189399999999998
"MNG","United States","ODA Grants","Trade Policies & Regulations",2023,0.033999,0.033999
"MNG","William and Flora Hewlett Foundation","Private Development Finance","Transport & Storage",2017,0.029667,0.036274
"MNG","William and Flora Hewlett Foundation","Private Development Finance","Transport & Storage",2018,0.029667,0.035462
"MNG","William and Flora Hewlett Foundation","Private Development Finance","Transport & Storage",2019,0.029556,0.034756
