"ISO3","Area","Item","Element","Unit","Year","value"
NA,"World","Gross Domestic Product","Value US$","million USD",1992,25740781.277167
NA,"World","Gross Domestic Product","Value US$","million USD",1993,26227385.319172
NA,"World","Gross Domestic Product","Value US$","million USD",1994,27971757.32618
NA,"World","Gross Domestic Product","Value US$","million USD",1995,31021448.206844
NA,"World","Gross Domestic Product","Value US$","million USD",1996,31684019.609613
NA,"World","Gross Domestic Product","Value US$","million USD",1997,31524901.859788
NA,"World","Gross Domestic Product","Value US$","million USD",1998,31358235.789453
NA,"World","Gross Domestic Product","Value US$","million USD",1999,32575479.739323
NA,"World","Gross Domestic Product","Value US$","million USD",2000,33528991.083182
NA,"World","Gross Domestic Product","Value US$","million USD",2001,33371950.347342
NA,"World","Gross Domestic Product","Value US$","million USD",2002,34717590.911008
NA,"World","Gross Domestic Product","Value US$","million USD",2003,38973529.982686
NA,"World","Gross Domestic Product","Value US$","million USD",2004,43888094.806072
NA,"World","Gross Domestic Product","Value US$","million USD",2005,47557464.580822
NA,"World","Gross Domestic Product","Value US$","million USD",2006,51555930.773882
NA,"World","Gross Domestic Product","Value US$","million USD",2007,58171797.82519
NA,"World","Gross Domestic Product","Value US$","million USD",2008,63894319.347054
NA,"World","Gross Domestic Product","Value US$","million USD",2009,60612015.377222
NA,"World","Gross Domestic Product","Value US$","million USD",2010,66365961.806313
NA,"World","Gross Domestic Product","Value US$","million USD",2011,73831197.261481
NA,"World","Gross Domestic Product","Value US$","million USD",2012,75357720.441247
NA,"World","Gross Domestic Product","Value US$","million USD",2013,77527646.054554
NA,"World","Gross Domestic Product","Value US$","million USD",2014,79488169.951359
NA,"World","Gross Domestic Product","Value US$","million USD",2015,75095649.318298
NA,"World","Gross Domestic Product","Value US$","million USD",2016,76342995.93058
NA,"World","Gross Domestic Product","Value US$","million USD",2017,81228701.773061
NA,"World","Gross Domestic Product","Value US$","million USD",2018,86217024.171943
NA,"World","Gross Domestic Product","Value US$","million USD",2019,87395985.071486
NA,"World","Gross Domestic Product","Value US$","million USD",2020,85116600.071022
NA,"World","Gross Domestic Product","Value US$","million USD",2021,97144448.780446
NA,"World","Gross Domestic Product","Value US$","million USD",2022,100868484.367472
NA,"World","Gross Domestic Product","Value US$","million USD",2023,105187786.054768
NA,"World","Gross Domestic Product","Value US$","million USD",2024,110068232.469937
NA,"World","Gross Domestic Product","Value US$ per capita","USD",1992,4711.024536
NA,"World","Gross Domestic Product","Value US$ per capita","USD",1993,4681.393071
NA,"World","Gross Domestic Product","Value US$ per capita","USD",1994,4917.523319
NA,"World","Gross Domestic Product","Value US$ per capita","USD",1995,5371.357853
NA,"World","Gross Domestic Product","Value US$ per capita","USD",1996,5410.103321
NA,"World","Gross Domestic Product","Value US$ per capita","USD",1997,5312.045618
NA,"World","Gross Domestic Product","Value US$ per capita","USD",1998,5210.188019
NA,"World","Gross Domestic Product","Value US$ per capita","USD",1999,5340.465329
NA,"World","Gross Domestic Product","Value US$ per capita","USD",2000,5460.648827
NA,"World","Gross Domestic Product","Value US$ per capita","USD",2001,5361.914314
NA,"World","Gross Domestic Product","Value US$ per capita","USD",2002,5504.372446
NA,"World","Gross Domestic Product","Value US$ per capita","USD",2003,6098.735496
NA,"World","Gross Domestic Product","Value US$ per capita","USD",2004,6779.594526
NA,"World","Gross Domestic Product","Value US$ per capita","USD",2005,7252.42324
NA,"World","Gross Domestic Product","Value US$ per capita","USD",2006,7757.60813
NA,"World","Gross Domestic Product","Value US$ per capita","USD",2007,8641.657335
NA,"World","Gross Domestic Product","Value US$ per capita","USD",2008,9419.866362
NA,"World","Gross Domestic Product","Value US$ per capita","USD",2009,8822.881818
NA,"World","Gross Domestic Product","Value US$ per capita","USD",2010,9538.331843
NA,"World","Gross Domestic Product","Value US$ per capita","USD",2011,10477.831035
NA,"World","Gross Domestic Product","Value US$ per capita","USD",2012,10502.990481
NA,"World","Gross Domestic Product","Value US$ per capita","USD",2013,10671.404768
NA,"World","Gross Domestic Product","Value US$ per capita","USD",2014,10807.778497
NA,"World","Gross Domestic Product","Value US$ per capita","USD",2015,10088.74104
NA,"World","Gross Domestic Product","Value US$ per capita","USD",2016,10136.496622999999
NA,"World","Gross Domestic Product","Value US$ per capita","USD",2017,10662.043458
NA,"World","Gross Domestic Product","Value US$ per capita","USD",2018,11193.034565
NA,"World","Gross Domestic Product","Value US$ per capita","USD",2019,11227.491749
NA,"World","Gross Domestic Product","Value US$ per capita","USD",2020,10829.354354
NA,"World","Gross Domestic Product","Value US$ per capita","USD",2021,12254.361677
NA,"World","Gross Domestic Product","Value US$ per capita","USD",2022,12617.359707
NA,"World","Gross Domestic Product","Value US$ per capita","USD",2023,13042.774127
NA,"World","Gross Domestic Product","Value US$ per capita","USD",2024,13529.962414
NA,"World","Gross Domestic Product","Value US$ per capita, 2015 prices","USD",1992,6770.540659
NA,"World","Gross Domestic Product","Value US$ per capita, 2015 prices","USD",1993,6731.477647
NA,"World","Gross Domestic Product","Value US$ per capita, 2015 prices","USD",1994,6848.447303
NA,"World","Gross Domestic Product","Value US$ per capita, 2015 prices","USD",1995,6956.223654
NA,"World","Gross Domestic Product","Value US$ per capita, 2015 prices","USD",1996,7105.765004
NA,"World","Gross Domestic Product","Value US$ per capita, 2015 prices","USD",1997,7284.296225
NA,"World","Gross Domestic Product","Value US$ per capita, 2015 prices","USD",1998,7389.275443
NA,"World","Gross Domestic Product","Value US$ per capita, 2015 prices","USD",1999,7544.815432
NA,"World","Gross Domestic Product","Value US$ per capita, 2015 prices","USD",2000,7828.679811
NA,"World","Gross Domestic Product","Value US$ per capita, 2015 prices","USD",2001,7886.548102
NA,"World","Gross Domestic Product","Value US$ per capita, 2015 prices","USD",2002,7957.473204
NA,"World","Gross Domestic Product","Value US$ per capita, 2015 prices","USD",2003,8096.13689
NA,"World","Gross Domestic Product","Value US$ per capita, 2015 prices","USD",2004,8350.595443
NA,"World","Gross Domestic Product","Value US$ per capita, 2015 prices","USD",2005,8578.197946
NA,"World","Gross Domestic Product","Value US$ per capita, 2015 prices","USD",2006,8846.406408
NA,"World","Gross Domestic Product","Value US$ per capita, 2015 prices","USD",2007,9119.804641
NA,"World","Gross Domestic Product","Value US$ per capita, 2015 prices","USD",2008,9238.617674
NA,"World","Gross Domestic Product","Value US$ per capita, 2015 prices","USD",2009,9003.03728
NA,"World","Gross Domestic Product","Value US$ per capita, 2015 prices","USD",2010,9289.795361
NA,"World","Gross Domestic Product","Value US$ per capita, 2015 prices","USD",2011,9485.649879
NA,"World","Gross Domestic Product","Value US$ per capita, 2015 prices","USD",2012,9569.493775
NA,"World","Gross Domestic Product","Value US$ per capita, 2015 prices","USD",2013,9721.905714
NA,"World","Gross Domestic Product","Value US$ per capita, 2015 prices","USD",2014,9900.036892
NA,"World","Gross Domestic Product","Value US$ per capita, 2015 prices","USD",2015,10088.74104
NA,"World","Gross Domestic Product","Value US$ per capita, 2015 prices","USD",2016,10243.357888
NA,"World","Gross Domestic Product","Value US$ per capita, 2015 prices","USD",2017,10472.153338
NA,"World","Gross Domestic Product","Value US$ per capita, 2015 prices","USD",2018,10690.768633
NA,"World","Gross Domestic Product","Value US$ per capita, 2015 prices","USD",2019,10852.104922
NA,"World","Gross Domestic Product","Value US$ per capita, 2015 prices","USD",2020,10432.402818
NA,"World","Gross Domestic Product","Value US$ per capita, 2015 prices","USD",2021,11006.965487
NA,"World","Gross Domestic Product","Value US$ per capita, 2015 prices","USD",2022,11269.928808
NA,"World","Gross Domestic Product","Value US$ per capita, 2015 prices","USD",2023,11486.007093
NA,"World","Gross Domestic Product","Value US$ per capita, 2015 prices","USD",2024,11695.702235
NA,"World","Gross Domestic Product","Value US$, 2015 prices","million USD",1992,37027999.130921
NA,"World","Gross Domestic Product","Value US$, 2015 prices","million USD",1993,37690245.200468
NA,"World","Gross Domestic Product","Value US$, 2015 prices","million USD",1994,38923806.274584
NA,"World","Gross Domestic Product","Value US$, 2015 prices","million USD",1995,40117635.286619
NA,"World","Gross Domestic Product","Value US$, 2015 prices","million USD",1996,41567631.146003
NA,"World","Gross Domestic Product","Value US$, 2015 prices","million USD",1997,43218871.012487
NA,"World","Gross Domestic Product","Value US$, 2015 prices","million USD",1998,44452941.688195
NA,"World","Gross Domestic Product","Value US$, 2015 prices","million USD",1999,46024952.275845
NA,"World","Gross Domestic Product","Value US$, 2015 prices","million USD",2000,48080077.546757
NA,"World","Gross Domestic Product","Value US$, 2015 prices","million USD",2001,49092564.120802
NA,"World","Gross Domestic Product","Value US$, 2015 prices","million USD",2002,50193397.637368
NA,"World","Gross Domestic Product","Value US$, 2015 prices","million USD",2003,51736964.53408
NA,"World","Gross Domestic Product","Value US$, 2015 prices","million USD",2004,54057288.289563
NA,"World","Gross Domestic Product","Value US$, 2015 prices","million USD",2005,56251813.113572
NA,"World","Gross Domestic Product","Value US$, 2015 prices","million USD",2006,58792178.802175
NA,"World","Gross Domestic Product","Value US$, 2015 prices","million USD",2007,61390916.803076
NA,"World","Gross Domestic Product","Value US$, 2015 prices","million USD",2008,62671486.344689
NA,"World","Gross Domestic Product","Value US$, 2015 prices","million USD",2009,61862827.761175
NA,"World","Gross Domestic Product","Value US$, 2015 prices","million USD",2010,64649387.570242
NA,"World","Gross Domestic Product","Value US$, 2015 prices","million USD",2011,66841456.524014
NA,"World","Gross Domestic Product","Value US$, 2015 prices","million USD",2012,68660552.81086
NA,"World","Gross Domestic Product","Value US$, 2015 prices","million USD",2013,70629545.177599
NA,"World","Gross Domestic Product","Value US$, 2015 prices","million USD",2014,72811985.853845
NA,"World","Gross Domestic Product","Value US$, 2015 prices","million USD",2015,75095649.318298
NA,"World","Gross Domestic Product","Value US$, 2015 prices","million USD",2016,77147821.250625
NA,"World","Gross Domestic Product","Value US$, 2015 prices","million USD",2017,79782025.250453
NA,"World","Gross Domestic Product","Value US$, 2015 prices","million USD",2018,82348200.775011
NA,"World","Gross Domestic Product","Value US$, 2015 prices","million USD",2019,84473934.246142
NA,"World","Gross Domestic Product","Value US$, 2015 prices","million USD",2020,81996638.897484
NA,"World","Gross Domestic Product","Value US$, 2015 prices","million USD",2021,87255919.4124
NA,"World","Gross Domestic Product","Value US$, 2015 prices","million USD",2022,90096554.601627
NA,"World","Gross Domestic Product","Value US$, 2015 prices","million USD",2023,92632720.993407
NA,"World","Gross Domestic Product","Value US$, 2015 prices","million USD",2024,95146256.373302
NA,"World","Gross Domestic Product","Annual growth US$","%",1992,6.924026
NA,"World","Gross Domestic Product","Annual growth US$","%",1993,1.890401
NA,"World","Gross Domestic Product","Annual growth US$","%",1994,6.650956
NA,"World","Gross Domestic Product","Annual growth US$","%",1995,10.90275
NA,"World","Gross Domestic Product","Annual growth US$","%",1996,2.135849
NA,"World","Gross Domestic Product","Annual growth US$","%",1997,-0.502202
NA,"World","Gross Domestic Product","Annual growth US$","%",1998,-0.528681
NA,"World","Gross Domestic Product","Annual growth US$","%",1999,3.881736
NA,"World","Gross Domestic Product","Annual growth US$","%",2000,2.927083
NA,"World","Gross Domestic Product","Annual growth US$","%",2001,-0.468373
NA,"World","Gross Domestic Product","Annual growth US$","%",2002,4.03225
NA,"World","Gross Domestic Product","Annual growth US$","%",2003,12.258739
NA,"World","Gross Domestic Product","Annual growth US$","%",2004,12.610006
NA,"World","Gross Domestic Product","Annual growth US$","%",2005,8.36074
NA,"World","Gross Domestic Product","Annual growth US$","%",2006,8.407652
NA,"World","Gross Domestic Product","Annual growth US$","%",2007,12.832407
NA,"World","Gross Domestic Product","Annual growth US$","%",2008,9.837278
NA,"World","Gross Domestic Product","Annual growth US$","%",2009,-5.137083
NA,"World","Gross Domestic Product","Annual growth US$","%",2010,9.493078
NA,"World","Gross Domestic Product","Annual growth US$","%",2011,11.24859
NA,"World","Gross Domestic Product","Annual growth US$","%",2012,2.067585
NA,"World","Gross Domestic Product","Annual growth US$","%",2013,2.8795
NA,"World","Gross Domestic Product","Annual growth US$","%",2014,2.528806
NA,"World","Gross Domestic Product","Annual growth US$","%",2015,-5.526006
NA,"World","Gross Domestic Product","Annual growth US$","%",2016,1.66101
NA,"World","Gross Domestic Product","Annual growth US$","%",2017,6.399677
NA,"World","Gross Domestic Product","Annual growth US$","%",2018,6.141083
NA,"World","Gross Domestic Product","Annual growth US$","%",2019,1.367433
NA,"World","Gross Domestic Product","Annual growth US$","%",2020,-2.608112
NA,"World","Gross Domestic Product","Annual growth US$","%",2021,14.131025
NA,"World","Gross Domestic Product","Annual growth US$","%",2022,3.833503
NA,"World","Gross Domestic Product","Annual growth US$","%",2023,4.282112
NA,"World","Gross Domestic Product","Annual growth US$","%",2024,4.639746
NA,"World","Gross Domestic Product","Annual growth US$ per capita","%",1992,2.663976
NA,"World","Gross Domestic Product","Annual growth US$ per capita","%",1993,-0.628982
NA,"World","Gross Domestic Product","Annual growth US$ per capita","%",1994,5.044016
NA,"World","Gross Domestic Product","Annual growth US$ per capita","%",1995,9.228924
NA,"World","Gross Domestic Product","Annual growth US$ per capita","%",1996,0.721334
NA,"World","Gross Domestic Product","Annual growth US$ per capita","%",1997,-1.812493
NA,"World","Gross Domestic Product","Annual growth US$ per capita","%",1998,-1.917484
NA,"World","Gross Domestic Product","Annual growth US$ per capita","%",1999,2.500433
NA,"World","Gross Domestic Product","Annual growth US$ per capita","%",2000,2.250431
NA,"World","Gross Domestic Product","Annual growth US$ per capita","%",2001,-1.80811
NA,"World","Gross Domestic Product","Annual growth US$ per capita","%",2002,2.656852
NA,"World","Gross Domestic Product","Annual growth US$ per capita","%",2003,10.798016
NA,"World","Gross Domestic Product","Annual growth US$ per capita","%",2004,11.163937
NA,"World","Gross Domestic Product","Annual growth US$ per capita","%",2005,6.974291
NA,"World","Gross Domestic Product","Annual growth US$ per capita","%",2006,6.965739
NA,"World","Gross Domestic Product","Annual growth US$ per capita","%",2007,11.395899
NA,"World","Gross Domestic Product","Annual growth US$ per capita","%",2008,9.005321
NA,"World","Gross Domestic Product","Annual growth US$ per capita","%",2009,-6.337506
NA,"World","Gross Domestic Product","Annual growth US$ per capita","%",2010,8.109028
NA,"World","Gross Domestic Product","Annual growth US$ per capita","%",2011,9.849722
NA,"World","Gross Domestic Product","Annual growth US$ per capita","%",2012,0.24012
NA,"World","Gross Domestic Product","Annual growth US$ per capita","%",2013,1.603488
NA,"World","Gross Domestic Product","Annual growth US$ per capita","%",2014,1.277936
NA,"World","Gross Domestic Product","Annual growth US$ per capita","%",2015,-6.652963
NA,"World","Gross Domestic Product","Annual growth US$ per capita","%",2016,0.473355
NA,"World","Gross Domestic Product","Annual growth US$ per capita","%",2017,5.184698
NA,"World","Gross Domestic Product","Annual growth US$ per capita","%",2018,4.9802
NA,"World","Gross Domestic Product","Annual growth US$ per capita","%",2019,0.307844
NA,"World","Gross Domestic Product","Annual growth US$ per capita","%",2020,-3.546094
NA,"World","Gross Domestic Product","Annual growth US$ per capita","%",2021,13.158746
NA,"World","Gross Domestic Product","Annual growth US$ per capita","%",2022,2.962194
NA,"World","Gross Domestic Product","Annual growth US$ per capita","%",2023,3.371659
NA,"World","Gross Domestic Product","Annual growth US$ per capita","%",2024,3.735311
NA,"World","Gross Domestic Product","Annual growth US$, 2015 prices","%",1992,2.065511
NA,"World","Gross Domestic Product","Annual growth US$, 2015 prices","%",1993,1.7885
NA,"World","Gross Domestic Product","Annual growth US$, 2015 prices","%",1994,3.272892
NA,"World","Gross Domestic Product","Annual growth US$, 2015 prices","%",1995,3.067092
NA,"World","Gross Domestic Product","Annual growth US$, 2015 prices","%",1996,3.61436
NA,"World","Gross Domestic Product","Annual growth US$, 2015 prices","%",1997,3.972417
NA,"World","Gross Domestic Product","Annual growth US$, 2015 prices","%",1998,2.855397
NA,"World","Gross Domestic Product","Annual growth US$, 2015 prices","%",1999,3.536347
NA,"World","Gross Domestic Product","Annual growth US$, 2015 prices","%",2000,4.465241
NA,"World","Gross Domestic Product","Annual growth US$, 2015 prices","%",2001,2.105833
NA,"World","Gross Domestic Product","Annual growth US$, 2015 prices","%",2002,2.242363
NA,"World","Gross Domestic Product","Annual growth US$, 2015 prices","%",2003,3.075238
NA,"World","Gross Domestic Product","Annual growth US$, 2015 prices","%",2004,4.484847
NA,"World","Gross Domestic Product","Annual growth US$, 2015 prices","%",2005,4.059628
NA,"World","Gross Domestic Product","Annual growth US$, 2015 prices","%",2006,4.51606
NA,"World","Gross Domestic Product","Annual growth US$, 2015 prices","%",2007,4.42021
NA,"World","Gross Domestic Product","Annual growth US$, 2015 prices","%",2008,2.085926
NA,"World","Gross Domestic Product","Annual growth US$, 2015 prices","%",2009,-1.290314
NA,"World","Gross Domestic Product","Annual growth US$, 2015 prices","%",2010,4.504417
NA,"World","Gross Domestic Product","Annual growth US$, 2015 prices","%",2011,3.390703
NA,"World","Gross Domestic Product","Annual growth US$, 2015 prices","%",2012,2.721509
NA,"World","Gross Domestic Product","Annual growth US$, 2015 prices","%",2013,2.867719
NA,"World","Gross Domestic Product","Annual growth US$, 2015 prices","%",2014,3.089982
NA,"World","Gross Domestic Product","Annual growth US$, 2015 prices","%",2015,3.136383
NA,"World","Gross Domestic Product","Annual growth US$, 2015 prices","%",2016,2.732744
NA,"World","Gross Domestic Product","Annual growth US$, 2015 prices","%",2017,3.414489
NA,"World","Gross Domestic Product","Annual growth US$, 2015 prices","%",2018,3.216483
NA,"World","Gross Domestic Product","Annual growth US$, 2015 prices","%",2019,2.581396
NA,"World","Gross Domestic Product","Annual growth US$, 2015 prices","%",2020,-2.932616
NA,"World","Gross Domestic Product","Annual growth US$, 2015 prices","%",2021,6.414019
NA,"World","Gross Domestic Product","Annual growth US$, 2015 prices","%",2022,3.255521
NA,"World","Gross Domestic Product","Annual growth US$, 2015 prices","%",2023,2.814942
NA,"World","Gross Domestic Product","Annual growth US$, 2015 prices","%",2024,2.713442
NA,"World","Gross Domestic Product","Annual growth US$ per capita, 2015 prices","%",1992,-0.826484
NA,"World","Gross Domestic Product","Annual growth US$ per capita, 2015 prices","%",1993,-0.576956
NA,"World","Gross Domestic Product","Annual growth US$ per capita, 2015 prices","%",1994,1.737651
NA,"World","Gross Domestic Product","Annual growth US$ per capita, 2015 prices","%",1995,1.573734
NA,"World","Gross Domestic Product","Annual growth US$ per capita, 2015 prices","%",1996,2.149749
NA,"World","Gross Domestic Product","Annual growth US$ per capita, 2015 prices","%",1997,2.512484
NA,"World","Gross Domestic Product","Annual growth US$ per capita, 2015 prices","%",1998,1.441171
NA,"World","Gross Domestic Product","Annual growth US$ per capita, 2015 prices","%",1999,2.104942
NA,"World","Gross Domestic Product","Annual growth US$ per capita, 2015 prices","%",2000,3.762376
NA,"World","Gross Domestic Product","Annual growth US$ per capita, 2015 prices","%",2001,0.739183
NA,"World","Gross Domestic Product","Annual growth US$ per capita, 2015 prices","%",2002,0.899317
NA,"World","Gross Domestic Product","Annual growth US$ per capita, 2015 prices","%",2003,1.742559
NA,"World","Gross Domestic Product","Annual growth US$ per capita, 2015 prices","%",2004,3.142962
NA,"World","Gross Domestic Product","Annual growth US$ per capita, 2015 prices","%",2005,2.725584
NA,"World","Gross Domestic Product","Annual growth US$ per capita, 2015 prices","%",2006,3.126629
NA,"World","Gross Domestic Product","Annual growth US$ per capita, 2015 prices","%",2007,3.0905
NA,"World","Gross Domestic Product","Annual growth US$ per capita, 2015 prices","%",2008,1.302802
NA,"World","Gross Domestic Product","Annual growth US$ per capita, 2015 prices","%",2009,-2.549953
NA,"World","Gross Domestic Product","Annual growth US$ per capita, 2015 prices","%",2010,3.185126
NA,"World","Gross Domestic Product","Annual growth US$ per capita, 2015 prices","%",2011,2.108275
NA,"World","Gross Domestic Product","Annual growth US$ per capita, 2015 prices","%",2012,0.883902
NA,"World","Gross Domestic Product","Annual growth US$ per capita, 2015 prices","%",2013,1.592685
NA,"World","Gross Domestic Product","Annual growth US$ per capita, 2015 prices","%",2014,1.832266
NA,"World","Gross Domestic Product","Annual growth US$ per capita, 2015 prices","%",2015,1.906095
NA,"World","Gross Domestic Product","Annual growth US$ per capita, 2015 prices","%",2016,1.532568
NA,"World","Gross Domestic Product","Annual growth US$ per capita, 2015 prices","%",2017,2.233598
NA,"World","Gross Domestic Product","Annual growth US$ per capita, 2015 prices","%",2018,2.087586
NA,"World","Gross Domestic Product","Annual growth US$ per capita, 2015 prices","%",2019,1.509117
NA,"World","Gross Domestic Product","Annual growth US$ per capita, 2015 prices","%",2020,-3.867472
NA,"World","Gross Domestic Product","Annual growth US$ per capita, 2015 prices","%",2021,5.507481
NA,"World","Gross Domestic Product","Annual growth US$ per capita, 2015 prices","%",2022,2.389062
NA,"World","Gross Domestic Product","Annual growth US$ per capita, 2015 prices","%",2023,1.917299
NA,"World","Gross Domestic Product","Annual growth US$ per capita, 2015 prices","%",2024,1.825657
NA,"World","Value Added (Agriculture, Forestry and Fishing)","Value US$","million USD",1992,1055728.670257
NA,"World","Value Added (Agriculture, Forestry and Fishing)","Value US$","million USD",1993,1039110.573087
NA,"World","Value Added (Agriculture, Forestry and Fishing)","Value US$","million USD",1994,1076127.652533
NA,"World","Value Added (Agriculture, Forestry and Fishing)","Value US$","million USD",1995,1164110.794364
NA,"World","Value Added (Agriculture, Forestry and Fishing)","Value US$","million USD",1996,1230366.613213
NA,"World","Value Added (Agriculture, Forestry and Fishing)","Value US$","million USD",1997,1194500.378976
NA,"World","Value Added (Agriculture, Forestry and Fishing)","Value US$","million USD",1998,1149465.852013
NA,"World","Value Added (Agriculture, Forestry and Fishing)","Value US$","million USD",1999,1119534.887111
NA,"World","Value Added (Agriculture, Forestry and Fishing)","Value US$","million USD",2000,1103767.5294
NA,"World","Value Added (Agriculture, Forestry and Fishing)","Value US$","million USD",2001,1093393.737768
NA,"World","Value Added (Agriculture, Forestry and Fishing)","Value US$","million USD",2002,1131562.794917
NA,"World","Value Added (Agriculture, Forestry and Fishing)","Value US$","million USD",2003,1267845.814695
NA,"World","Value Added (Agriculture, Forestry and Fishing)","Value US$","million USD",2004,1455641.408864
NA,"World","Value Added (Agriculture, Forestry and Fishing)","Value US$","million USD",2005,1512705.137185
NA,"World","Value Added (Agriculture, Forestry and Fishing)","Value US$","million USD",2006,1631419.905399
NA,"World","Value Added (Agriculture, Forestry and Fishing)","Value US$","million USD",2007,1952554.949091
NA,"World","Value Added (Agriculture, Forestry and Fishing)","Value US$","million USD",2008,2258490.80348
NA,"World","Value Added (Agriculture, Forestry and Fishing)","Value US$","million USD",2009,2206562.233581
NA,"World","Value Added (Agriculture, Forestry and Fishing)","Value US$","million USD",2010,2562233.539292
NA,"World","Value Added (Agriculture, Forestry and Fishing)","Value US$","million USD",2011,2981608.552036
NA,"World","Value Added (Agriculture, Forestry and Fishing)","Value US$","million USD",2012,3082554.063413
NA,"World","Value Added (Agriculture, Forestry and Fishing)","Value US$","million USD",2013,3288475.202956
NA,"World","Value Added (Agriculture, Forestry and Fishing)","Value US$","million USD",2014,3320597.311231
NA,"World","Value Added (Agriculture, Forestry and Fishing)","Value US$","million USD",2015,3167095.264433
NA,"World","Value Added (Agriculture, Forestry and Fishing)","Value US$","million USD",2016,3178134.160489
NA,"World","Value Added (Agriculture, Forestry and Fishing)","Value US$","million USD",2017,3351951.318336
NA,"World","Value Added (Agriculture, Forestry and Fishing)","Value US$","million USD",2018,3384889.891962
NA,"World","Value Added (Agriculture, Forestry and Fishing)","Value US$","million USD",2019,3486073.970665
NA,"World","Value Added (Agriculture, Forestry and Fishing)","Value US$","million USD",2020,3673486.281458
NA,"World","Value Added (Agriculture, Forestry and Fishing)","Value US$","million USD",2021,4185262.644927
NA,"World","Value Added (Agriculture, Forestry and Fishing)","Value US$","million USD",2022,4370071.380635
NA,"World","Value Added (Agriculture, Forestry and Fishing)","Value US$","million USD",2023,4367907.161153
NA,"World","Value Added (Agriculture, Forestry and Fishing)","Value US$","million USD",2024,4508834.669607
NA,"World","Value Added (Agriculture, Forestry and Fishing)","Value US$, 2015 prices","million USD",1992,1668993.330976
NA,"World","Value Added (Agriculture, Forestry and Fishing)","Value US$, 2015 prices","million USD",1993,1680481.41531
NA,"World","Value Added (Agriculture, Forestry and Fishing)","Value US$, 2015 prices","million USD",1994,1713646.690451
NA,"World","Value Added (Agriculture, Forestry and Fishing)","Value US$, 2015 prices","million USD",1995,1746817.609748
NA,"World","Value Added (Agriculture, Forestry and Fishing)","Value US$, 2015 prices","million USD",1996,1833787.962863
NA,"World","Value Added (Agriculture, Forestry and Fishing)","Value US$, 2015 prices","million USD",1997,1867828.053159
NA,"World","Value Added (Agriculture, Forestry and Fishing)","Value US$, 2015 prices","million USD",1998,1914691.257952
NA,"World","Value Added (Agriculture, Forestry and Fishing)","Value US$, 2015 prices","million USD",1999,1968042.806699
NA,"World","Value Added (Agriculture, Forestry and Fishing)","Value US$, 2015 prices","million USD",2000,2031368.862622
NA,"World","Value Added (Agriculture, Forestry and Fishing)","Value US$, 2015 prices","million USD",2001,2074924.137133
NA,"World","Value Added (Agriculture, Forestry and Fishing)","Value US$, 2015 prices","million USD",2002,2120598.017575
NA,"World","Value Added (Agriculture, Forestry and Fishing)","Value US$, 2015 prices","million USD",2003,2190220.725533
NA,"World","Value Added (Agriculture, Forestry and Fishing)","Value US$, 2015 prices","million USD",2004,2286936.21153
NA,"World","Value Added (Agriculture, Forestry and Fishing)","Value US$, 2015 prices","million USD",2005,2363803.698804
NA,"World","Value Added (Agriculture, Forestry and Fishing)","Value US$, 2015 prices","million USD",2006,2440687.834794
NA,"World","Value Added (Agriculture, Forestry and Fishing)","Value US$, 2015 prices","million USD",2007,2487824.645279
NA,"World","Value Added (Agriculture, Forestry and Fishing)","Value US$, 2015 prices","million USD",2008,2576381.958739
NA,"World","Value Added (Agriculture, Forestry and Fishing)","Value US$, 2015 prices","million USD",2009,2638423.480905
NA,"World","Value Added (Agriculture, Forestry and Fishing)","Value US$, 2015 prices","million USD",2010,2718249.207938
NA,"World","Value Added (Agriculture, Forestry and Fishing)","Value US$, 2015 prices","million USD",2011,2826489.239264
NA,"World","Value Added (Agriculture, Forestry and Fishing)","Value US$, 2015 prices","million USD",2012,2870845.007867
NA,"World","Value Added (Agriculture, Forestry and Fishing)","Value US$, 2015 prices","million USD",2013,3004968.286804
NA,"World","Value Added (Agriculture, Forestry and Fishing)","Value US$, 2015 prices","million USD",2014,3093918.635994
NA,"World","Value Added (Agriculture, Forestry and Fishing)","Value US$, 2015 prices","million USD",2015,3167095.264433
NA,"World","Value Added (Agriculture, Forestry and Fishing)","Value US$, 2015 prices","million USD",2016,3245454.602627
NA,"World","Value Added (Agriculture, Forestry and Fishing)","Value US$, 2015 prices","million USD",2017,3367063.092283
NA,"World","Value Added (Agriculture, Forestry and Fishing)","Value US$, 2015 prices","million USD",2018,3440785.286556
NA,"World","Value Added (Agriculture, Forestry and Fishing)","Value US$, 2015 prices","million USD",2019,3534455.779415
NA,"World","Value Added (Agriculture, Forestry and Fishing)","Value US$, 2015 prices","million USD",2020,3612617.962998
NA,"World","Value Added (Agriculture, Forestry and Fishing)","Value US$, 2015 prices","million USD",2021,3764624.361399
NA,"World","Value Added (Agriculture, Forestry and Fishing)","Value US$, 2015 prices","million USD",2022,3869870.395227
NA,"World","Value Added (Agriculture, Forestry and Fishing)","Value US$, 2015 prices","million USD",2023,3972279.40574
NA,"World","Value Added (Agriculture, Forestry and Fishing)","Value US$, 2015 prices","million USD",2024,4089504.867322
NA,"World","Value Added (Agriculture, Forestry and Fishing)","Share of GDP US$","%",1992,4.102596
NA,"World","Value Added (Agriculture, Forestry and Fishing)","Share of GDP US$","%",1993,3.963168
NA,"World","Value Added (Agriculture, Forestry and Fishing)","Share of GDP US$","%",1994,3.848429
NA,"World","Value Added (Agriculture, Forestry and Fishing)","Share of GDP US$","%",1995,3.753823
NA,"World","Value Added (Agriculture, Forestry and Fishing)","Share of GDP US$","%",1996,3.884497
NA,"World","Value Added (Agriculture, Forestry and Fishing)","Share of GDP US$","%",1997,3.790277
NA,"World","Value Added (Agriculture, Forestry and Fishing)","Share of GDP US$","%",1998,3.666726
NA,"World","Value Added (Agriculture, Forestry and Fishing)","Share of GDP US$","%",1999,3.437734
NA,"World","Value Added (Agriculture, Forestry and Fishing)","Share of GDP US$","%",2000,3.292902
NA,"World","Value Added (Agriculture, Forestry and Fishing)","Share of GDP US$","%",2001,3.277318
NA,"World","Value Added (Agriculture, Forestry and Fishing)","Share of GDP US$","%",2002,3.260298
NA,"World","Value Added (Agriculture, Forestry and Fishing)","Share of GDP US$","%",2003,3.254078
NA,"World","Value Added (Agriculture, Forestry and Fishing)","Share of GDP US$","%",2004,3.317823
NA,"World","Value Added (Agriculture, Forestry and Fishing)","Share of GDP US$","%",2005,3.181937
NA,"World","Value Added (Agriculture, Forestry and Fishing)","Share of GDP US$","%",2006,3.165611
NA,"World","Value Added (Agriculture, Forestry and Fishing)","Share of GDP US$","%",2007,3.357982
NA,"World","Value Added (Agriculture, Forestry and Fishing)","Share of GDP US$","%",2008,3.5363
NA,"World","Value Added (Agriculture, Forestry and Fishing)","Share of GDP US$","%",2009,3.642148
NA,"World","Value Added (Agriculture, Forestry and Fishing)","Share of GDP US$","%",2010,3.862773
NA,"World","Value Added (Agriculture, Forestry and Fishing)","Share of GDP US$","%",2011,4.040814
NA,"World","Value Added (Agriculture, Forestry and Fishing)","Share of GDP US$","%",2012,4.093278
NA,"World","Value Added (Agriculture, Forestry and Fishing)","Share of GDP US$","%",2013,4.244927
NA,"World","Value Added (Agriculture, Forestry and Fishing)","Share of GDP US$","%",2014,4.180804
NA,"World","Value Added (Agriculture, Forestry and Fishing)","Share of GDP US$","%",2015,4.220376
NA,"World","Value Added (Agriculture, Forestry and Fishing)","Share of GDP US$","%",2016,4.165857
NA,"World","Value Added (Agriculture, Forestry and Fishing)","Share of GDP US$","%",2017,4.129514
NA,"World","Value Added (Agriculture, Forestry and Fishing)","Share of GDP US$","%",2018,3.928911
NA,"World","Value Added (Agriculture, Forestry and Fishing)","Share of GDP US$","%",2019,3.991746
NA,"World","Value Added (Agriculture, Forestry and Fishing)","Share of GDP US$","%",2020,4.317518
NA,"World","Value Added (Agriculture, Forestry and Fishing)","Share of GDP US$","%",2021,4.310106
NA,"World","Value Added (Agriculture, Forestry and Fishing)","Share of GDP US$","%",2022,4.333964
NA,"World","Value Added (Agriculture, Forestry and Fishing)","Share of GDP US$","%",2023,4.154755
NA,"World","Value Added (Agriculture, Forestry and Fishing)","Share of GDP US$","%",2024,4.098847
NA,"World","Value Added (Agriculture, Forestry and Fishing)","Share of GDP US$, 2015 prices","%",1992,4.509285
NA,"World","Value Added (Agriculture, Forestry and Fishing)","Share of GDP US$, 2015 prices","%",1993,4.460587
NA,"World","Value Added (Agriculture, Forestry and Fishing)","Share of GDP US$, 2015 prices","%",1994,4.404477
NA,"World","Value Added (Agriculture, Forestry and Fishing)","Share of GDP US$, 2015 prices","%",1995,4.356128
NA,"World","Value Added (Agriculture, Forestry and Fishing)","Share of GDP US$, 2015 prices","%",1996,4.413423
NA,"World","Value Added (Agriculture, Forestry and Fishing)","Share of GDP US$, 2015 prices","%",1997,4.323532
NA,"World","Value Added (Agriculture, Forestry and Fishing)","Share of GDP US$, 2015 prices","%",1998,4.308872
NA,"World","Value Added (Agriculture, Forestry and Fishing)","Share of GDP US$, 2015 prices","%",1999,4.27759
NA,"World","Value Added (Agriculture, Forestry and Fishing)","Share of GDP US$, 2015 prices","%",2000,4.22652
NA,"World","Value Added (Agriculture, Forestry and Fishing)","Share of GDP US$, 2015 prices","%",2001,4.228114
NA,"World","Value Added (Agriculture, Forestry and Fishing)","Share of GDP US$, 2015 prices","%",2002,4.226488
NA,"World","Value Added (Agriculture, Forestry and Fishing)","Share of GDP US$, 2015 prices","%",2003,4.235114
NA,"World","Value Added (Agriculture, Forestry and Fishing)","Share of GDP US$, 2015 prices","%",2004,4.232606
NA,"World","Value Added (Agriculture, Forestry and Fishing)","Share of GDP US$, 2015 prices","%",2005,4.204322
NA,"World","Value Added (Agriculture, Forestry and Fishing)","Share of GDP US$, 2015 prices","%",2006,4.153647
NA,"World","Value Added (Agriculture, Forestry and Fishing)","Share of GDP US$, 2015 prices","%",2007,4.054849
NA,"World","Value Added (Agriculture, Forestry and Fishing)","Share of GDP US$, 2015 prices","%",2008,4.113404
NA,"World","Value Added (Agriculture, Forestry and Fishing)","Share of GDP US$, 2015 prices","%",2009,4.267541
NA,"World","Value Added (Agriculture, Forestry and Fishing)","Share of GDP US$, 2015 prices","%",2010,4.207566
NA,"World","Value Added (Agriculture, Forestry and Fishing)","Share of GDP US$, 2015 prices","%",2011,4.232097
NA,"World","Value Added (Agriculture, Forestry and Fishing)","Share of GDP US$, 2015 prices","%",2012,4.184818
NA,"World","Value Added (Agriculture, Forestry and Fishing)","Share of GDP US$, 2015 prices","%",2013,4.258492
NA,"World","Value Added (Agriculture, Forestry and Fishing)","Share of GDP US$, 2015 prices","%",2014,4.252969
NA,"World","Value Added (Agriculture, Forestry and Fishing)","Share of GDP US$, 2015 prices","%",2015,4.220376
NA,"World","Value Added (Agriculture, Forestry and Fishing)","Share of GDP US$, 2015 prices","%",2016,4.209668
NA,"World","Value Added (Agriculture, Forestry and Fishing)","Share of GDP US$, 2015 prices","%",2017,4.223328
NA,"World","Value Added (Agriculture, Forestry and Fishing)","Share of GDP US$, 2015 prices","%",2018,4.181385
NA,"World","Value Added (Agriculture, Forestry and Fishing)","Share of GDP US$, 2015 prices","%",2019,4.187016
NA,"World","Value Added (Agriculture, Forestry and Fishing)","Share of GDP US$, 2015 prices","%",2020,4.407448
NA,"World","Value Added (Agriculture, Forestry and Fishing)","Share of GDP US$, 2015 prices","%",2021,4.31631
NA,"World","Value Added (Agriculture, Forestry and Fishing)","Share of GDP US$, 2015 prices","%",2022,4.296805
NA,"World","Value Added (Agriculture, Forestry and Fishing)","Share of GDP US$, 2015 prices","%",2023,4.29054
NA,"World","Value Added (Agriculture, Forestry and Fishing)","Share of GDP US$, 2015 prices","%",2024,4.300675
NA,"World","Value Added (Agriculture, Forestry and Fishing)","Annual growth US$","%",1992,-3.607728
NA,"World","Value Added (Agriculture, Forestry and Fishing)","Annual growth US$","%",1993,-1.574088
NA,"World","Value Added (Agriculture, Forestry and Fishing)","Annual growth US$","%",1994,3.562381
NA,"World","Value Added (Agriculture, Forestry and Fishing)","Annual growth US$","%",1995,8.175901
NA,"World","Value Added (Agriculture, Forestry and Fishing)","Annual growth US$","%",1996,5.691538
NA,"World","Value Added (Agriculture, Forestry and Fishing)","Annual growth US$","%",1997,-2.915086
NA,"World","Value Added (Agriculture, Forestry and Fishing)","Annual growth US$","%",1998,-3.770156
NA,"World","Value Added (Agriculture, Forestry and Fishing)","Annual growth US$","%",1999,-2.603903
NA,"World","Value Added (Agriculture, Forestry and Fishing)","Annual growth US$","%",2000,-1.408385
NA,"World","Value Added (Agriculture, Forestry and Fishing)","Annual growth US$","%",2001,-0.939853
NA,"World","Value Added (Agriculture, Forestry and Fishing)","Annual growth US$","%",2002,3.490879
NA,"World","Value Added (Agriculture, Forestry and Fishing)","Annual growth US$","%",2003,12.043787
NA,"World","Value Added (Agriculture, Forestry and Fishing)","Annual growth US$","%",2004,14.812179
NA,"World","Value Added (Agriculture, Forestry and Fishing)","Annual growth US$","%",2005,3.920177
NA,"World","Value Added (Agriculture, Forestry and Fishing)","Annual growth US$","%",2006,7.847845
NA,"World","Value Added (Agriculture, Forestry and Fishing)","Annual growth US$","%",2007,19.684389
NA,"World","Value Added (Agriculture, Forestry and Fishing)","Annual growth US$","%",2008,15.668488
NA,"World","Value Added (Agriculture, Forestry and Fishing)","Annual growth US$","%",2009,-2.29926
NA,"World","Value Added (Agriculture, Forestry and Fishing)","Annual growth US$","%",2010,16.118797
NA,"World","Value Added (Agriculture, Forestry and Fishing)","Annual growth US$","%",2011,16.367556
NA,"World","Value Added (Agriculture, Forestry and Fishing)","Annual growth US$","%",2012,3.385605
NA,"World","Value Added (Agriculture, Forestry and Fishing)","Annual growth US$","%",2013,6.680211
NA,"World","Value Added (Agriculture, Forestry and Fishing)","Annual growth US$","%",2014,0.976808
NA,"World","Value Added (Agriculture, Forestry and Fishing)","Annual growth US$","%",2015,-4.622724
NA,"World","Value Added (Agriculture, Forestry and Fishing)","Annual growth US$","%",2016,0.348549
NA,"World","Value Added (Agriculture, Forestry and Fishing)","Annual growth US$","%",2017,5.469157
NA,"World","Value Added (Agriculture, Forestry and Fishing)","Annual growth US$","%",2018,0.982668
NA,"World","Value Added (Agriculture, Forestry and Fishing)","Annual growth US$","%",2019,2.989287
NA,"World","Value Added (Agriculture, Forestry and Fishing)","Annual growth US$","%",2020,5.376027
NA,"World","Value Added (Agriculture, Forestry and Fishing)","Annual growth US$","%",2021,13.931625
NA,"World","Value Added (Agriculture, Forestry and Fishing)","Annual growth US$","%",2022,4.415702
NA,"World","Value Added (Agriculture, Forestry and Fishing)","Annual growth US$","%",2023,-0.049524
NA,"World","Value Added (Agriculture, Forestry and Fishing)","Annual growth US$","%",2024,3.22643
NA,"World","Value Added (Agriculture, Forestry and Fishing)","Annual growth US$, 2015 prices","%",1992,2.522123
NA,"World","Value Added (Agriculture, Forestry and Fishing)","Annual growth US$, 2015 prices","%",1993,0.688324
NA,"World","Value Added (Agriculture, Forestry and Fishing)","Annual growth US$, 2015 prices","%",1994,1.973557
NA,"World","Value Added (Agriculture, Forestry and Fishing)","Annual growth US$, 2015 prices","%",1995,1.935691
NA,"World","Value Added (Agriculture, Forestry and Fishing)","Annual growth US$, 2015 prices","%",1996,4.978788
NA,"World","Value Added (Agriculture, Forestry and Fishing)","Annual growth US$, 2015 prices","%",1997,1.856271
NA,"World","Value Added (Agriculture, Forestry and Fishing)","Annual growth US$, 2015 prices","%",1998,2.508967
NA,"World","Value Added (Agriculture, Forestry and Fishing)","Annual growth US$, 2015 prices","%",1999,2.78643
NA,"World","Value Added (Agriculture, Forestry and Fishing)","Annual growth US$, 2015 prices","%",2000,3.217717
NA,"World","Value Added (Agriculture, Forestry and Fishing)","Annual growth US$, 2015 prices","%",2001,2.144134
NA,"World","Value Added (Agriculture, Forestry and Fishing)","Annual growth US$, 2015 prices","%",2002,2.201231
NA,"World","Value Added (Agriculture, Forestry and Fishing)","Annual growth US$, 2015 prices","%",2003,3.283163
NA,"World","Value Added (Agriculture, Forestry and Fishing)","Annual growth US$, 2015 prices","%",2004,4.415787
NA,"World","Value Added (Agriculture, Forestry and Fishing)","Annual growth US$, 2015 prices","%",2005,3.361155
NA,"World","Value Added (Agriculture, Forestry and Fishing)","Annual growth US$, 2015 prices","%",2006,3.25256
NA,"World","Value Added (Agriculture, Forestry and Fishing)","Annual growth US$, 2015 prices","%",2007,1.931292
NA,"World","Value Added (Agriculture, Forestry and Fishing)","Annual growth US$, 2015 prices","%",2008,3.559628
NA,"World","Value Added (Agriculture, Forestry and Fishing)","Annual growth US$, 2015 prices","%",2009,2.408087
NA,"World","Value Added (Agriculture, Forestry and Fishing)","Annual growth US$, 2015 prices","%",2010,3.025508
NA,"World","Value Added (Agriculture, Forestry and Fishing)","Annual growth US$, 2015 prices","%",2011,3.981976
NA,"World","Value Added (Agriculture, Forestry and Fishing)","Annual growth US$, 2015 prices","%",2012,1.569288
NA,"World","Value Added (Agriculture, Forestry and Fishing)","Annual growth US$, 2015 prices","%",2013,4.671909
NA,"World","Value Added (Agriculture, Forestry and Fishing)","Annual growth US$, 2015 prices","%",2014,2.960109
NA,"World","Value Added (Agriculture, Forestry and Fishing)","Annual growth US$, 2015 prices","%",2015,2.365176
NA,"World","Value Added (Agriculture, Forestry and Fishing)","Annual growth US$, 2015 prices","%",2016,2.47417
NA,"World","Value Added (Agriculture, Forestry and Fishing)","Annual growth US$, 2015 prices","%",2017,3.74704
NA,"World","Value Added (Agriculture, Forestry and Fishing)","Annual growth US$, 2015 prices","%",2018,2.18951
NA,"World","Value Added (Agriculture, Forestry and Fishing)","Annual growth US$, 2015 prices","%",2019,2.722357
NA,"World","Value Added (Agriculture, Forestry and Fishing)","Annual growth US$, 2015 prices","%",2020,2.211434
NA,"World","Value Added (Agriculture, Forestry and Fishing)","Annual growth US$, 2015 prices","%",2021,4.207652
NA,"World","Value Added (Agriculture, Forestry and Fishing)","Annual growth US$, 2015 prices","%",2022,2.795658
NA,"World","Value Added (Agriculture, Forestry and Fishing)","Annual growth US$, 2015 prices","%",2023,2.646316
NA,"World","Value Added (Agriculture, Forestry and Fishing)","Annual growth US$, 2015 prices","%",2024,2.951088
NA,"World","Value Added (Total Manufacturing)","Value US$","million USD",1992,4844938.80805
NA,"World","Value Added (Total Manufacturing)","Value US$","million USD",1993,4773741.252667
NA,"World","Value Added (Total Manufacturing)","Value US$","million USD",1994,5100631.742132
NA,"World","Value Added (Total Manufacturing)","Value US$","million USD",1995,5624018.832997
NA,"World","Value Added (Total Manufacturing)","Value US$","million USD",1996,5563746.569142
NA,"World","Value Added (Total Manufacturing)","Value US$","million USD",1997,5454748.856631
NA,"World","Value Added (Total Manufacturing)","Value US$","million USD",1998,5270701.647614
NA,"World","Value Added (Total Manufacturing)","Value US$","million USD",1999,5406892.954425
NA,"World","Value Added (Total Manufacturing)","Value US$","million USD",2000,5528623.540158
NA,"World","Value Added (Total Manufacturing)","Value US$","million USD",2001,5190457.844117
NA,"World","Value Added (Total Manufacturing)","Value US$","million USD",2002,5248392.548496
NA,"World","Value Added (Total Manufacturing)","Value US$","million USD",2003,5835396.275101
NA,"World","Value Added (Total Manufacturing)","Value US$","million USD",2004,7151726.9075340005
NA,"World","Value Added (Total Manufacturing)","Value US$","million USD",2005,7656048.7615
NA,"World","Value Added (Total Manufacturing)","Value US$","million USD",2006,8286924.092059
NA,"World","Value Added (Total Manufacturing)","Value US$","million USD",2007,9338944.442844
NA,"World","Value Added (Total Manufacturing)","Value US$","million USD",2008,10121758.983499
NA,"World","Value Added (Total Manufacturing)","Value US$","million USD",2009,9266966.8807
NA,"World","Value Added (Total Manufacturing)","Value US$","million USD",2010,10485344.829759
NA,"World","Value Added (Total Manufacturing)","Value US$","million USD",2011,11722581.521856
NA,"World","Value Added (Total Manufacturing)","Value US$","million USD",2012,11960664.95349
NA,"World","Value Added (Total Manufacturing)","Value US$","million USD",2013,12202552.872751
NA,"World","Value Added (Total Manufacturing)","Value US$","million USD",2014,12605988.888537
NA,"World","Value Added (Total Manufacturing)","Value US$","million USD",2015,12143631.162606
NA,"World","Value Added (Total Manufacturing)","Value US$","million USD",2016,12172871.619203
NA,"World","Value Added (Total Manufacturing)","Value US$","million USD",2017,12899615.147341
NA,"World","Value Added (Total Manufacturing)","Value US$","million USD",2018,13822313.84658
NA,"World","Value Added (Total Manufacturing)","Value US$","million USD",2019,13666264.560224
NA,"World","Value Added (Total Manufacturing)","Value US$","million USD",2020,13255626.172269
NA,"World","Value Added (Total Manufacturing)","Value US$","million USD",2021,15647422.999748
NA,"World","Value Added (Total Manufacturing)","Value US$","million USD",2022,15983026.426208
NA,"World","Value Added (Total Manufacturing)","Value US$","million USD",2023,16309981.882439
NA,"World","Value Added (Total Manufacturing)","Value US$","million USD",2024,NA
NA,"World","Value Added (Total Manufacturing)","Value US$, 2015 prices","million USD",1992,5095600.69772
NA,"World","Value Added (Total Manufacturing)","Value US$, 2015 prices","million USD",1993,5059720.805108
NA,"World","Value Added (Total Manufacturing)","Value US$, 2015 prices","million USD",1994,5248945.842202
NA,"World","Value Added (Total Manufacturing)","Value US$, 2015 prices","million USD",1995,5513142.558728
NA,"World","Value Added (Total Manufacturing)","Value US$, 2015 prices","million USD",1996,5649110.720726
NA,"World","Value Added (Total Manufacturing)","Value US$, 2015 prices","million USD",1997,5916565.986087
NA,"World","Value Added (Total Manufacturing)","Value US$, 2015 prices","million USD",1998,5998937.725971
NA,"World","Value Added (Total Manufacturing)","Value US$, 2015 prices","million USD",1999,6201242.046376
NA,"World","Value Added (Total Manufacturing)","Value US$, 2015 prices","million USD",2000,6598024.481994
NA,"World","Value Added (Total Manufacturing)","Value US$, 2015 prices","million USD",2001,6551577.947901
NA,"World","Value Added (Total Manufacturing)","Value US$, 2015 prices","million USD",2002,6633013.147183
NA,"World","Value Added (Total Manufacturing)","Value US$, 2015 prices","million USD",2003,6864166.869503
NA,"World","Value Added (Total Manufacturing)","Value US$, 2015 prices","million USD",2004,8297475.896072
NA,"World","Value Added (Total Manufacturing)","Value US$, 2015 prices","million USD",2005,8657924.039255
NA,"World","Value Added (Total Manufacturing)","Value US$, 2015 prices","million USD",2006,9240520.593764
NA,"World","Value Added (Total Manufacturing)","Value US$, 2015 prices","million USD",2007,9792904.071061
NA,"World","Value Added (Total Manufacturing)","Value US$, 2015 prices","million USD",2008,9924166.062778
NA,"World","Value Added (Total Manufacturing)","Value US$, 2015 prices","million USD",2009,9323984.157816
NA,"World","Value Added (Total Manufacturing)","Value US$, 2015 prices","million USD",2010,10178598.218004
NA,"World","Value Added (Total Manufacturing)","Value US$, 2015 prices","million USD",2011,10620615.035956
NA,"World","Value Added (Total Manufacturing)","Value US$, 2015 prices","million USD",2012,10867788.420672
NA,"World","Value Added (Total Manufacturing)","Value US$, 2015 prices","million USD",2013,11229806.273206
NA,"World","Value Added (Total Manufacturing)","Value US$, 2015 prices","million USD",2014,11703545.594991
NA,"World","Value Added (Total Manufacturing)","Value US$, 2015 prices","million USD",2015,12143631.162606
NA,"World","Value Added (Total Manufacturing)","Value US$, 2015 prices","million USD",2016,12470229.54098
NA,"World","Value Added (Total Manufacturing)","Value US$, 2015 prices","million USD",2017,12906332.448681
NA,"World","Value Added (Total Manufacturing)","Value US$, 2015 prices","million USD",2018,13435040.275785
NA,"World","Value Added (Total Manufacturing)","Value US$, 2015 prices","million USD",2019,13642206.230987
NA,"World","Value Added (Total Manufacturing)","Value US$, 2015 prices","million USD",2020,13336383.300801
NA,"World","Value Added (Total Manufacturing)","Value US$, 2015 prices","million USD",2021,14552447.971666
NA,"World","Value Added (Total Manufacturing)","Value US$, 2015 prices","million USD",2022,14868098.700039
NA,"World","Value Added (Total Manufacturing)","Value US$, 2015 prices","million USD",2023,15121881.373028
NA,"World","Value Added (Total Manufacturing)","Value US$, 2015 prices","million USD",2024,NA
NA,"World","Value Added (Total Manufacturing)","Share of GDP US$","%",1992,19.189667
NA,"World","Value Added (Total Manufacturing)","Share of GDP US$","%",1993,18.641405
NA,"World","Value Added (Total Manufacturing)","Share of GDP US$","%",1994,18.610394
NA,"World","Value Added (Total Manufacturing)","Share of GDP US$","%",1995,18.569108
NA,"World","Value Added (Total Manufacturing)","Share of GDP US$","%",1996,18.052231
NA,"World","Value Added (Total Manufacturing)","Share of GDP US$","%",1997,17.847382
NA,"World","Value Added (Total Manufacturing)","Share of GDP US$","%",1998,17.378322
NA,"World","Value Added (Total Manufacturing)","Share of GDP US$","%",1999,17.17484
NA,"World","Value Added (Total Manufacturing)","Share of GDP US$","%",2000,17.107128
NA,"World","Value Added (Total Manufacturing)","Share of GDP US$","%",2001,16.203699
NA,"World","Value Added (Total Manufacturing)","Share of GDP US$","%",2002,15.786048
NA,"World","Value Added (Total Manufacturing)","Share of GDP US$","%",2003,15.638939
NA,"World","Value Added (Total Manufacturing)","Share of GDP US$","%",2004,16.295369
NA,"World","Value Added (Total Manufacturing)","Share of GDP US$","%",2005,16.098522
NA,"World","Value Added (Total Manufacturing)","Share of GDP US$","%",2006,16.073666
NA,"World","Value Added (Total Manufacturing)","Share of GDP US$","%",2007,16.054076
NA,"World","Value Added (Total Manufacturing)","Share of GDP US$","%",2008,15.841407
NA,"World","Value Added (Total Manufacturing)","Share of GDP US$","%",2009,15.288993
NA,"World","Value Added (Total Manufacturing)","Share of GDP US$","%",2010,15.799281
NA,"World","Value Added (Total Manufacturing)","Share of GDP US$","%",2011,15.877545
NA,"World","Value Added (Total Manufacturing)","Share of GDP US$","%",2012,15.871851
NA,"World","Value Added (Total Manufacturing)","Share of GDP US$","%",2013,15.739615
NA,"World","Value Added (Total Manufacturing)","Share of GDP US$","%",2014,15.85895
NA,"World","Value Added (Total Manufacturing)","Share of GDP US$","%",2015,16.170885
NA,"World","Value Added (Total Manufacturing)","Share of GDP US$","%",2016,15.944975
NA,"World","Value Added (Total Manufacturing)","Share of GDP US$","%",2017,15.880612
NA,"World","Value Added (Total Manufacturing)","Share of GDP US$","%",2018,16.032001
NA,"World","Value Added (Total Manufacturing)","Share of GDP US$","%",2019,15.637177
NA,"World","Value Added (Total Manufacturing)","Share of GDP US$","%",2020,15.573491
NA,"World","Value Added (Total Manufacturing)","Share of GDP US$","%",2021,16.107377
NA,"World","Value Added (Total Manufacturing)","Share of GDP US$","%",2022,15.845412
NA,"World","Value Added (Total Manufacturing)","Share of GDP US$","%",2023,15.505585
NA,"World","Value Added (Total Manufacturing)","Share of GDP US$","%",2024,NA
NA,"World","Value Added (Total Manufacturing)","Share of GDP US$, 2015 prices","%",1992,14.255112
NA,"World","Value Added (Total Manufacturing)","Share of GDP US$, 2015 prices","%",1993,13.965554
NA,"World","Value Added (Total Manufacturing)","Share of GDP US$, 2015 prices","%",1994,14.082359
NA,"World","Value Added (Total Manufacturing)","Share of GDP US$, 2015 prices","%",1995,14.399809
NA,"World","Value Added (Total Manufacturing)","Share of GDP US$, 2015 prices","%",1996,14.281844
NA,"World","Value Added (Total Manufacturing)","Share of GDP US$, 2015 prices","%",1997,14.423688
NA,"World","Value Added (Total Manufacturing)","Share of GDP US$, 2015 prices","%",1998,14.255586
NA,"World","Value Added (Total Manufacturing)","Share of GDP US$, 2015 prices","%",1999,14.265036
NA,"World","Value Added (Total Manufacturing)","Share of GDP US$, 2015 prices","%",2000,14.561972
NA,"World","Value Added (Total Manufacturing)","Share of GDP US$, 2015 prices","%",2001,14.214274
NA,"World","Value Added (Total Manufacturing)","Share of GDP US$, 2015 prices","%",2002,14.137377
NA,"World","Value Added (Total Manufacturing)","Share of GDP US$, 2015 prices","%",2003,14.260809
NA,"World","Value Added (Total Manufacturing)","Share of GDP US$, 2015 prices","%",2004,15.349412
NA,"World","Value Added (Total Manufacturing)","Share of GDP US$, 2015 prices","%",2005,15.391369
NA,"World","Value Added (Total Manufacturing)","Share of GDP US$, 2015 prices","%",2006,15.71727
NA,"World","Value Added (Total Manufacturing)","Share of GDP US$, 2015 prices","%",2007,15.951715
NA,"World","Value Added (Total Manufacturing)","Share of GDP US$, 2015 prices","%",2008,15.835217
NA,"World","Value Added (Total Manufacturing)","Share of GDP US$, 2015 prices","%",2009,15.07203
NA,"World","Value Added (Total Manufacturing)","Share of GDP US$, 2015 prices","%",2010,15.744307
NA,"World","Value Added (Total Manufacturing)","Share of GDP US$, 2015 prices","%",2011,15.889263
NA,"World","Value Added (Total Manufacturing)","Share of GDP US$, 2015 prices","%",2012,15.828286
NA,"World","Value Added (Total Manufacturing)","Share of GDP US$, 2015 prices","%",2013,15.899587
NA,"World","Value Added (Total Manufacturing)","Share of GDP US$, 2015 prices","%",2014,16.073653
NA,"World","Value Added (Total Manufacturing)","Share of GDP US$, 2015 prices","%",2015,16.170885
NA,"World","Value Added (Total Manufacturing)","Share of GDP US$, 2015 prices","%",2016,16.164072
NA,"World","Value Added (Total Manufacturing)","Share of GDP US$, 2015 prices","%",2017,16.176993
NA,"World","Value Added (Total Manufacturing)","Share of GDP US$, 2015 prices","%",2018,16.314917
NA,"World","Value Added (Total Manufacturing)","Share of GDP US$, 2015 prices","%",2019,16.149604
NA,"World","Value Added (Total Manufacturing)","Share of GDP US$, 2015 prices","%",2020,16.264549
NA,"World","Value Added (Total Manufacturing)","Share of GDP US$, 2015 prices","%",2021,16.677892
NA,"World","Value Added (Total Manufacturing)","Share of GDP US$, 2015 prices","%",2022,16.502405
NA,"World","Value Added (Total Manufacturing)","Share of GDP US$, 2015 prices","%",2023,16.324557
NA,"World","Value Added (Total Manufacturing)","Share of GDP US$, 2015 prices","%",2024,NA
NA,"World","Value Added (Total Manufacturing)","Annual growth US$","%",1992,3.385564
NA,"World","Value Added (Total Manufacturing)","Annual growth US$","%",1993,-1.469525
NA,"World","Value Added (Total Manufacturing)","Annual growth US$","%",1994,6.847679
NA,"World","Value Added (Total Manufacturing)","Annual growth US$","%",1995,10.26122
NA,"World","Value Added (Total Manufacturing)","Annual growth US$","%",1996,-1.071694
NA,"World","Value Added (Total Manufacturing)","Annual growth US$","%",1997,-1.959071
NA,"World","Value Added (Total Manufacturing)","Annual growth US$","%",1998,-3.374074
NA,"World","Value Added (Total Manufacturing)","Annual growth US$","%",1999,2.583931
NA,"World","Value Added (Total Manufacturing)","Annual growth US$","%",2000,2.251396
NA,"World","Value Added (Total Manufacturing)","Annual growth US$","%",2001,-6.116635
NA,"World","Value Added (Total Manufacturing)","Annual growth US$","%",2002,1.116177
NA,"World","Value Added (Total Manufacturing)","Annual growth US$","%",2003,11.184447
NA,"World","Value Added (Total Manufacturing)","Annual growth US$","%",2004,22.55769
NA,"World","Value Added (Total Manufacturing)","Annual growth US$","%",2005,7.051749
NA,"World","Value Added (Total Manufacturing)","Annual growth US$","%",2006,8.24022
NA,"World","Value Added (Total Manufacturing)","Annual growth US$","%",2007,12.694943
NA,"World","Value Added (Total Manufacturing)","Annual growth US$","%",2008,8.382259
NA,"World","Value Added (Total Manufacturing)","Annual growth US$","%",2009,-8.445095
NA,"World","Value Added (Total Manufacturing)","Annual growth US$","%",2010,13.147537
NA,"World","Value Added (Total Manufacturing)","Annual growth US$","%",2011,11.799675
NA,"World","Value Added (Total Manufacturing)","Annual growth US$","%",2012,2.030981
NA,"World","Value Added (Total Manufacturing)","Annual growth US$","%",2013,2.022361
NA,"World","Value Added (Total Manufacturing)","Annual growth US$","%",2014,3.30616
NA,"World","Value Added (Total Manufacturing)","Annual growth US$","%",2015,-3.667763
NA,"World","Value Added (Total Manufacturing)","Annual growth US$","%",2016,0.240788
NA,"World","Value Added (Total Manufacturing)","Annual growth US$","%",2017,5.970189
NA,"World","Value Added (Total Manufacturing)","Annual growth US$","%",2018,7.152916
NA,"World","Value Added (Total Manufacturing)","Annual growth US$","%",2019,-1.128967
NA,"World","Value Added (Total Manufacturing)","Annual growth US$","%",2020,-3.00476
NA,"World","Value Added (Total Manufacturing)","Annual growth US$","%",2021,18.043635
NA,"World","Value Added (Total Manufacturing)","Annual growth US$","%",2022,2.144784
NA,"World","Value Added (Total Manufacturing)","Annual growth US$","%",2023,2.045641
NA,"World","Value Added (Total Manufacturing)","Annual growth US$","%",2024,NA
NA,"World","Value Added (Total Manufacturing)","Annual growth US$, 2015 prices","%",1992,-0.569091
NA,"World","Value Added (Total Manufacturing)","Annual growth US$, 2015 prices","%",1993,-0.704135
NA,"World","Value Added (Total Manufacturing)","Annual growth US$, 2015 prices","%",1994,3.739831
NA,"World","Value Added (Total Manufacturing)","Annual growth US$, 2015 prices","%",1995,5.033329
NA,"World","Value Added (Total Manufacturing)","Annual growth US$, 2015 prices","%",1996,2.466255
NA,"World","Value Added (Total Manufacturing)","Annual growth US$, 2015 prices","%",1997,4.734466
NA,"World","Value Added (Total Manufacturing)","Annual growth US$, 2015 prices","%",1998,1.392222
NA,"World","Value Added (Total Manufacturing)","Annual growth US$, 2015 prices","%",1999,3.372335
NA,"World","Value Added (Total Manufacturing)","Annual growth US$, 2015 prices","%",2000,6.398434
NA,"World","Value Added (Total Manufacturing)","Annual growth US$, 2015 prices","%",2001,-0.703947
NA,"World","Value Added (Total Manufacturing)","Annual growth US$, 2015 prices","%",2002,1.242986
NA,"World","Value Added (Total Manufacturing)","Annual growth US$, 2015 prices","%",2003,3.484897
NA,"World","Value Added (Total Manufacturing)","Annual growth US$, 2015 prices","%",2004,20.881034
NA,"World","Value Added (Total Manufacturing)","Annual growth US$, 2015 prices","%",2005,4.344069
NA,"World","Value Added (Total Manufacturing)","Annual growth US$, 2015 prices","%",2006,6.729055
NA,"World","Value Added (Total Manufacturing)","Annual growth US$, 2015 prices","%",2007,5.977839
NA,"World","Value Added (Total Manufacturing)","Annual growth US$, 2015 prices","%",2008,1.340378
NA,"World","Value Added (Total Manufacturing)","Annual growth US$, 2015 prices","%",2009,-6.047681
NA,"World","Value Added (Total Manufacturing)","Annual growth US$, 2015 prices","%",2010,9.16576
NA,"World","Value Added (Total Manufacturing)","Annual growth US$, 2015 prices","%",2011,4.342609
NA,"World","Value Added (Total Manufacturing)","Annual growth US$, 2015 prices","%",2012,2.327298
NA,"World","Value Added (Total Manufacturing)","Annual growth US$, 2015 prices","%",2013,3.331108
NA,"World","Value Added (Total Manufacturing)","Annual growth US$, 2015 prices","%",2014,4.218588
NA,"World","Value Added (Total Manufacturing)","Annual growth US$, 2015 prices","%",2015,3.760275
NA,"World","Value Added (Total Manufacturing)","Annual growth US$, 2015 prices","%",2016,2.689462
NA,"World","Value Added (Total Manufacturing)","Annual growth US$, 2015 prices","%",2017,3.497152
NA,"World","Value Added (Total Manufacturing)","Annual growth US$, 2015 prices","%",2018,4.096499
NA,"World","Value Added (Total Manufacturing)","Annual growth US$, 2015 prices","%",2019,1.541982
NA,"World","Value Added (Total Manufacturing)","Annual growth US$, 2015 prices","%",2020,-2.241741
NA,"World","Value Added (Total Manufacturing)","Annual growth US$, 2015 prices","%",2021,9.118399
NA,"World","Value Added (Total Manufacturing)","Annual growth US$, 2015 prices","%",2022,2.169055
NA,"World","Value Added (Total Manufacturing)","Annual growth US$, 2015 prices","%",2023,1.706893
NA,"World","Value Added (Total Manufacturing)","Annual growth US$, 2015 prices","%",2024,NA
NA,"World","Value Added (Total Manufacturing)","Ratio of Value Added (Agriculture, Forestry and Fishing) US$","",1992,5.102713
NA,"World","Value Added (Total Manufacturing)","Ratio of Value Added (Agriculture, Forestry and Fishing) US$","",1993,5.198016
NA,"World","Value Added (Total Manufacturing)","Ratio of Value Added (Agriculture, Forestry and Fishing) US$","",1994,5.284626
NA,"World","Value Added (Total Manufacturing)","Ratio of Value Added (Agriculture, Forestry and Fishing) US$","",1995,5.519575
NA,"World","Value Added (Total Manufacturing)","Ratio of Value Added (Agriculture, Forestry and Fishing) US$","",1996,5.239294
NA,"World","Value Added (Total Manufacturing)","Ratio of Value Added (Agriculture, Forestry and Fishing) US$","",1997,5.345579
NA,"World","Value Added (Total Manufacturing)","Ratio of Value Added (Agriculture, Forestry and Fishing) US$","",1998,5.430218
NA,"World","Value Added (Total Manufacturing)","Ratio of Value Added (Agriculture, Forestry and Fishing) US$","",1999,5.744409
NA,"World","Value Added (Total Manufacturing)","Ratio of Value Added (Agriculture, Forestry and Fishing) US$","",2000,5.987461
NA,"World","Value Added (Total Manufacturing)","Ratio of Value Added (Agriculture, Forestry and Fishing) US$","",2001,5.748998
NA,"World","Value Added (Total Manufacturing)","Ratio of Value Added (Agriculture, Forestry and Fishing) US$","",2002,5.632035
NA,"World","Value Added (Total Manufacturing)","Ratio of Value Added (Agriculture, Forestry and Fishing) US$","",2003,5.51566
NA,"World","Value Added (Total Manufacturing)","Ratio of Value Added (Agriculture, Forestry and Fishing) US$","",2004,4.912671
NA,"World","Value Added (Total Manufacturing)","Ratio of Value Added (Agriculture, Forestry and Fishing) US$","",2005,5.060743
NA,"World","Value Added (Total Manufacturing)","Ratio of Value Added (Agriculture, Forestry and Fishing) US$","",2006,5.079121
NA,"World","Value Added (Total Manufacturing)","Ratio of Value Added (Agriculture, Forestry and Fishing) US$","",2007,4.782556
NA,"World","Value Added (Total Manufacturing)","Ratio of Value Added (Agriculture, Forestry and Fishing) US$","",2008,4.48137
NA,"World","Value Added (Total Manufacturing)","Ratio of Value Added (Agriculture, Forestry and Fishing) US$","",2009,4.199507
NA,"World","Value Added (Total Manufacturing)","Ratio of Value Added (Agriculture, Forestry and Fishing) US$","",2010,4.092079
NA,"World","Value Added (Total Manufacturing)","Ratio of Value Added (Agriculture, Forestry and Fishing) US$","",2011,3.931442
NA,"World","Value Added (Total Manufacturing)","Ratio of Value Added (Agriculture, Forestry and Fishing) US$","",2012,3.87994
NA,"World","Value Added (Total Manufacturing)","Ratio of Value Added (Agriculture, Forestry and Fishing) US$","",2013,3.710511
NA,"World","Value Added (Total Manufacturing)","Ratio of Value Added (Agriculture, Forestry and Fishing) US$","",2014,3.796126
NA,"World","Value Added (Total Manufacturing)","Ratio of Value Added (Agriculture, Forestry and Fishing) US$","",2015,3.83413
NA,"World","Value Added (Total Manufacturing)","Ratio of Value Added (Agriculture, Forestry and Fishing) US$","",2016,3.830025
NA,"World","Value Added (Total Manufacturing)","Ratio of Value Added (Agriculture, Forestry and Fishing) US$","",2017,3.848219
NA,"World","Value Added (Total Manufacturing)","Ratio of Value Added (Agriculture, Forestry and Fishing) US$","",2018,4.083363
NA,"World","Value Added (Total Manufacturing)","Ratio of Value Added (Agriculture, Forestry and Fishing) US$","",2019,3.92009
NA,"World","Value Added (Total Manufacturing)","Ratio of Value Added (Agriculture, Forestry and Fishing) US$","",2020,3.60834
NA,"World","Value Added (Total Manufacturing)","Ratio of Value Added (Agriculture, Forestry and Fishing) US$","",2021,3.738561
NA,"World","Value Added (Total Manufacturing)","Ratio of Value Added (Agriculture, Forestry and Fishing) US$","",2022,3.657258
NA,"World","Value Added (Total Manufacturing)","Ratio of Value Added (Agriculture, Forestry and Fishing) US$","",2023,3.733899
NA,"World","Value Added (Total Manufacturing)","Ratio of Value Added (Agriculture, Forestry and Fishing) US$","",2024,NA
NA,"World","Gross National Income","Value US$","million USD",1992,25526066.155462
NA,"World","Gross National Income","Value US$","million USD",1993,25978577.704247
NA,"World","Gross National Income","Value US$","million USD",1994,27729777.280832
NA,"World","Gross National Income","Value US$","million USD",1995,30757950.995854
NA,"World","Gross National Income","Value US$","million USD",1996,31455304.901449
NA,"World","Gross National Income","Value US$","million USD",1997,31364044.236193
NA,"World","Gross National Income","Value US$","million USD",1998,31244209.104791
NA,"World","Gross National Income","Value US$","million USD",1999,32437263.914398
NA,"World","Gross National Income","Value US$","million USD",2000,33491754.690851
NA,"World","Gross National Income","Value US$","million USD",2001,33346948.459457
NA,"World","Gross National Income","Value US$","million USD",2002,34635684.663161
NA,"World","Gross National Income","Value US$","million USD",2003,38885382.046827
NA,"World","Gross National Income","Value US$","million USD",2004,43824792.192695
NA,"World","Gross National Income","Value US$","million USD",2005,47505666.514004
NA,"World","Gross National Income","Value US$","million USD",2006,51621969.503175
NA,"World","Gross National Income","Value US$","million USD",2007,57958116.835648
NA,"World","Gross National Income","Value US$","million USD",2008,63390699.529011
NA,"World","Gross National Income","Value US$","million USD",2009,60237881.658179
NA,"World","Gross National Income","Value US$","million USD",2010,66103425.176972
NA,"World","Gross National Income","Value US$","million USD",2011,73585918.998395
NA,"World","Gross National Income","Value US$","million USD",2012,75277514.084475
NA,"World","Gross National Income","Value US$","million USD",2013,77278305.538116
NA,"World","Gross National Income","Value US$","million USD",2014,79464575.253488
NA,"World","Gross National Income","Value US$","million USD",2015,75002249.156
NA,"World","Gross National Income","Value US$","million USD",2016,76108317.885411
NA,"World","Gross National Income","Value US$","million USD",2017,81031955.057169
NA,"World","Gross National Income","Value US$","million USD",2018,85911443.460395
NA,"World","Gross National Income","Value US$","million USD",2019,87211531.831341
NA,"World","Gross National Income","Value US$","million USD",2020,84762268.098412
NA,"World","Gross National Income","Value US$","million USD",2021,96838029.173916
NA,"World","Gross National Income","Value US$","million USD",2022,100431133.912586
NA,"World","Gross National Income","Value US$","million USD",2023,104414848.508484
NA,"World","Gross National Income","Value US$","million USD",2024,NA
NA,"World","Gross National Income","Value US$ per capita","USD",1992,4670.96337
NA,"World","Gross National Income","Value US$ per capita","USD",1993,4635.908523
NA,"World","Gross National Income","Value US$ per capita","USD",1994,4873.644441
NA,"World","Gross National Income","Value US$ per capita","USD",1995,5324.213396
NA,"World","Gross National Income","Value US$ per capita","USD",1996,5369.612397
NA,"World","Gross National Income","Value US$ per capita","USD",1997,5283.739074
NA,"World","Gross National Income","Value US$ per capita","USD",1998,5190.220783
NA,"World","Gross National Income","Value US$ per capita","USD",1999,5316.890861
NA,"World","Gross National Income","Value US$ per capita","USD",2000,5454.574279
NA,"World","Gross National Income","Value US$ per capita","USD",2001,5357.885145
NA,"World","Gross National Income","Value US$ per capita","USD",2002,5491.381165
NA,"World","Gross National Income","Value US$ per capita","USD",2003,6084.941941
NA,"World","Gross National Income","Value US$ per capita","USD",2004,6769.829759
NA,"World","Gross National Income","Value US$ per capita","USD",2005,7244.609563
NA,"World","Gross National Income","Value US$ per capita","USD",2006,7767.545466
NA,"World","Gross National Income","Value US$ per capita","USD",2007,8609.914926
NA,"World","Gross National Income","Value US$ per capita","USD",2008,9345.999018
NA,"World","Gross National Income","Value US$ per capita","USD",2009,8768.829472
NA,"World","Gross National Income","Value US$ per capita","USD",2010,9499.984419
NA,"World","Gross National Income","Value US$ per capita","USD",2011,10442.251062
NA,"World","Gross National Income","Value US$ per capita","USD",2012,10491.816973
NA,"World","Gross National Income","Value US$ per capita","USD",2013,10637.083933
NA,"World","Gross National Income","Value US$ per capita","USD",2014,10804.570393
NA,"World","Gross National Income","Value US$ per capita","USD",2015,10076.193175
NA,"World","Gross National Income","Value US$ per capita","USD",2016,10105.337075
NA,"World","Gross National Income","Value US$ per capita","USD",2017,10636.218571
NA,"World","Gross National Income","Value US$ per capita","USD",2018,11153.362871
NA,"World","Gross National Income","Value US$ per capita","USD",2019,11203.795612
NA,"World","Gross National Income","Value US$ per capita","USD",2020,10784.272825
NA,"World","Gross National Income","Value US$ per capita","USD",2021,12215.708139
NA,"World","Gross National Income","Value US$ per capita","USD",2022,12562.652749
NA,"World","Gross National Income","Value US$ per capita","USD",2023,12946.933629
NA,"World","Gross National Income","Value US$ per capita","USD",2024,NA
NA,"World","Gross National Income","Annual growth US$","%",1992,6.841624
NA,"World","Gross National Income","Annual growth US$","%",1993,1.772742
NA,"World","Gross National Income","Annual growth US$","%",1994,6.740937
NA,"World","Gross National Income","Annual growth US$","%",1995,10.920295
NA,"World","Gross National Income","Annual growth US$","%",1996,2.267231
NA,"World","Gross National Income","Annual growth US$","%",1997,-0.290129
NA,"World","Gross National Income","Annual growth US$","%",1998,-0.382079
NA,"World","Gross National Income","Annual growth US$","%",1999,3.818482
NA,"World","Gross National Income","Annual growth US$","%",2000,3.250862
NA,"World","Gross National Income","Annual growth US$","%",2001,-0.432364
NA,"World","Gross National Income","Annual growth US$","%",2002,3.86463
NA,"World","Gross National Income","Annual growth US$","%",2003,12.269708
NA,"World","Gross National Income","Annual growth US$","%",2004,12.702485
NA,"World","Gross National Income","Annual growth US$","%",2005,8.399068
NA,"World","Gross National Income","Annual growth US$","%",2006,8.664867
NA,"World","Gross National Income","Annual growth US$","%",2007,12.274129
NA,"World","Gross National Income","Annual growth US$","%",2008,9.37329
NA,"World","Gross National Income","Annual growth US$","%",2009,-4.973629
NA,"World","Gross National Income","Annual growth US$","%",2010,9.7373
NA,"World","Gross National Income","Annual growth US$","%",2011,11.319373
NA,"World","Gross National Income","Annual growth US$","%",2012,2.298802
NA,"World","Gross National Income","Annual growth US$","%",2013,2.657887
NA,"World","Gross National Income","Annual growth US$","%",2014,2.829085
NA,"World","Gross National Income","Annual growth US$","%",2015,-5.615492
NA,"World","Gross National Income","Annual growth US$","%",2016,1.474714
NA,"World","Gross National Income","Annual growth US$","%",2017,6.469249
NA,"World","Gross National Income","Annual growth US$","%",2018,6.021684
NA,"World","Gross National Income","Annual growth US$","%",2019,1.513288
NA,"World","Gross National Income","Annual growth US$","%",2020,-2.808418
NA,"World","Gross National Income","Annual growth US$","%",2021,14.246623
NA,"World","Gross National Income","Annual growth US$","%",2022,3.710427
NA,"World","Gross National Income","Annual growth US$","%",2023,3.966613
NA,"World","Gross National Income","Annual growth US$","%",2024,NA
NA,"World","Gross National Income","Annual growth US$ per capita","%",1992,2.591145
NA,"World","Gross National Income","Annual growth US$ per capita","%",1993,-0.750485
NA,"World","Gross National Income","Annual growth US$ per capita","%",1994,5.12814
NA,"World","Gross National Income","Annual growth US$ per capita","%",1995,9.24501
NA,"World","Gross National Income","Annual growth US$ per capita","%",1996,0.852689
NA,"World","Gross National Income","Annual growth US$ per capita","%",1997,-1.599247
NA,"World","Gross National Income","Annual growth US$ per capita","%",1998,-1.769927
NA,"World","Gross National Income","Annual growth US$ per capita","%",1999,2.440552
NA,"World","Gross National Income","Annual growth US$ per capita","%",2000,2.589547
NA,"World","Gross National Income","Annual growth US$ per capita","%",2001,-1.772625
NA,"World","Gross National Income","Annual growth US$ per capita","%",2002,2.49158
NA,"World","Gross National Income","Annual growth US$ per capita","%",2003,10.808952
NA,"World","Gross National Income","Annual growth US$ per capita","%",2004,11.255453
NA,"World","Gross National Income","Annual growth US$ per capita","%",2005,7.013171
NA,"World","Gross National Income","Annual growth US$ per capita","%",2006,7.218275
NA,"World","Gross National Income","Annual growth US$ per capita","%",2007,10.844731
NA,"World","Gross National Income","Annual growth US$ per capita","%",2008,8.54926
NA,"World","Gross National Income","Annual growth US$ per capita","%",2009,-6.175579
NA,"World","Gross National Income","Annual growth US$ per capita","%",2010,8.338113
NA,"World","Gross National Income","Annual growth US$ per capita","%",2011,9.918612
NA,"World","Gross National Income","Annual growth US$ per capita","%",2012,0.474666
NA,"World","Gross National Income","Annual growth US$ per capita","%",2013,1.384573
NA,"World","Gross National Income","Annual growth US$ per capita","%",2014,1.574552
NA,"World","Gross National Income","Annual growth US$ per capita","%",2015,-6.741381
NA,"World","Gross National Income","Annual growth US$ per capita","%",2016,0.289235
NA,"World","Gross National Income","Annual growth US$ per capita","%",2017,5.253476
NA,"World","Gross National Income","Annual growth US$ per capita","%",2018,4.862106
NA,"World","Gross National Income","Annual growth US$ per capita","%",2019,0.452175
NA,"World","Gross National Income","Annual growth US$ per capita","%",2020,-3.744471
NA,"World","Gross National Income","Annual growth US$ per capita","%",2021,13.273359
NA,"World","Gross National Income","Annual growth US$ per capita","%",2022,2.840151
NA,"World","Gross National Income","Annual growth US$ per capita","%",2023,3.058915
NA,"World","Gross National Income","Annual growth US$ per capita","%",2024,NA
